ano,nivel,regiao,uf,sigla,capitulo,obitos,intervalo_codigos,descricao
2016,Regiao,Região Norte,,,Cap I,4279,A00–B99,Algumas doenças infecciosas e parasitárias
2016,Estado,Região Norte,Rondônia,RO,Cap I,408,A00–B99,Algumas doenças infecciosas e parasitárias
2016,Estado,Região Norte,Acre,AC,Cap I,191,A00–B99,Algumas doenças infecciosas e parasitárias
2016,Estado,Região Norte,Amazonas,AM,Cap I,1136,A00–B99,Algumas doenças infecciosas e parasitárias
2016,Estado,Região Norte,Roraima,RR,Cap I,117,A00–B99,Algumas doenças infecciosas e parasitárias
2016,Estado,Região Norte,Pará,PA,Cap I,2046,A00–B99,Algumas doenças infecciosas e parasitárias
2016,Estado,Região Norte,Amapá,AP,Cap I,156,A00–B99,Algumas doenças infecciosas e parasitárias
2016,Estado,Região Norte,Tocantins,TO,Cap I,225,A00–B99,Algumas doenças infecciosas e parasitárias
2016,Regiao,Região Nordeste,,,Cap I,15769,A00–B99,Algumas doenças infecciosas e parasitárias
2016,Estado,Região Nordeste,Maranhão,MA,Cap I,1736,A00–B99,Algumas doenças infecciosas e parasitárias
2016,Estado,Região Nordeste,Piauí,PI,Cap I,681,A00–B99,Algumas doenças infecciosas e parasitárias
2016,Estado,Região Nordeste,Ceará,CE,Cap I,2154,A00–B99,Algumas doenças infecciosas e parasitárias
2016,Estado,Região Nordeste,Rio Grande do Norte,RN,Cap I,1046,A00–B99,Algumas doenças infecciosas e parasitárias
2016,Estado,Região Nordeste,Paraíba,PB,Cap I,1260,A00–B99,Algumas doenças infecciosas e parasitárias
2016,Estado,Região Nordeste,Pernambuco,PE,Cap I,3377,A00–B99,Algumas doenças infecciosas e parasitárias
2016,Estado,Região Nordeste,Alagoas,AL,Cap I,1013,A00–B99,Algumas doenças infecciosas e parasitárias
2016,Estado,Região Nordeste,Sergipe,SE,Cap I,538,A00–B99,Algumas doenças infecciosas e parasitárias
2016,Estado,Região Nordeste,Bahia,BA,Cap I,3964,A00–B99,Algumas doenças infecciosas e parasitárias
2016,Regiao,Região Sudeste,,,Cap I,25891,A00–B99,Algumas doenças infecciosas e parasitárias
2016,Estado,Região Sudeste,Minas Gerais,MG,Cap I,6422,A00–B99,Algumas doenças infecciosas e parasitárias
2016,Estado,Região Sudeste,Espírito Santo,ES,Cap I,704,A00–B99,Algumas doenças infecciosas e parasitárias
2016,Estado,Região Sudeste,Rio de Janeiro,RJ,Cap I,8051,A00–B99,Algumas doenças infecciosas e parasitárias
2016,Estado,Região Sudeste,São Paulo,SP,Cap I,10714,A00–B99,Algumas doenças infecciosas e parasitárias
2016,Regiao,Região Sul,,,Cap I,7531,A00–B99,Algumas doenças infecciosas e parasitárias
2016,Estado,Região Sul,Paraná,PR,Cap I,2491,A00–B99,Algumas doenças infecciosas e parasitárias
2016,Estado,Região Sul,Santa Catarina,SC,Cap I,1521,A00–B99,Algumas doenças infecciosas e parasitárias
2016,Estado,Região Sul,Rio Grande do Sul,RS,Cap I,3519,A00–B99,Algumas doenças infecciosas e parasitárias
2016,Regiao,Região Centro-Oeste,,,Cap I,3718,A00–B99,Algumas doenças infecciosas e parasitárias
2016,Estado,Região Centro-Oeste,Mato Grosso do Sul,MS,Cap I,650,A00–B99,Algumas doenças infecciosas e parasitárias
2016,Estado,Região Centro-Oeste,Mato Grosso,MT,Cap I,797,A00–B99,Algumas doenças infecciosas e parasitárias
2016,Estado,Região Centro-Oeste,Goiás,GO,Cap I,1751,A00–B99,Algumas doenças infecciosas e parasitárias
2016,Estado,Região Centro-Oeste,Distrito Federal,DF,Cap I,520,A00–B99,Algumas doenças infecciosas e parasitárias
2017,Regiao,Região Norte,,,Cap I,4071,A00–B99,Algumas doenças infecciosas e parasitárias
2017,Estado,Região Norte,Rondônia,RO,Cap I,398,A00–B99,Algumas doenças infecciosas e parasitárias
2017,Estado,Região Norte,Acre,AC,Cap I,156,A00–B99,Algumas doenças infecciosas e parasitárias
2017,Estado,Região Norte,Amazonas,AM,Cap I,1007,A00–B99,Algumas doenças infecciosas e parasitárias
2017,Estado,Região Norte,Roraima,RR,Cap I,100,A00–B99,Algumas doenças infecciosas e parasitárias
2017,Estado,Região Norte,Pará,PA,Cap I,1984,A00–B99,Algumas doenças infecciosas e parasitárias
2017,Estado,Região Norte,Amapá,AP,Cap I,160,A00–B99,Algumas doenças infecciosas e parasitárias
2017,Estado,Região Norte,Tocantins,TO,Cap I,266,A00–B99,Algumas doenças infecciosas e parasitárias
2017,Regiao,Região Nordeste,,,Cap I,14914,A00–B99,Algumas doenças infecciosas e parasitárias
2017,Estado,Região Nordeste,Maranhão,MA,Cap I,1646,A00–B99,Algumas doenças infecciosas e parasitárias
2017,Estado,Região Nordeste,Piauí,PI,Cap I,718,A00–B99,Algumas doenças infecciosas e parasitárias
2017,Estado,Região Nordeste,Ceará,CE,Cap I,2525,A00–B99,Algumas doenças infecciosas e parasitárias
2017,Estado,Região Nordeste,Rio Grande do Norte,RN,Cap I,806,A00–B99,Algumas doenças infecciosas e parasitárias
2017,Estado,Região Nordeste,Paraíba,PB,Cap I,1007,A00–B99,Algumas doenças infecciosas e parasitárias
2017,Estado,Região Nordeste,Pernambuco,PE,Cap I,2798,A00–B99,Algumas doenças infecciosas e parasitárias
2017,Estado,Região Nordeste,Alagoas,AL,Cap I,1009,A00–B99,Algumas doenças infecciosas e parasitárias
2017,Estado,Região Nordeste,Sergipe,SE,Cap I,529,A00–B99,Algumas doenças infecciosas e parasitárias
2017,Estado,Região Nordeste,Bahia,BA,Cap I,3876,A00–B99,Algumas doenças infecciosas e parasitárias
2017,Regiao,Região Sudeste,,,Cap I,25030,A00–B99,Algumas doenças infecciosas e parasitárias
2017,Estado,Região Sudeste,Minas Gerais,MG,Cap I,6097,A00–B99,Algumas doenças infecciosas e parasitárias
2017,Estado,Região Sudeste,Espírito Santo,ES,Cap I,766,A00–B99,Algumas doenças infecciosas e parasitárias
2017,Estado,Região Sudeste,Rio de Janeiro,RJ,Cap I,7466,A00–B99,Algumas doenças infecciosas e parasitárias
2017,Estado,Região Sudeste,São Paulo,SP,Cap I,10701,A00–B99,Algumas doenças infecciosas e parasitárias
2017,Regiao,Região Sul,,,Cap I,7188,A00–B99,Algumas doenças infecciosas e parasitárias
2017,Estado,Região Sul,Paraná,PR,Cap I,2208,A00–B99,Algumas doenças infecciosas e parasitárias
2017,Estado,Região Sul,Santa Catarina,SC,Cap I,1413,A00–B99,Algumas doenças infecciosas e parasitárias
2017,Estado,Região Sul,Rio Grande do Sul,RS,Cap I,3567,A00–B99,Algumas doenças infecciosas e parasitárias
2017,Regiao,Região Centro-Oeste,,,Cap I,3671,A00–B99,Algumas doenças infecciosas e parasitárias
2017,Estado,Região Centro-Oeste,Mato Grosso do Sul,MS,Cap I,594,A00–B99,Algumas doenças infecciosas e parasitárias
2017,Estado,Região Centro-Oeste,Mato Grosso,MT,Cap I,741,A00–B99,Algumas doenças infecciosas e parasitárias
2017,Estado,Região Centro-Oeste,Goiás,GO,Cap I,1778,A00–B99,Algumas doenças infecciosas e parasitárias
2017,Estado,Região Centro-Oeste,Distrito Federal,DF,Cap I,558,A00–B99,Algumas doenças infecciosas e parasitárias
2018,Regiao,Região Norte,,,Cap I,4248,A00–B99,Algumas doenças infecciosas e parasitárias
2018,Estado,Região Norte,Rondônia,RO,Cap I,395,A00–B99,Algumas doenças infecciosas e parasitárias
2018,Estado,Região Norte,Acre,AC,Cap I,192,A00–B99,Algumas doenças infecciosas e parasitárias
2018,Estado,Região Norte,Amazonas,AM,Cap I,974,A00–B99,Algumas doenças infecciosas e parasitárias
2018,Estado,Região Norte,Roraima,RR,Cap I,144,A00–B99,Algumas doenças infecciosas e parasitárias
2018,Estado,Região Norte,Pará,PA,Cap I,2128,A00–B99,Algumas doenças infecciosas e parasitárias
2018,Estado,Região Norte,Amapá,AP,Cap I,162,A00–B99,Algumas doenças infecciosas e parasitárias
2018,Estado,Região Norte,Tocantins,TO,Cap I,253,A00–B99,Algumas doenças infecciosas e parasitárias
2018,Regiao,Região Nordeste,,,Cap I,14443,A00–B99,Algumas doenças infecciosas e parasitárias
2018,Estado,Região Nordeste,Maranhão,MA,Cap I,1682,A00–B99,Algumas doenças infecciosas e parasitárias
2018,Estado,Região Nordeste,Piauí,PI,Cap I,740,A00–B99,Algumas doenças infecciosas e parasitárias
2018,Estado,Região Nordeste,Ceará,CE,Cap I,2265,A00–B99,Algumas doenças infecciosas e parasitárias
2018,Estado,Região Nordeste,Rio Grande do Norte,RN,Cap I,878,A00–B99,Algumas doenças infecciosas e parasitárias
2018,Estado,Região Nordeste,Paraíba,PB,Cap I,1061,A00–B99,Algumas doenças infecciosas e parasitárias
2018,Estado,Região Nordeste,Pernambuco,PE,Cap I,2744,A00–B99,Algumas doenças infecciosas e parasitárias
2018,Estado,Região Nordeste,Alagoas,AL,Cap I,854,A00–B99,Algumas doenças infecciosas e parasitárias
2018,Estado,Região Nordeste,Sergipe,SE,Cap I,514,A00–B99,Algumas doenças infecciosas e parasitárias
2018,Estado,Região Nordeste,Bahia,BA,Cap I,3705,A00–B99,Algumas doenças infecciosas e parasitárias
2018,Regiao,Região Sudeste,,,Cap I,25240,A00–B99,Algumas doenças infecciosas e parasitárias
2018,Estado,Região Sudeste,Minas Gerais,MG,Cap I,6170,A00–B99,Algumas doenças infecciosas e parasitárias
2018,Estado,Região Sudeste,Espírito Santo,ES,Cap I,668,A00–B99,Algumas doenças infecciosas e parasitárias
2018,Estado,Região Sudeste,Rio de Janeiro,RJ,Cap I,8021,A00–B99,Algumas doenças infecciosas e parasitárias
2018,Estado,Região Sudeste,São Paulo,SP,Cap I,10381,A00–B99,Algumas doenças infecciosas e parasitárias
2018,Regiao,Região Sul,,,Cap I,6974,A00–B99,Algumas doenças infecciosas e parasitárias
2018,Estado,Região Sul,Paraná,PR,Cap I,2163,A00–B99,Algumas doenças infecciosas e parasitárias
2018,Estado,Região Sul,Santa Catarina,SC,Cap I,1435,A00–B99,Algumas doenças infecciosas e parasitárias
2018,Estado,Região Sul,Rio Grande do Sul,RS,Cap I,3376,A00–B99,Algumas doenças infecciosas e parasitárias
2018,Regiao,Região Centro-Oeste,,,Cap I,3774,A00–B99,Algumas doenças infecciosas e parasitárias
2018,Estado,Região Centro-Oeste,Mato Grosso do Sul,MS,Cap I,555,A00–B99,Algumas doenças infecciosas e parasitárias
2018,Estado,Região Centro-Oeste,Mato Grosso,MT,Cap I,836,A00–B99,Algumas doenças infecciosas e parasitárias
2018,Estado,Região Centro-Oeste,Goiás,GO,Cap I,1802,A00–B99,Algumas doenças infecciosas e parasitárias
2018,Estado,Região Centro-Oeste,Distrito Federal,DF,Cap I,581,A00–B99,Algumas doenças infecciosas e parasitárias
2019,Regiao,Região Norte,,,Cap I,4221,A00–B99,Algumas doenças infecciosas e parasitárias
2019,Estado,Região Norte,Rondônia,RO,Cap I,340,A00–B99,Algumas doenças infecciosas e parasitárias
2019,Estado,Região Norte,Acre,AC,Cap I,192,A00–B99,Algumas doenças infecciosas e parasitárias
2019,Estado,Região Norte,Amazonas,AM,Cap I,983,A00–B99,Algumas doenças infecciosas e parasitárias
2019,Estado,Região Norte,Roraima,RR,Cap I,130,A00–B99,Algumas doenças infecciosas e parasitárias
2019,Estado,Região Norte,Pará,PA,Cap I,2164,A00–B99,Algumas doenças infecciosas e parasitárias
2019,Estado,Região Norte,Amapá,AP,Cap I,184,A00–B99,Algumas doenças infecciosas e parasitárias
2019,Estado,Região Norte,Tocantins,TO,Cap I,228,A00–B99,Algumas doenças infecciosas e parasitárias
2019,Regiao,Região Nordeste,,,Cap I,15222,A00–B99,Algumas doenças infecciosas e parasitárias
2019,Estado,Região Nordeste,Maranhão,MA,Cap I,1734,A00–B99,Algumas doenças infecciosas e parasitárias
2019,Estado,Região Nordeste,Piauí,PI,Cap I,754,A00–B99,Algumas doenças infecciosas e parasitárias
2019,Estado,Região Nordeste,Ceará,CE,Cap I,2375,A00–B99,Algumas doenças infecciosas e parasitárias
2019,Estado,Região Nordeste,Rio Grande do Norte,RN,Cap I,884,A00–B99,Algumas doenças infecciosas e parasitárias
2019,Estado,Região Nordeste,Paraíba,PB,Cap I,1092,A00–B99,Algumas doenças infecciosas e parasitárias
2019,Estado,Região Nordeste,Pernambuco,PE,Cap I,2905,A00–B99,Algumas doenças infecciosas e parasitárias
2019,Estado,Região Nordeste,Alagoas,AL,Cap I,916,A00–B99,Algumas doenças infecciosas e parasitárias
2019,Estado,Região Nordeste,Sergipe,SE,Cap I,574,A00–B99,Algumas doenças infecciosas e parasitárias
2019,Estado,Região Nordeste,Bahia,BA,Cap I,3988,A00–B99,Algumas doenças infecciosas e parasitárias
2019,Regiao,Região Sudeste,,,Cap I,25701,A00–B99,Algumas doenças infecciosas e parasitárias
2019,Estado,Região Sudeste,Minas Gerais,MG,Cap I,6290,A00–B99,Algumas doenças infecciosas e parasitárias
2019,Estado,Região Sudeste,Espírito Santo,ES,Cap I,708,A00–B99,Algumas doenças infecciosas e parasitárias
2019,Estado,Região Sudeste,Rio de Janeiro,RJ,Cap I,8147,A00–B99,Algumas doenças infecciosas e parasitárias
2019,Estado,Região Sudeste,São Paulo,SP,Cap I,10556,A00–B99,Algumas doenças infecciosas e parasitárias
2019,Regiao,Região Sul,,,Cap I,7571,A00–B99,Algumas doenças infecciosas e parasitárias
2019,Estado,Região Sul,Paraná,PR,Cap I,2330,A00–B99,Algumas doenças infecciosas e parasitárias
2019,Estado,Região Sul,Santa Catarina,SC,Cap I,1602,A00–B99,Algumas doenças infecciosas e parasitárias
2019,Estado,Região Sul,Rio Grande do Sul,RS,Cap I,3639,A00–B99,Algumas doenças infecciosas e parasitárias
2019,Regiao,Região Centro-Oeste,,,Cap I,3951,A00–B99,Algumas doenças infecciosas e parasitárias
2019,Estado,Região Centro-Oeste,Mato Grosso do Sul,MS,Cap I,635,A00–B99,Algumas doenças infecciosas e parasitárias
2019,Estado,Região Centro-Oeste,Mato Grosso,MT,Cap I,828,A00–B99,Algumas doenças infecciosas e parasitárias
2019,Estado,Região Centro-Oeste,Goiás,GO,Cap I,1833,A00–B99,Algumas doenças infecciosas e parasitárias
2019,Estado,Região Centro-Oeste,Distrito Federal,DF,Cap I,655,A00–B99,Algumas doenças infecciosas e parasitárias
2020,Regiao,Região Norte,,,Cap I,24113,A00–B99,Algumas doenças infecciosas e parasitárias
2020,Estado,Região Norte,Rondônia,RO,Cap I,2212,A00–B99,Algumas doenças infecciosas e parasitárias
2020,Estado,Região Norte,Acre,AC,Cap I,1006,A00–B99,Algumas doenças infecciosas e parasitárias
2020,Estado,Região Norte,Amazonas,AM,Cap I,6972,A00–B99,Algumas doenças infecciosas e parasitárias
2020,Estado,Região Norte,Roraima,RR,Cap I,959,A00–B99,Algumas doenças infecciosas e parasitárias
2020,Estado,Região Norte,Pará,PA,Cap I,10184,A00–B99,Algumas doenças infecciosas e parasitárias
2020,Estado,Região Norte,Amapá,AP,Cap I,1292,A00–B99,Algumas doenças infecciosas e parasitárias
2020,Estado,Região Norte,Tocantins,TO,Cap I,1488,A00–B99,Algumas doenças infecciosas e parasitárias
2020,Regiao,Região Nordeste,,,Cap I,69227,A00–B99,Algumas doenças infecciosas e parasitárias
2020,Estado,Região Nordeste,Maranhão,MA,Cap I,6733,A00–B99,Algumas doenças infecciosas e parasitárias
2020,Estado,Região Nordeste,Piauí,PI,Cap I,3566,A00–B99,Algumas doenças infecciosas e parasitárias
2020,Estado,Região Nordeste,Ceará,CE,Cap I,14149,A00–B99,Algumas doenças infecciosas e parasitárias
2020,Estado,Região Nordeste,Rio Grande do Norte,RN,Cap I,3966,A00–B99,Algumas doenças infecciosas e parasitárias
2020,Estado,Região Nordeste,Paraíba,PB,Cap I,4660,A00–B99,Algumas doenças infecciosas e parasitárias
2020,Estado,Região Nordeste,Pernambuco,PE,Cap I,14119,A00–B99,Algumas doenças infecciosas e parasitárias
2020,Estado,Região Nordeste,Alagoas,AL,Cap I,4543,A00–B99,Algumas doenças infecciosas e parasitárias
2020,Estado,Região Nordeste,Sergipe,SE,Cap I,2870,A00–B99,Algumas doenças infecciosas e parasitárias
2020,Estado,Região Nordeste,Bahia,BA,Cap I,14621,A00–B99,Algumas doenças infecciosas e parasitárias
2020,Regiao,Região Sudeste,,,Cap I,122551,A00–B99,Algumas doenças infecciosas e parasitárias
2020,Estado,Região Sudeste,Minas Gerais,MG,Cap I,19417,A00–B99,Algumas doenças infecciosas e parasitárias
2020,Estado,Região Sudeste,Espírito Santo,ES,Cap I,5615,A00–B99,Algumas doenças infecciosas e parasitárias
2020,Estado,Região Sudeste,Rio de Janeiro,RJ,Cap I,39263,A00–B99,Algumas doenças infecciosas e parasitárias
2020,Estado,Região Sudeste,São Paulo,SP,Cap I,58256,A00–B99,Algumas doenças infecciosas e parasitárias
2020,Regiao,Região Sul,,,Cap I,30276,A00–B99,Algumas doenças infecciosas e parasitárias
2020,Estado,Região Sul,Paraná,PR,Cap I,11013,A00–B99,Algumas doenças infecciosas e parasitárias
2020,Estado,Região Sul,Santa Catarina,SC,Cap I,6732,A00–B99,Algumas doenças infecciosas e parasitárias
2020,Estado,Região Sul,Rio Grande do Sul,RS,Cap I,12531,A00–B99,Algumas doenças infecciosas e parasitárias
2020,Regiao,Região Centro-Oeste,,,Cap I,21120,A00–B99,Algumas doenças infecciosas e parasitárias
2020,Estado,Região Centro-Oeste,Mato Grosso do Sul,MS,Cap I,2823,A00–B99,Algumas doenças infecciosas e parasitárias
2020,Estado,Região Centro-Oeste,Mato Grosso,MT,Cap I,5207,A00–B99,Algumas doenças infecciosas e parasitárias
2020,Estado,Região Centro-Oeste,Goiás,GO,Cap I,9320,A00–B99,Algumas doenças infecciosas e parasitárias
2020,Estado,Região Centro-Oeste,Distrito Federal,DF,Cap I,3770,A00–B99,Algumas doenças infecciosas e parasitárias
2021,Regiao,Região Norte,,,Cap I,35680,A00–B99,Algumas doenças infecciosas e parasitárias
2021,Estado,Região Norte,Rondônia,RO,Cap I,5301,A00–B99,Algumas doenças infecciosas e parasitárias
2021,Estado,Região Norte,Acre,AC,Cap I,1517,A00–B99,Algumas doenças infecciosas e parasitárias
2021,Estado,Região Norte,Amazonas,AM,Cap I,10337,A00–B99,Algumas doenças infecciosas e parasitárias
2021,Estado,Região Norte,Roraima,RR,Cap I,1412,A00–B99,Algumas doenças infecciosas e parasitárias
2021,Estado,Região Norte,Pará,PA,Cap I,12777,A00–B99,Algumas doenças infecciosas e parasitárias
2021,Estado,Região Norte,Amapá,AP,Cap I,1236,A00–B99,Algumas doenças infecciosas e parasitárias
2021,Estado,Região Norte,Tocantins,TO,Cap I,3100,A00–B99,Algumas doenças infecciosas e parasitárias
2021,Regiao,Região Nordeste,,,Cap I,92273,A00–B99,Algumas doenças infecciosas e parasitárias
2021,Estado,Região Nordeste,Maranhão,MA,Cap I,9142,A00–B99,Algumas doenças infecciosas e parasitárias
2021,Estado,Região Nordeste,Piauí,PI,Cap I,5389,A00–B99,Algumas doenças infecciosas e parasitárias
2021,Estado,Região Nordeste,Ceará,CE,Cap I,18254,A00–B99,Algumas doenças infecciosas e parasitárias
2021,Estado,Região Nordeste,Rio Grande do Norte,RN,Cap I,5902,A00–B99,Algumas doenças infecciosas e parasitárias
2021,Estado,Região Nordeste,Paraíba,PB,Cap I,7293,A00–B99,Algumas doenças infecciosas e parasitárias
2021,Estado,Região Nordeste,Pernambuco,PE,Cap I,15786,A00–B99,Algumas doenças infecciosas e parasitárias
2021,Estado,Região Nordeste,Alagoas,AL,Cap I,5262,A00–B99,Algumas doenças infecciosas e parasitárias
2021,Estado,Região Nordeste,Sergipe,SE,Cap I,4051,A00–B99,Algumas doenças infecciosas e parasitárias
2021,Estado,Região Nordeste,Bahia,BA,Cap I,21194,A00–B99,Algumas doenças infecciosas e parasitárias
2021,Regiao,Região Sudeste,,,Cap I,231051,A00–B99,Algumas doenças infecciosas e parasitárias
2021,Estado,Região Sudeste,Minas Gerais,MG,Cap I,50866,A00–B99,Algumas doenças infecciosas e parasitárias
2021,Estado,Região Sudeste,Espírito Santo,ES,Cap I,8128,A00–B99,Algumas doenças infecciosas e parasitárias
2021,Estado,Região Sudeste,Rio de Janeiro,RJ,Cap I,49188,A00–B99,Algumas doenças infecciosas e parasitárias
2021,Estado,Região Sudeste,São Paulo,SP,Cap I,122869,A00–B99,Algumas doenças infecciosas e parasitárias
2021,Regiao,Região Sul,,,Cap I,83068,A00–B99,Algumas doenças infecciosas e parasitárias
2021,Estado,Região Sul,Paraná,PR,Cap I,35553,A00–B99,Algumas doenças infecciosas e parasitárias
2021,Estado,Região Sul,Santa Catarina,SC,Cap I,16491,A00–B99,Algumas doenças infecciosas e parasitárias
2021,Estado,Região Sul,Rio Grande do Sul,RS,Cap I,31024,A00–B99,Algumas doenças infecciosas e parasitárias
2021,Regiao,Região Centro-Oeste,,,Cap I,44595,A00–B99,Algumas doenças infecciosas e parasitárias
2021,Estado,Região Centro-Oeste,Mato Grosso do Sul,MS,Cap I,7694,A00–B99,Algumas doenças infecciosas e parasitárias
2021,Estado,Região Centro-Oeste,Mato Grosso,MT,Cap I,10128,A00–B99,Algumas doenças infecciosas e parasitárias
2021,Estado,Região Centro-Oeste,Goiás,GO,Cap I,20301,A00–B99,Algumas doenças infecciosas e parasitárias
2021,Estado,Região Centro-Oeste,Distrito Federal,DF,Cap I,6472,A00–B99,Algumas doenças infecciosas e parasitárias
2022,Regiao,Região Norte,,,Cap I,8984,A00–B99,Algumas doenças infecciosas e parasitárias
2022,Estado,Região Norte,Rondônia,RO,Cap I,1022,A00–B99,Algumas doenças infecciosas e parasitárias
2022,Estado,Região Norte,Acre,AC,Cap I,365,A00–B99,Algumas doenças infecciosas e parasitárias
2022,Estado,Região Norte,Amazonas,AM,Cap I,1927,A00–B99,Algumas doenças infecciosas e parasitárias
2022,Estado,Região Norte,Roraima,RR,Cap I,292,A00–B99,Algumas doenças infecciosas e parasitárias
2022,Estado,Região Norte,Pará,PA,Cap I,4272,A00–B99,Algumas doenças infecciosas e parasitárias
2022,Estado,Região Norte,Amapá,AP,Cap I,350,A00–B99,Algumas doenças infecciosas e parasitárias
2022,Estado,Região Norte,Tocantins,TO,Cap I,756,A00–B99,Algumas doenças infecciosas e parasitárias
2022,Regiao,Região Nordeste,,,Cap I,30808,A00–B99,Algumas doenças infecciosas e parasitárias
2022,Estado,Região Nordeste,Maranhão,MA,Cap I,2736,A00–B99,Algumas doenças infecciosas e parasitárias
2022,Estado,Região Nordeste,Piauí,PI,Cap I,1727,A00–B99,Algumas doenças infecciosas e parasitárias
2022,Estado,Região Nordeste,Ceará,CE,Cap I,5296,A00–B99,Algumas doenças infecciosas e parasitárias
2022,Estado,Região Nordeste,Rio Grande do Norte,RN,Cap I,1904,A00–B99,Algumas doenças infecciosas e parasitárias
2022,Estado,Região Nordeste,Paraíba,PB,Cap I,2687,A00–B99,Algumas doenças infecciosas e parasitárias
2022,Estado,Região Nordeste,Pernambuco,PE,Cap I,5711,A00–B99,Algumas doenças infecciosas e parasitárias
2022,Estado,Região Nordeste,Alagoas,AL,Cap I,1996,A00–B99,Algumas doenças infecciosas e parasitárias
2022,Estado,Região Nordeste,Sergipe,SE,Cap I,989,A00–B99,Algumas doenças infecciosas e parasitárias
2022,Estado,Região Nordeste,Bahia,BA,Cap I,7762,A00–B99,Algumas doenças infecciosas e parasitárias
2022,Regiao,Região Sudeste,,,Cap I,61924,A00–B99,Algumas doenças infecciosas e parasitárias
2022,Estado,Região Sudeste,Minas Gerais,MG,Cap I,14093,A00–B99,Algumas doenças infecciosas e parasitárias
2022,Estado,Região Sudeste,Espírito Santo,ES,Cap I,2157,A00–B99,Algumas doenças infecciosas e parasitárias
2022,Estado,Região Sudeste,Rio de Janeiro,RJ,Cap I,13774,A00–B99,Algumas doenças infecciosas e parasitárias
2022,Estado,Região Sudeste,São Paulo,SP,Cap I,31900,A00–B99,Algumas doenças infecciosas e parasitárias
2022,Regiao,Região Sul,,,Cap I,20132,A00–B99,Algumas doenças infecciosas e parasitárias
2022,Estado,Região Sul,Paraná,PR,Cap I,7192,A00–B99,Algumas doenças infecciosas e parasitárias
2022,Estado,Região Sul,Santa Catarina,SC,Cap I,4124,A00–B99,Algumas doenças infecciosas e parasitárias
2022,Estado,Região Sul,Rio Grande do Sul,RS,Cap I,8816,A00–B99,Algumas doenças infecciosas e parasitárias
2022,Regiao,Região Centro-Oeste,,,Cap I,9952,A00–B99,Algumas doenças infecciosas e parasitárias
2022,Estado,Região Centro-Oeste,Mato Grosso do Sul,MS,Cap I,1714,A00–B99,Algumas doenças infecciosas e parasitárias
2022,Estado,Região Centro-Oeste,Mato Grosso,MT,Cap I,2105,A00–B99,Algumas doenças infecciosas e parasitárias
2022,Estado,Região Centro-Oeste,Goiás,GO,Cap I,4749,A00–B99,Algumas doenças infecciosas e parasitárias
2022,Estado,Região Centro-Oeste,Distrito Federal,DF,Cap I,1384,A00–B99,Algumas doenças infecciosas e parasitárias
2023,Regiao,Região Norte,,,Cap I,5450,A00–B99,Algumas doenças infecciosas e parasitárias
2023,Estado,Região Norte,Rondônia,RO,Cap I,489,A00–B99,Algumas doenças infecciosas e parasitárias
2023,Estado,Região Norte,Acre,AC,Cap I,260,A00–B99,Algumas doenças infecciosas e parasitárias
2023,Estado,Região Norte,Amazonas,AM,Cap I,1349,A00–B99,Algumas doenças infecciosas e parasitárias
2023,Estado,Região Norte,Roraima,RR,Cap I,234,A00–B99,Algumas doenças infecciosas e parasitárias
2023,Estado,Região Norte,Pará,PA,Cap I,2613,A00–B99,Algumas doenças infecciosas e parasitárias
2023,Estado,Região Norte,Amapá,AP,Cap I,176,A00–B99,Algumas doenças infecciosas e parasitárias
2023,Estado,Região Norte,Tocantins,TO,Cap I,329,A00–B99,Algumas doenças infecciosas e parasitárias
2023,Regiao,Região Nordeste,,,Cap I,18766,A00–B99,Algumas doenças infecciosas e parasitárias
2023,Estado,Região Nordeste,Maranhão,MA,Cap I,1867,A00–B99,Algumas doenças infecciosas e parasitárias
2023,Estado,Região Nordeste,Piauí,PI,Cap I,932,A00–B99,Algumas doenças infecciosas e parasitárias
2023,Estado,Região Nordeste,Ceará,CE,Cap I,3055,A00–B99,Algumas doenças infecciosas e parasitárias
2023,Estado,Região Nordeste,Rio Grande do Norte,RN,Cap I,1095,A00–B99,Algumas doenças infecciosas e parasitárias
2023,Estado,Região Nordeste,Paraíba,PB,Cap I,1393,A00–B99,Algumas doenças infecciosas e parasitárias
2023,Estado,Região Nordeste,Pernambuco,PE,Cap I,3721,A00–B99,Algumas doenças infecciosas e parasitárias
2023,Estado,Região Nordeste,Alagoas,AL,Cap I,1313,A00–B99,Algumas doenças infecciosas e parasitárias
2023,Estado,Região Nordeste,Sergipe,SE,Cap I,657,A00–B99,Algumas doenças infecciosas e parasitárias
2023,Estado,Região Nordeste,Bahia,BA,Cap I,4733,A00–B99,Algumas doenças infecciosas e parasitárias
2023,Regiao,Região Sudeste,,,Cap I,34297,A00–B99,Algumas doenças infecciosas e parasitárias
2023,Estado,Região Sudeste,Minas Gerais,MG,Cap I,8325,A00–B99,Algumas doenças infecciosas e parasitárias
2023,Estado,Região Sudeste,Espírito Santo,ES,Cap I,929,A00–B99,Algumas doenças infecciosas e parasitárias
2023,Estado,Região Sudeste,Rio de Janeiro,RJ,Cap I,9234,A00–B99,Algumas doenças infecciosas e parasitárias
2023,Estado,Região Sudeste,São Paulo,SP,Cap I,15809,A00–B99,Algumas doenças infecciosas e parasitárias
2023,Regiao,Região Sul,,,Cap I,9918,A00–B99,Algumas doenças infecciosas e parasitárias
2023,Estado,Região Sul,Paraná,PR,Cap I,3457,A00–B99,Algumas doenças infecciosas e parasitárias
2023,Estado,Região Sul,Santa Catarina,SC,Cap I,1996,A00–B99,Algumas doenças infecciosas e parasitárias
2023,Estado,Região Sul,Rio Grande do Sul,RS,Cap I,4465,A00–B99,Algumas doenças infecciosas e parasitárias
2023,Regiao,Região Centro-Oeste,,,Cap I,5011,A00–B99,Algumas doenças infecciosas e parasitárias
2023,Estado,Região Centro-Oeste,Mato Grosso do Sul,MS,Cap I,847,A00–B99,Algumas doenças infecciosas e parasitárias
2023,Estado,Região Centro-Oeste,Mato Grosso,MT,Cap I,1023,A00–B99,Algumas doenças infecciosas e parasitárias
2023,Estado,Região Centro-Oeste,Goiás,GO,Cap I,2352,A00–B99,Algumas doenças infecciosas e parasitárias
2023,Estado,Região Centro-Oeste,Distrito Federal,DF,Cap I,789,A00–B99,Algumas doenças infecciosas e parasitárias
2024,Regiao,Região Norte,,,Cap I,5309,A00–B99,Algumas doenças infecciosas e parasitárias
2024,Estado,Região Norte,Rondônia,RO,Cap I,495,A00–B99,Algumas doenças infecciosas e parasitárias
2024,Estado,Região Norte,Acre,AC,Cap I,209,A00–B99,Algumas doenças infecciosas e parasitárias
2024,Estado,Região Norte,Amazonas,AM,Cap I,1378,A00–B99,Algumas doenças infecciosas e parasitárias
2024,Estado,Região Norte,Roraima,RR,Cap I,193,A00–B99,Algumas doenças infecciosas e parasitárias
2024,Estado,Região Norte,Pará,PA,Cap I,2466,A00–B99,Algumas doenças infecciosas e parasitárias
2024,Estado,Região Norte,Amapá,AP,Cap I,226,A00–B99,Algumas doenças infecciosas e parasitárias
2024,Estado,Região Norte,Tocantins,TO,Cap I,342,A00–B99,Algumas doenças infecciosas e parasitárias
2024,Regiao,Região Nordeste,,,Cap I,18849,A00–B99,Algumas doenças infecciosas e parasitárias
2024,Estado,Região Nordeste,Maranhão,MA,Cap I,1951,A00–B99,Algumas doenças infecciosas e parasitárias
2024,Estado,Região Nordeste,Piauí,PI,Cap I,1004,A00–B99,Algumas doenças infecciosas e parasitárias
2024,Estado,Região Nordeste,Ceará,CE,Cap I,2978,A00–B99,Algumas doenças infecciosas e parasitárias
2024,Estado,Região Nordeste,Rio Grande do Norte,RN,Cap I,1087,A00–B99,Algumas doenças infecciosas e parasitárias
2024,Estado,Região Nordeste,Paraíba,PB,Cap I,1493,A00–B99,Algumas doenças infecciosas e parasitárias
2024,Estado,Região Nordeste,Pernambuco,PE,Cap I,3425,A00–B99,Algumas doenças infecciosas e parasitárias
2024,Estado,Região Nordeste,Alagoas,AL,Cap I,1337,A00–B99,Algumas doenças infecciosas e parasitárias
2024,Estado,Região Nordeste,Sergipe,SE,Cap I,614,A00–B99,Algumas doenças infecciosas e parasitárias
2024,Estado,Região Nordeste,Bahia,BA,Cap I,4960,A00–B99,Algumas doenças infecciosas e parasitárias
2024,Regiao,Região Sudeste,,,Cap I,34516,A00–B99,Algumas doenças infecciosas e parasitárias
2024,Estado,Região Sudeste,Minas Gerais,MG,Cap I,9632,A00–B99,Algumas doenças infecciosas e parasitárias
2024,Estado,Região Sudeste,Espírito Santo,ES,Cap I,808,A00–B99,Algumas doenças infecciosas e parasitárias
2024,Estado,Região Sudeste,Rio de Janeiro,RJ,Cap I,7634,A00–B99,Algumas doenças infecciosas e parasitárias
2024,Estado,Região Sudeste,São Paulo,SP,Cap I,16442,A00–B99,Algumas doenças infecciosas e parasitárias
2024,Regiao,Região Sul,,,Cap I,10803,A00–B99,Algumas doenças infecciosas e parasitárias
2024,Estado,Região Sul,Paraná,PR,Cap I,3759,A00–B99,Algumas doenças infecciosas e parasitárias
2024,Estado,Região Sul,Santa Catarina,SC,Cap I,2271,A00–B99,Algumas doenças infecciosas e parasitárias
2024,Estado,Região Sul,Rio Grande do Sul,RS,Cap I,4773,A00–B99,Algumas doenças infecciosas e parasitárias
2024,Regiao,Região Centro-Oeste,,,Cap I,5893,A00–B99,Algumas doenças infecciosas e parasitárias
2024,Estado,Região Centro-Oeste,Mato Grosso do Sul,MS,Cap I,855,A00–B99,Algumas doenças infecciosas e parasitárias
2024,Estado,Região Centro-Oeste,Mato Grosso,MT,Cap I,1006,A00–B99,Algumas doenças infecciosas e parasitárias
2024,Estado,Região Centro-Oeste,Goiás,GO,Cap I,2768,A00–B99,Algumas doenças infecciosas e parasitárias
2024,Estado,Região Centro-Oeste,Distrito Federal,DF,Cap I,1264,A00–B99,Algumas doenças infecciosas e parasitárias
2025,Regiao,Região Norte,,,Cap I,5462,A00–B99,Algumas doenças infecciosas e parasitárias
2025,Estado,Região Norte,Rondônia,RO,Cap I,459,A00–B99,Algumas doenças infecciosas e parasitárias
2025,Estado,Região Norte,Acre,AC,Cap I,233,A00–B99,Algumas doenças infecciosas e parasitárias
2025,Estado,Região Norte,Amazonas,AM,Cap I,1406,A00–B99,Algumas doenças infecciosas e parasitárias
2025,Estado,Região Norte,Roraima,RR,Cap I,196,A00–B99,Algumas doenças infecciosas e parasitárias
2025,Estado,Região Norte,Pará,PA,Cap I,2616,A00–B99,Algumas doenças infecciosas e parasitárias
2025,Estado,Região Norte,Amapá,AP,Cap I,206,A00–B99,Algumas doenças infecciosas e parasitárias
2025,Estado,Região Norte,Tocantins,TO,Cap I,346,A00–B99,Algumas doenças infecciosas e parasitárias
2025,Regiao,Região Nordeste,,,Cap I,17757,A00–B99,Algumas doenças infecciosas e parasitárias
2025,Estado,Região Nordeste,Maranhão,MA,Cap I,1848,A00–B99,Algumas doenças infecciosas e parasitárias
2025,Estado,Região Nordeste,Piauí,PI,Cap I,966,A00–B99,Algumas doenças infecciosas e parasitárias
2025,Estado,Região Nordeste,Ceará,CE,Cap I,2866,A00–B99,Algumas doenças infecciosas e parasitárias
2025,Estado,Região Nordeste,Rio Grande do Norte,RN,Cap I,873,A00–B99,Algumas doenças infecciosas e parasitárias
2025,Estado,Região Nordeste,Paraíba,PB,Cap I,1411,A00–B99,Algumas doenças infecciosas e parasitárias
2025,Estado,Região Nordeste,Pernambuco,PE,Cap I,3498,A00–B99,Algumas doenças infecciosas e parasitárias
2025,Estado,Região Nordeste,Alagoas,AL,Cap I,1311,A00–B99,Algumas doenças infecciosas e parasitárias
2025,Estado,Região Nordeste,Sergipe,SE,Cap I,556,A00–B99,Algumas doenças infecciosas e parasitárias
2025,Estado,Região Nordeste,Bahia,BA,Cap I,4428,A00–B99,Algumas doenças infecciosas e parasitárias
2025,Regiao,Região Sudeste,,,Cap I,28133,A00–B99,Algumas doenças infecciosas e parasitárias
2025,Estado,Região Sudeste,Minas Gerais,MG,Cap I,6786,A00–B99,Algumas doenças infecciosas e parasitárias
2025,Estado,Região Sudeste,Espírito Santo,ES,Cap I,740,A00–B99,Algumas doenças infecciosas e parasitárias
2025,Estado,Região Sudeste,Rio de Janeiro,RJ,Cap I,6393,A00–B99,Algumas doenças infecciosas e parasitárias
2025,Estado,Região Sudeste,São Paulo,SP,Cap I,14214,A00–B99,Algumas doenças infecciosas e parasitárias
2025,Regiao,Região Sul,,,Cap I,8619,A00–B99,Algumas doenças infecciosas e parasitárias
2025,Estado,Região Sul,Paraná,PR,Cap I,2881,A00–B99,Algumas doenças infecciosas e parasitárias
2025,Estado,Região Sul,Santa Catarina,SC,Cap I,1722,A00–B99,Algumas doenças infecciosas e parasitárias
2025,Estado,Região Sul,Rio Grande do Sul,RS,Cap I,4016,A00–B99,Algumas doenças infecciosas e parasitárias
2025,Regiao,Região Centro-Oeste,,,Cap I,4689,A00–B99,Algumas doenças infecciosas e parasitárias
2025,Estado,Região Centro-Oeste,Mato Grosso do Sul,MS,Cap I,840,A00–B99,Algumas doenças infecciosas e parasitárias
2025,Estado,Região Centro-Oeste,Mato Grosso,MT,Cap I,1013,A00–B99,Algumas doenças infecciosas e parasitárias
2025,Estado,Região Centro-Oeste,Goiás,GO,Cap I,2128,A00–B99,Algumas doenças infecciosas e parasitárias
2025,Estado,Região Centro-Oeste,Distrito Federal,DF,Cap I,708,A00–B99,Algumas doenças infecciosas e parasitárias
2026,Regiao,Região Norte,,,Cap I,1870,A00–B99,Algumas doenças infecciosas e parasitárias
2026,Estado,Região Norte,Rondônia,RO,Cap I,142,A00–B99,Algumas doenças infecciosas e parasitárias
2026,Estado,Região Norte,Acre,AC,Cap I,66,A00–B99,Algumas doenças infecciosas e parasitárias
2026,Estado,Região Norte,Amazonas,AM,Cap I,478,A00–B99,Algumas doenças infecciosas e parasitárias
2026,Estado,Região Norte,Roraima,RR,Cap I,53,A00–B99,Algumas doenças infecciosas e parasitárias
2026,Estado,Região Norte,Pará,PA,Cap I,927,A00–B99,Algumas doenças infecciosas e parasitárias
2026,Estado,Região Norte,Amapá,AP,Cap I,80,A00–B99,Algumas doenças infecciosas e parasitárias
2026,Estado,Região Norte,Tocantins,TO,Cap I,124,A00–B99,Algumas doenças infecciosas e parasitárias
2026,Regiao,Região Nordeste,,,Cap I,6154,A00–B99,Algumas doenças infecciosas e parasitárias
2026,Estado,Região Nordeste,Maranhão,MA,Cap I,647,A00–B99,Algumas doenças infecciosas e parasitárias
2026,Estado,Região Nordeste,Piauí,PI,Cap I,352,A00–B99,Algumas doenças infecciosas e parasitárias
2026,Estado,Região Nordeste,Ceará,CE,Cap I,1114,A00–B99,Algumas doenças infecciosas e parasitárias
2026,Estado,Região Nordeste,Rio Grande do Norte,RN,Cap I,325,A00–B99,Algumas doenças infecciosas e parasitárias
2026,Estado,Região Nordeste,Paraíba,PB,Cap I,499,A00–B99,Algumas doenças infecciosas e parasitárias
2026,Estado,Região Nordeste,Pernambuco,PE,Cap I,1169,A00–B99,Algumas doenças infecciosas e parasitárias
2026,Estado,Região Nordeste,Alagoas,AL,Cap I,411,A00–B99,Algumas doenças infecciosas e parasitárias
2026,Estado,Região Nordeste,Sergipe,SE,Cap I,226,A00–B99,Algumas doenças infecciosas e parasitárias
2026,Estado,Região Nordeste,Bahia,BA,Cap I,1411,A00–B99,Algumas doenças infecciosas e parasitárias
2026,Regiao,Região Sudeste,,,Cap I,8854,A00–B99,Algumas doenças infecciosas e parasitárias
2026,Estado,Região Sudeste,Minas Gerais,MG,Cap I,2154,A00–B99,Algumas doenças infecciosas e parasitárias
2026,Estado,Região Sudeste,Espírito Santo,ES,Cap I,280,A00–B99,Algumas doenças infecciosas e parasitárias
2026,Estado,Região Sudeste,Rio de Janeiro,RJ,Cap I,2135,A00–B99,Algumas doenças infecciosas e parasitárias
2026,Estado,Região Sudeste,São Paulo,SP,Cap I,4285,A00–B99,Algumas doenças infecciosas e parasitárias
2026,Regiao,Região Sul,,,Cap I,2884,A00–B99,Algumas doenças infecciosas e parasitárias
2026,Estado,Região Sul,Paraná,PR,Cap I,973,A00–B99,Algumas doenças infecciosas e parasitárias
2026,Estado,Região Sul,Santa Catarina,SC,Cap I,569,A00–B99,Algumas doenças infecciosas e parasitárias
2026,Estado,Região Sul,Rio Grande do Sul,RS,Cap I,1342,A00–B99,Algumas doenças infecciosas e parasitárias
2026,Regiao,Região Centro-Oeste,,,Cap I,1580,A00–B99,Algumas doenças infecciosas e parasitárias
2026,Estado,Região Centro-Oeste,Mato Grosso do Sul,MS,Cap I,290,A00–B99,Algumas doenças infecciosas e parasitárias
2026,Estado,Região Centro-Oeste,Mato Grosso,MT,Cap I,351,A00–B99,Algumas doenças infecciosas e parasitárias
2026,Estado,Região Centro-Oeste,Goiás,GO,Cap I,730,A00–B99,Algumas doenças infecciosas e parasitárias
2026,Estado,Região Centro-Oeste,Distrito Federal,DF,Cap I,209,A00–B99,Algumas doenças infecciosas e parasitárias
2016,Regiao,Região Norte,,,Cap II,10914,C00–D48,Neoplasias (tumores e cânceres)
2016,Estado,Região Norte,Rondônia,RO,Cap II,1266,C00–D48,Neoplasias (tumores e cânceres)
2016,Estado,Região Norte,Acre,AC,Cap II,508,C00–D48,Neoplasias (tumores e cânceres)
2016,Estado,Região Norte,Amazonas,AM,Cap II,2585,C00–D48,Neoplasias (tumores e cânceres)
2016,Estado,Região Norte,Roraima,RR,Cap II,282,C00–D48,Neoplasias (tumores e cânceres)
2016,Estado,Região Norte,Pará,PA,Cap II,4824,C00–D48,Neoplasias (tumores e cânceres)
2016,Estado,Região Norte,Amapá,AP,Cap II,424,C00–D48,Neoplasias (tumores e cânceres)
2016,Estado,Região Norte,Tocantins,TO,Cap II,1025,C00–D48,Neoplasias (tumores e cânceres)
2016,Regiao,Região Nordeste,,,Cap II,46892,C00–D48,Neoplasias (tumores e cânceres)
2016,Estado,Região Nordeste,Maranhão,MA,Cap II,3900,C00–D48,Neoplasias (tumores e cânceres)
2016,Estado,Região Nordeste,Piauí,PI,Cap II,2742,C00–D48,Neoplasias (tumores e cânceres)
2016,Estado,Região Nordeste,Ceará,CE,Cap II,8751,C00–D48,Neoplasias (tumores e cânceres)
2016,Estado,Região Nordeste,Rio Grande do Norte,RN,Cap II,3355,C00–D48,Neoplasias (tumores e cânceres)
2016,Estado,Região Nordeste,Paraíba,PB,Cap II,3705,C00–D48,Neoplasias (tumores e cânceres)
2016,Estado,Região Nordeste,Pernambuco,PE,Cap II,8725,C00–D48,Neoplasias (tumores e cânceres)
2016,Estado,Região Nordeste,Alagoas,AL,Cap II,2229,C00–D48,Neoplasias (tumores e cânceres)
2016,Estado,Região Nordeste,Sergipe,SE,Cap II,1788,C00–D48,Neoplasias (tumores e cânceres)
2016,Estado,Região Nordeste,Bahia,BA,Cap II,11697,C00–D48,Neoplasias (tumores e cânceres)
2016,Regiao,Região Sudeste,,,Cap II,102427,C00–D48,Neoplasias (tumores e cânceres)
2016,Estado,Região Sudeste,Minas Gerais,MG,Cap II,22487,C00–D48,Neoplasias (tumores e cânceres)
2016,Estado,Região Sudeste,Espírito Santo,ES,Cap II,4165,C00–D48,Neoplasias (tumores e cânceres)
2016,Estado,Região Sudeste,Rio de Janeiro,RJ,Cap II,21868,C00–D48,Neoplasias (tumores e cânceres)
2016,Estado,Região Sudeste,São Paulo,SP,Cap II,53907,C00–D48,Neoplasias (tumores e cânceres)
2016,Regiao,Região Sul,,,Cap II,41005,C00–D48,Neoplasias (tumores e cânceres)
2016,Estado,Região Sul,Paraná,PR,Cap II,13877,C00–D48,Neoplasias (tumores e cânceres)
2016,Estado,Região Sul,Santa Catarina,SC,Cap II,8473,C00–D48,Neoplasias (tumores e cânceres)
2016,Estado,Região Sul,Rio Grande do Sul,RS,Cap II,18655,C00–D48,Neoplasias (tumores e cânceres)
2016,Regiao,Região Centro-Oeste,,,Cap II,13979,C00–D48,Neoplasias (tumores e cânceres)
2016,Estado,Região Centro-Oeste,Mato Grosso do Sul,MS,Cap II,2683,C00–D48,Neoplasias (tumores e cânceres)
2016,Estado,Região Centro-Oeste,Mato Grosso,MT,Cap II,2624,C00–D48,Neoplasias (tumores e cânceres)
2016,Estado,Região Centro-Oeste,Goiás,GO,Cap II,6183,C00–D48,Neoplasias (tumores e cânceres)
2016,Estado,Região Centro-Oeste,Distrito Federal,DF,Cap II,2489,C00–D48,Neoplasias (tumores e cânceres)
2017,Regiao,Região Norte,,,Cap II,11473,C00–D48,Neoplasias (tumores e cânceres)
2017,Estado,Região Norte,Rondônia,RO,Cap II,1282,C00–D48,Neoplasias (tumores e cânceres)
2017,Estado,Região Norte,Acre,AC,Cap II,574,C00–D48,Neoplasias (tumores e cânceres)
2017,Estado,Região Norte,Amazonas,AM,Cap II,2654,C00–D48,Neoplasias (tumores e cânceres)
2017,Estado,Região Norte,Roraima,RR,Cap II,360,C00–D48,Neoplasias (tumores e cânceres)
2017,Estado,Região Norte,Pará,PA,Cap II,5031,C00–D48,Neoplasias (tumores e cânceres)
2017,Estado,Região Norte,Amapá,AP,Cap II,430,C00–D48,Neoplasias (tumores e cânceres)
2017,Estado,Região Norte,Tocantins,TO,Cap II,1142,C00–D48,Neoplasias (tumores e cânceres)
2017,Regiao,Região Nordeste,,,Cap II,49296,C00–D48,Neoplasias (tumores e cânceres)
2017,Estado,Região Nordeste,Maranhão,MA,Cap II,4317,C00–D48,Neoplasias (tumores e cânceres)
2017,Estado,Região Nordeste,Piauí,PI,Cap II,2812,C00–D48,Neoplasias (tumores e cânceres)
2017,Estado,Região Nordeste,Ceará,CE,Cap II,9162,C00–D48,Neoplasias (tumores e cânceres)
2017,Estado,Região Nordeste,Rio Grande do Norte,RN,Cap II,3418,C00–D48,Neoplasias (tumores e cânceres)
2017,Estado,Região Nordeste,Paraíba,PB,Cap II,3832,C00–D48,Neoplasias (tumores e cânceres)
2017,Estado,Região Nordeste,Pernambuco,PE,Cap II,9012,C00–D48,Neoplasias (tumores e cânceres)
2017,Estado,Região Nordeste,Alagoas,AL,Cap II,2405,C00–D48,Neoplasias (tumores e cânceres)
2017,Estado,Região Nordeste,Sergipe,SE,Cap II,1825,C00–D48,Neoplasias (tumores e cânceres)
2017,Estado,Região Nordeste,Bahia,BA,Cap II,12513,C00–D48,Neoplasias (tumores e cânceres)
2017,Regiao,Região Sudeste,,,Cap II,104604,C00–D48,Neoplasias (tumores e cânceres)
2017,Estado,Região Sudeste,Minas Gerais,MG,Cap II,23234,C00–D48,Neoplasias (tumores e cânceres)
2017,Estado,Região Sudeste,Espírito Santo,ES,Cap II,4172,C00–D48,Neoplasias (tumores e cânceres)
2017,Estado,Região Sudeste,Rio de Janeiro,RJ,Cap II,21942,C00–D48,Neoplasias (tumores e cânceres)
2017,Estado,Região Sudeste,São Paulo,SP,Cap II,55256,C00–D48,Neoplasias (tumores e cânceres)
2017,Regiao,Região Sul,,,Cap II,41983,C00–D48,Neoplasias (tumores e cânceres)
2017,Estado,Região Sul,Paraná,PR,Cap II,14060,C00–D48,Neoplasias (tumores e cânceres)
2017,Estado,Região Sul,Santa Catarina,SC,Cap II,8692,C00–D48,Neoplasias (tumores e cânceres)
2017,Estado,Região Sul,Rio Grande do Sul,RS,Cap II,19231,C00–D48,Neoplasias (tumores e cânceres)
2017,Regiao,Região Centro-Oeste,,,Cap II,14465,C00–D48,Neoplasias (tumores e cânceres)
2017,Estado,Região Centro-Oeste,Mato Grosso do Sul,MS,Cap II,2817,C00–D48,Neoplasias (tumores e cânceres)
2017,Estado,Região Centro-Oeste,Mato Grosso,MT,Cap II,2667,C00–D48,Neoplasias (tumores e cânceres)
2017,Estado,Região Centro-Oeste,Goiás,GO,Cap II,6401,C00–D48,Neoplasias (tumores e cânceres)
2017,Estado,Região Centro-Oeste,Distrito Federal,DF,Cap II,2580,C00–D48,Neoplasias (tumores e cânceres)
2018,Regiao,Região Norte,,,Cap II,11855,C00–D48,Neoplasias (tumores e cânceres)
2018,Estado,Região Norte,Rondônia,RO,Cap II,1312,C00–D48,Neoplasias (tumores e cânceres)
2018,Estado,Região Norte,Acre,AC,Cap II,595,C00–D48,Neoplasias (tumores e cânceres)
2018,Estado,Região Norte,Amazonas,AM,Cap II,2817,C00–D48,Neoplasias (tumores e cânceres)
2018,Estado,Região Norte,Roraima,RR,Cap II,380,C00–D48,Neoplasias (tumores e cânceres)
2018,Estado,Região Norte,Pará,PA,Cap II,5141,C00–D48,Neoplasias (tumores e cânceres)
2018,Estado,Região Norte,Amapá,AP,Cap II,446,C00–D48,Neoplasias (tumores e cânceres)
2018,Estado,Região Norte,Tocantins,TO,Cap II,1164,C00–D48,Neoplasias (tumores e cânceres)
2018,Regiao,Região Nordeste,,,Cap II,50615,C00–D48,Neoplasias (tumores e cânceres)
2018,Estado,Região Nordeste,Maranhão,MA,Cap II,4373,C00–D48,Neoplasias (tumores e cânceres)
2018,Estado,Região Nordeste,Piauí,PI,Cap II,2737,C00–D48,Neoplasias (tumores e cânceres)
2018,Estado,Região Nordeste,Ceará,CE,Cap II,9386,C00–D48,Neoplasias (tumores e cânceres)
2018,Estado,Região Nordeste,Rio Grande do Norte,RN,Cap II,3535,C00–D48,Neoplasias (tumores e cânceres)
2018,Estado,Região Nordeste,Paraíba,PB,Cap II,3971,C00–D48,Neoplasias (tumores e cânceres)
2018,Estado,Região Nordeste,Pernambuco,PE,Cap II,9326,C00–D48,Neoplasias (tumores e cânceres)
2018,Estado,Região Nordeste,Alagoas,AL,Cap II,2438,C00–D48,Neoplasias (tumores e cânceres)
2018,Estado,Região Nordeste,Sergipe,SE,Cap II,1739,C00–D48,Neoplasias (tumores e cânceres)
2018,Estado,Região Nordeste,Bahia,BA,Cap II,13110,C00–D48,Neoplasias (tumores e cânceres)
2018,Regiao,Região Sudeste,,,Cap II,107260,C00–D48,Neoplasias (tumores e cânceres)
2018,Estado,Região Sudeste,Minas Gerais,MG,Cap II,23704,C00–D48,Neoplasias (tumores e cânceres)
2018,Estado,Região Sudeste,Espírito Santo,ES,Cap II,4499,C00–D48,Neoplasias (tumores e cânceres)
2018,Estado,Região Sudeste,Rio de Janeiro,RJ,Cap II,22673,C00–D48,Neoplasias (tumores e cânceres)
2018,Estado,Região Sudeste,São Paulo,SP,Cap II,56384,C00–D48,Neoplasias (tumores e cânceres)
2018,Regiao,Região Sul,,,Cap II,43141,C00–D48,Neoplasias (tumores e cânceres)
2018,Estado,Região Sul,Paraná,PR,Cap II,14598,C00–D48,Neoplasias (tumores e cânceres)
2018,Estado,Região Sul,Santa Catarina,SC,Cap II,9233,C00–D48,Neoplasias (tumores e cânceres)
2018,Estado,Região Sul,Rio Grande do Sul,RS,Cap II,19310,C00–D48,Neoplasias (tumores e cânceres)
2018,Regiao,Região Centro-Oeste,,,Cap II,15049,C00–D48,Neoplasias (tumores e cânceres)
2018,Estado,Região Centro-Oeste,Mato Grosso do Sul,MS,Cap II,2953,C00–D48,Neoplasias (tumores e cânceres)
2018,Estado,Região Centro-Oeste,Mato Grosso,MT,Cap II,2767,C00–D48,Neoplasias (tumores e cânceres)
2018,Estado,Região Centro-Oeste,Goiás,GO,Cap II,6646,C00–D48,Neoplasias (tumores e cânceres)
2018,Estado,Região Centro-Oeste,Distrito Federal,DF,Cap II,2683,C00–D48,Neoplasias (tumores e cânceres)
2019,Regiao,Região Norte,,,Cap II,12098,C00–D48,Neoplasias (tumores e cânceres)
2019,Estado,Região Norte,Rondônia,RO,Cap II,1446,C00–D48,Neoplasias (tumores e cânceres)
2019,Estado,Região Norte,Acre,AC,Cap II,561,C00–D48,Neoplasias (tumores e cânceres)
2019,Estado,Região Norte,Amazonas,AM,Cap II,2729,C00–D48,Neoplasias (tumores e cânceres)
2019,Estado,Região Norte,Roraima,RR,Cap II,419,C00–D48,Neoplasias (tumores e cânceres)
2019,Estado,Região Norte,Pará,PA,Cap II,5279,C00–D48,Neoplasias (tumores e cânceres)
2019,Estado,Região Norte,Amapá,AP,Cap II,503,C00–D48,Neoplasias (tumores e cânceres)
2019,Estado,Região Norte,Tocantins,TO,Cap II,1161,C00–D48,Neoplasias (tumores e cânceres)
2019,Regiao,Região Nordeste,,,Cap II,52717,C00–D48,Neoplasias (tumores e cânceres)
2019,Estado,Região Nordeste,Maranhão,MA,Cap II,4501,C00–D48,Neoplasias (tumores e cânceres)
2019,Estado,Região Nordeste,Piauí,PI,Cap II,2938,C00–D48,Neoplasias (tumores e cânceres)
2019,Estado,Região Nordeste,Ceará,CE,Cap II,9748,C00–D48,Neoplasias (tumores e cânceres)
2019,Estado,Região Nordeste,Rio Grande do Norte,RN,Cap II,3691,C00–D48,Neoplasias (tumores e cânceres)
2019,Estado,Região Nordeste,Paraíba,PB,Cap II,4296,C00–D48,Neoplasias (tumores e cânceres)
2019,Estado,Região Nordeste,Pernambuco,PE,Cap II,9698,C00–D48,Neoplasias (tumores e cânceres)
2019,Estado,Região Nordeste,Alagoas,AL,Cap II,2550,C00–D48,Neoplasias (tumores e cânceres)
2019,Estado,Região Nordeste,Sergipe,SE,Cap II,1889,C00–D48,Neoplasias (tumores e cânceres)
2019,Estado,Região Nordeste,Bahia,BA,Cap II,13406,C00–D48,Neoplasias (tumores e cânceres)
2019,Regiao,Região Sudeste,,,Cap II,110909,C00–D48,Neoplasias (tumores e cânceres)
2019,Estado,Região Sudeste,Minas Gerais,MG,Cap II,24524,C00–D48,Neoplasias (tumores e cânceres)
2019,Estado,Região Sudeste,Espírito Santo,ES,Cap II,4774,C00–D48,Neoplasias (tumores e cânceres)
2019,Estado,Região Sudeste,Rio de Janeiro,RJ,Cap II,22656,C00–D48,Neoplasias (tumores e cânceres)
2019,Estado,Região Sudeste,São Paulo,SP,Cap II,58955,C00–D48,Neoplasias (tumores e cânceres)
2019,Regiao,Região Sul,,,Cap II,44064,C00–D48,Neoplasias (tumores e cânceres)
2019,Estado,Região Sul,Paraná,PR,Cap II,14860,C00–D48,Neoplasias (tumores e cânceres)
2019,Estado,Região Sul,Santa Catarina,SC,Cap II,9286,C00–D48,Neoplasias (tumores e cânceres)
2019,Estado,Região Sul,Rio Grande do Sul,RS,Cap II,19918,C00–D48,Neoplasias (tumores e cânceres)
2019,Regiao,Região Centro-Oeste,,,Cap II,15513,C00–D48,Neoplasias (tumores e cânceres)
2019,Estado,Região Centro-Oeste,Mato Grosso do Sul,MS,Cap II,2895,C00–D48,Neoplasias (tumores e cânceres)
2019,Estado,Região Centro-Oeste,Mato Grosso,MT,Cap II,2889,C00–D48,Neoplasias (tumores e cânceres)
2019,Estado,Região Centro-Oeste,Goiás,GO,Cap II,6874,C00–D48,Neoplasias (tumores e cânceres)
2019,Estado,Região Centro-Oeste,Distrito Federal,DF,Cap II,2855,C00–D48,Neoplasias (tumores e cânceres)
2020,Regiao,Região Norte,,,Cap II,11777,C00–D48,Neoplasias (tumores e cânceres)
2020,Estado,Região Norte,Rondônia,RO,Cap II,1343,C00–D48,Neoplasias (tumores e cânceres)
2020,Estado,Região Norte,Acre,AC,Cap II,539,C00–D48,Neoplasias (tumores e cânceres)
2020,Estado,Região Norte,Amazonas,AM,Cap II,2637,C00–D48,Neoplasias (tumores e cânceres)
2020,Estado,Região Norte,Roraima,RR,Cap II,406,C00–D48,Neoplasias (tumores e cânceres)
2020,Estado,Região Norte,Pará,PA,Cap II,5238,C00–D48,Neoplasias (tumores e cânceres)
2020,Estado,Região Norte,Amapá,AP,Cap II,507,C00–D48,Neoplasias (tumores e cânceres)
2020,Estado,Região Norte,Tocantins,TO,Cap II,1107,C00–D48,Neoplasias (tumores e cânceres)
2020,Regiao,Região Nordeste,,,Cap II,51705,C00–D48,Neoplasias (tumores e cânceres)
2020,Estado,Região Nordeste,Maranhão,MA,Cap II,4426,C00–D48,Neoplasias (tumores e cânceres)
2020,Estado,Região Nordeste,Piauí,PI,Cap II,2687,C00–D48,Neoplasias (tumores e cânceres)
2020,Estado,Região Nordeste,Ceará,CE,Cap II,9509,C00–D48,Neoplasias (tumores e cânceres)
2020,Estado,Região Nordeste,Rio Grande do Norte,RN,Cap II,3620,C00–D48,Neoplasias (tumores e cânceres)
2020,Estado,Região Nordeste,Paraíba,PB,Cap II,4121,C00–D48,Neoplasias (tumores e cânceres)
2020,Estado,Região Nordeste,Pernambuco,PE,Cap II,9230,C00–D48,Neoplasias (tumores e cânceres)
2020,Estado,Região Nordeste,Alagoas,AL,Cap II,2522,C00–D48,Neoplasias (tumores e cânceres)
2020,Estado,Região Nordeste,Sergipe,SE,Cap II,1892,C00–D48,Neoplasias (tumores e cânceres)
2020,Estado,Região Nordeste,Bahia,BA,Cap II,13698,C00–D48,Neoplasias (tumores e cânceres)
2020,Regiao,Região Sudeste,,,Cap II,106972,C00–D48,Neoplasias (tumores e cânceres)
2020,Estado,Região Sudeste,Minas Gerais,MG,Cap II,24653,C00–D48,Neoplasias (tumores e cânceres)
2020,Estado,Região Sudeste,Espírito Santo,ES,Cap II,4532,C00–D48,Neoplasias (tumores e cânceres)
2020,Estado,Região Sudeste,Rio de Janeiro,RJ,Cap II,22081,C00–D48,Neoplasias (tumores e cânceres)
2020,Estado,Região Sudeste,São Paulo,SP,Cap II,55706,C00–D48,Neoplasias (tumores e cânceres)
2020,Regiao,Região Sul,,,Cap II,43480,C00–D48,Neoplasias (tumores e cânceres)
2020,Estado,Região Sul,Paraná,PR,Cap II,14939,C00–D48,Neoplasias (tumores e cânceres)
2020,Estado,Região Sul,Santa Catarina,SC,Cap II,9344,C00–D48,Neoplasias (tumores e cânceres)
2020,Estado,Região Sul,Rio Grande do Sul,RS,Cap II,19197,C00–D48,Neoplasias (tumores e cânceres)
2020,Regiao,Região Centro-Oeste,,,Cap II,15366,C00–D48,Neoplasias (tumores e cânceres)
2020,Estado,Região Centro-Oeste,Mato Grosso do Sul,MS,Cap II,2860,C00–D48,Neoplasias (tumores e cânceres)
2020,Estado,Região Centro-Oeste,Mato Grosso,MT,Cap II,2953,C00–D48,Neoplasias (tumores e cânceres)
2020,Estado,Região Centro-Oeste,Goiás,GO,Cap II,6768,C00–D48,Neoplasias (tumores e cânceres)
2020,Estado,Região Centro-Oeste,Distrito Federal,DF,Cap II,2785,C00–D48,Neoplasias (tumores e cânceres)
2021,Regiao,Região Norte,,,Cap II,12156,C00–D48,Neoplasias (tumores e cânceres)
2021,Estado,Região Norte,Rondônia,RO,Cap II,1415,C00–D48,Neoplasias (tumores e cânceres)
2021,Estado,Região Norte,Acre,AC,Cap II,531,C00–D48,Neoplasias (tumores e cânceres)
2021,Estado,Região Norte,Amazonas,AM,Cap II,2696,C00–D48,Neoplasias (tumores e cânceres)
2021,Estado,Região Norte,Roraima,RR,Cap II,425,C00–D48,Neoplasias (tumores e cânceres)
2021,Estado,Região Norte,Pará,PA,Cap II,5338,C00–D48,Neoplasias (tumores e cânceres)
2021,Estado,Região Norte,Amapá,AP,Cap II,516,C00–D48,Neoplasias (tumores e cânceres)
2021,Estado,Região Norte,Tocantins,TO,Cap II,1235,C00–D48,Neoplasias (tumores e cânceres)
2021,Regiao,Região Nordeste,,,Cap II,52810,C00–D48,Neoplasias (tumores e cânceres)
2021,Estado,Região Nordeste,Maranhão,MA,Cap II,4561,C00–D48,Neoplasias (tumores e cânceres)
2021,Estado,Região Nordeste,Piauí,PI,Cap II,3004,C00–D48,Neoplasias (tumores e cânceres)
2021,Estado,Região Nordeste,Ceará,CE,Cap II,9545,C00–D48,Neoplasias (tumores e cânceres)
2021,Estado,Região Nordeste,Rio Grande do Norte,RN,Cap II,3613,C00–D48,Neoplasias (tumores e cânceres)
2021,Estado,Região Nordeste,Paraíba,PB,Cap II,4249,C00–D48,Neoplasias (tumores e cânceres)
2021,Estado,Região Nordeste,Pernambuco,PE,Cap II,9524,C00–D48,Neoplasias (tumores e cânceres)
2021,Estado,Região Nordeste,Alagoas,AL,Cap II,2682,C00–D48,Neoplasias (tumores e cânceres)
2021,Estado,Região Nordeste,Sergipe,SE,Cap II,1817,C00–D48,Neoplasias (tumores e cânceres)
2021,Estado,Região Nordeste,Bahia,BA,Cap II,13815,C00–D48,Neoplasias (tumores e cânceres)
2021,Regiao,Região Sudeste,,,Cap II,110148,C00–D48,Neoplasias (tumores e cânceres)
2021,Estado,Região Sudeste,Minas Gerais,MG,Cap II,25232,C00–D48,Neoplasias (tumores e cânceres)
2021,Estado,Região Sudeste,Espírito Santo,ES,Cap II,4475,C00–D48,Neoplasias (tumores e cânceres)
2021,Estado,Região Sudeste,Rio de Janeiro,RJ,Cap II,22055,C00–D48,Neoplasias (tumores e cânceres)
2021,Estado,Região Sudeste,São Paulo,SP,Cap II,58386,C00–D48,Neoplasias (tumores e cânceres)
2021,Regiao,Região Sul,,,Cap II,44989,C00–D48,Neoplasias (tumores e cânceres)
2021,Estado,Região Sul,Paraná,PR,Cap II,15392,C00–D48,Neoplasias (tumores e cânceres)
2021,Estado,Região Sul,Santa Catarina,SC,Cap II,9738,C00–D48,Neoplasias (tumores e cânceres)
2021,Estado,Região Sul,Rio Grande do Sul,RS,Cap II,19859,C00–D48,Neoplasias (tumores e cânceres)
2021,Regiao,Região Centro-Oeste,,,Cap II,15702,C00–D48,Neoplasias (tumores e cânceres)
2021,Estado,Região Centro-Oeste,Mato Grosso do Sul,MS,Cap II,3040,C00–D48,Neoplasias (tumores e cânceres)
2021,Estado,Região Centro-Oeste,Mato Grosso,MT,Cap II,2977,C00–D48,Neoplasias (tumores e cânceres)
2021,Estado,Região Centro-Oeste,Goiás,GO,Cap II,6875,C00–D48,Neoplasias (tumores e cânceres)
2021,Estado,Região Centro-Oeste,Distrito Federal,DF,Cap II,2810,C00–D48,Neoplasias (tumores e cânceres)
2022,Regiao,Região Norte,,,Cap II,12887,C00–D48,Neoplasias (tumores e cânceres)
2022,Estado,Região Norte,Rondônia,RO,Cap II,1528,C00–D48,Neoplasias (tumores e cânceres)
2022,Estado,Região Norte,Acre,AC,Cap II,583,C00–D48,Neoplasias (tumores e cânceres)
2022,Estado,Região Norte,Amazonas,AM,Cap II,2864,C00–D48,Neoplasias (tumores e cânceres)
2022,Estado,Região Norte,Roraima,RR,Cap II,455,C00–D48,Neoplasias (tumores e cânceres)
2022,Estado,Região Norte,Pará,PA,Cap II,5689,C00–D48,Neoplasias (tumores e cânceres)
2022,Estado,Região Norte,Amapá,AP,Cap II,510,C00–D48,Neoplasias (tumores e cânceres)
2022,Estado,Região Norte,Tocantins,TO,Cap II,1258,C00–D48,Neoplasias (tumores e cânceres)
2022,Regiao,Região Nordeste,,,Cap II,54548,C00–D48,Neoplasias (tumores e cânceres)
2022,Estado,Região Nordeste,Maranhão,MA,Cap II,4695,C00–D48,Neoplasias (tumores e cânceres)
2022,Estado,Região Nordeste,Piauí,PI,Cap II,3084,C00–D48,Neoplasias (tumores e cânceres)
2022,Estado,Região Nordeste,Ceará,CE,Cap II,9954,C00–D48,Neoplasias (tumores e cânceres)
2022,Estado,Região Nordeste,Rio Grande do Norte,RN,Cap II,3680,C00–D48,Neoplasias (tumores e cânceres)
2022,Estado,Região Nordeste,Paraíba,PB,Cap II,4489,C00–D48,Neoplasias (tumores e cânceres)
2022,Estado,Região Nordeste,Pernambuco,PE,Cap II,9616,C00–D48,Neoplasias (tumores e cânceres)
2022,Estado,Região Nordeste,Alagoas,AL,Cap II,2657,C00–D48,Neoplasias (tumores e cânceres)
2022,Estado,Região Nordeste,Sergipe,SE,Cap II,1884,C00–D48,Neoplasias (tumores e cânceres)
2022,Estado,Região Nordeste,Bahia,BA,Cap II,14489,C00–D48,Neoplasias (tumores e cânceres)
2022,Regiao,Região Sudeste,,,Cap II,113545,C00–D48,Neoplasias (tumores e cânceres)
2022,Estado,Região Sudeste,Minas Gerais,MG,Cap II,26214,C00–D48,Neoplasias (tumores e cânceres)
2022,Estado,Região Sudeste,Espírito Santo,ES,Cap II,4663,C00–D48,Neoplasias (tumores e cânceres)
2022,Estado,Região Sudeste,Rio de Janeiro,RJ,Cap II,22806,C00–D48,Neoplasias (tumores e cânceres)
2022,Estado,Região Sudeste,São Paulo,SP,Cap II,59862,C00–D48,Neoplasias (tumores e cânceres)
2022,Regiao,Região Sul,,,Cap II,46762,C00–D48,Neoplasias (tumores e cânceres)
2022,Estado,Região Sul,Paraná,PR,Cap II,15876,C00–D48,Neoplasias (tumores e cânceres)
2022,Estado,Região Sul,Santa Catarina,SC,Cap II,10329,C00–D48,Neoplasias (tumores e cânceres)
2022,Estado,Região Sul,Rio Grande do Sul,RS,Cap II,20557,C00–D48,Neoplasias (tumores e cânceres)
2022,Regiao,Região Centro-Oeste,,,Cap II,16267,C00–D48,Neoplasias (tumores e cânceres)
2022,Estado,Região Centro-Oeste,Mato Grosso do Sul,MS,Cap II,3090,C00–D48,Neoplasias (tumores e cânceres)
2022,Estado,Região Centro-Oeste,Mato Grosso,MT,Cap II,3151,C00–D48,Neoplasias (tumores e cânceres)
2022,Estado,Região Centro-Oeste,Goiás,GO,Cap II,7241,C00–D48,Neoplasias (tumores e cânceres)
2022,Estado,Região Centro-Oeste,Distrito Federal,DF,Cap II,2785,C00–D48,Neoplasias (tumores e cânceres)
2023,Regiao,Região Norte,,,Cap II,13858,C00–D48,Neoplasias (tumores e cânceres)
2023,Estado,Região Norte,Rondônia,RO,Cap II,1595,C00–D48,Neoplasias (tumores e cânceres)
2023,Estado,Região Norte,Acre,AC,Cap II,660,C00–D48,Neoplasias (tumores e cânceres)
2023,Estado,Região Norte,Amazonas,AM,Cap II,3074,C00–D48,Neoplasias (tumores e cânceres)
2023,Estado,Região Norte,Roraima,RR,Cap II,487,C00–D48,Neoplasias (tumores e cânceres)
2023,Estado,Região Norte,Pará,PA,Cap II,6112,C00–D48,Neoplasias (tumores e cânceres)
2023,Estado,Região Norte,Amapá,AP,Cap II,553,C00–D48,Neoplasias (tumores e cânceres)
2023,Estado,Região Norte,Tocantins,TO,Cap II,1377,C00–D48,Neoplasias (tumores e cânceres)
2023,Regiao,Região Nordeste,,,Cap II,57741,C00–D48,Neoplasias (tumores e cânceres)
2023,Estado,Região Nordeste,Maranhão,MA,Cap II,4855,C00–D48,Neoplasias (tumores e cânceres)
2023,Estado,Região Nordeste,Piauí,PI,Cap II,3099,C00–D48,Neoplasias (tumores e cânceres)
2023,Estado,Região Nordeste,Ceará,CE,Cap II,10458,C00–D48,Neoplasias (tumores e cânceres)
2023,Estado,Região Nordeste,Rio Grande do Norte,RN,Cap II,3910,C00–D48,Neoplasias (tumores e cânceres)
2023,Estado,Região Nordeste,Paraíba,PB,Cap II,4554,C00–D48,Neoplasias (tumores e cânceres)
2023,Estado,Região Nordeste,Pernambuco,PE,Cap II,10241,C00–D48,Neoplasias (tumores e cânceres)
2023,Estado,Região Nordeste,Alagoas,AL,Cap II,2839,C00–D48,Neoplasias (tumores e cânceres)
2023,Estado,Região Nordeste,Sergipe,SE,Cap II,2150,C00–D48,Neoplasias (tumores e cânceres)
2023,Estado,Região Nordeste,Bahia,BA,Cap II,15635,C00–D48,Neoplasias (tumores e cânceres)
2023,Regiao,Região Sudeste,,,Cap II,118268,C00–D48,Neoplasias (tumores e cânceres)
2023,Estado,Região Sudeste,Minas Gerais,MG,Cap II,27215,C00–D48,Neoplasias (tumores e cânceres)
2023,Estado,Região Sudeste,Espírito Santo,ES,Cap II,5040,C00–D48,Neoplasias (tumores e cânceres)
2023,Estado,Região Sudeste,Rio de Janeiro,RJ,Cap II,23821,C00–D48,Neoplasias (tumores e cânceres)
2023,Estado,Região Sudeste,São Paulo,SP,Cap II,62192,C00–D48,Neoplasias (tumores e cânceres)
2023,Regiao,Região Sul,,,Cap II,47895,C00–D48,Neoplasias (tumores e cânceres)
2023,Estado,Região Sul,Paraná,PR,Cap II,16523,C00–D48,Neoplasias (tumores e cânceres)
2023,Estado,Região Sul,Santa Catarina,SC,Cap II,10840,C00–D48,Neoplasias (tumores e cânceres)
2023,Estado,Região Sul,Rio Grande do Sul,RS,Cap II,20532,C00–D48,Neoplasias (tumores e cânceres)
2023,Regiao,Região Centro-Oeste,,,Cap II,17275,C00–D48,Neoplasias (tumores e cânceres)
2023,Estado,Região Centro-Oeste,Mato Grosso do Sul,MS,Cap II,3259,C00–D48,Neoplasias (tumores e cânceres)
2023,Estado,Região Centro-Oeste,Mato Grosso,MT,Cap II,3402,C00–D48,Neoplasias (tumores e cânceres)
2023,Estado,Região Centro-Oeste,Goiás,GO,Cap II,7686,C00–D48,Neoplasias (tumores e cânceres)
2023,Estado,Região Centro-Oeste,Distrito Federal,DF,Cap II,2928,C00–D48,Neoplasias (tumores e cânceres)
2024,Regiao,Região Norte,,,Cap II,14431,C00–D48,Neoplasias (tumores e cânceres)
2024,Estado,Região Norte,Rondônia,RO,Cap II,1587,C00–D48,Neoplasias (tumores e cânceres)
2024,Estado,Região Norte,Acre,AC,Cap II,726,C00–D48,Neoplasias (tumores e cânceres)
2024,Estado,Região Norte,Amazonas,AM,Cap II,3204,C00–D48,Neoplasias (tumores e cânceres)
2024,Estado,Região Norte,Roraima,RR,Cap II,526,C00–D48,Neoplasias (tumores e cânceres)
2024,Estado,Região Norte,Pará,PA,Cap II,6377,C00–D48,Neoplasias (tumores e cânceres)
2024,Estado,Região Norte,Amapá,AP,Cap II,594,C00–D48,Neoplasias (tumores e cânceres)
2024,Estado,Região Norte,Tocantins,TO,Cap II,1417,C00–D48,Neoplasias (tumores e cânceres)
2024,Regiao,Região Nordeste,,,Cap II,60737,C00–D48,Neoplasias (tumores e cânceres)
2024,Estado,Região Nordeste,Maranhão,MA,Cap II,5237,C00–D48,Neoplasias (tumores e cânceres)
2024,Estado,Região Nordeste,Piauí,PI,Cap II,3421,C00–D48,Neoplasias (tumores e cânceres)
2024,Estado,Região Nordeste,Ceará,CE,Cap II,10876,C00–D48,Neoplasias (tumores e cânceres)
2024,Estado,Região Nordeste,Rio Grande do Norte,RN,Cap II,4084,C00–D48,Neoplasias (tumores e cânceres)
2024,Estado,Região Nordeste,Paraíba,PB,Cap II,4729,C00–D48,Neoplasias (tumores e cânceres)
2024,Estado,Região Nordeste,Pernambuco,PE,Cap II,10886,C00–D48,Neoplasias (tumores e cânceres)
2024,Estado,Região Nordeste,Alagoas,AL,Cap II,2892,C00–D48,Neoplasias (tumores e cânceres)
2024,Estado,Região Nordeste,Sergipe,SE,Cap II,2328,C00–D48,Neoplasias (tumores e cânceres)
2024,Estado,Região Nordeste,Bahia,BA,Cap II,16284,C00–D48,Neoplasias (tumores e cânceres)
2024,Regiao,Região Sudeste,,,Cap II,121954,C00–D48,Neoplasias (tumores e cânceres)
2024,Estado,Região Sudeste,Minas Gerais,MG,Cap II,27850,C00–D48,Neoplasias (tumores e cânceres)
2024,Estado,Região Sudeste,Espírito Santo,ES,Cap II,5330,C00–D48,Neoplasias (tumores e cânceres)
2024,Estado,Região Sudeste,Rio de Janeiro,RJ,Cap II,24775,C00–D48,Neoplasias (tumores e cânceres)
2024,Estado,Região Sudeste,São Paulo,SP,Cap II,63999,C00–D48,Neoplasias (tumores e cânceres)
2024,Regiao,Região Sul,,,Cap II,49763,C00–D48,Neoplasias (tumores e cânceres)
2024,Estado,Região Sul,Paraná,PR,Cap II,17165,C00–D48,Neoplasias (tumores e cânceres)
2024,Estado,Região Sul,Santa Catarina,SC,Cap II,11189,C00–D48,Neoplasias (tumores e cânceres)
2024,Estado,Região Sul,Rio Grande do Sul,RS,Cap II,21409,C00–D48,Neoplasias (tumores e cânceres)
2024,Regiao,Região Centro-Oeste,,,Cap II,17960,C00–D48,Neoplasias (tumores e cânceres)
2024,Estado,Região Centro-Oeste,Mato Grosso do Sul,MS,Cap II,3407,C00–D48,Neoplasias (tumores e cânceres)
2024,Estado,Região Centro-Oeste,Mato Grosso,MT,Cap II,3594,C00–D48,Neoplasias (tumores e cânceres)
2024,Estado,Região Centro-Oeste,Goiás,GO,Cap II,7755,C00–D48,Neoplasias (tumores e cânceres)
2024,Estado,Região Centro-Oeste,Distrito Federal,DF,Cap II,3204,C00–D48,Neoplasias (tumores e cânceres)
2025,Regiao,Região Norte,,,Cap II,14983,C00–D48,Neoplasias (tumores e cânceres)
2025,Estado,Região Norte,Rondônia,RO,Cap II,1788,C00–D48,Neoplasias (tumores e cânceres)
2025,Estado,Região Norte,Acre,AC,Cap II,736,C00–D48,Neoplasias (tumores e cânceres)
2025,Estado,Região Norte,Amazonas,AM,Cap II,3201,C00–D48,Neoplasias (tumores e cânceres)
2025,Estado,Região Norte,Roraima,RR,Cap II,531,C00–D48,Neoplasias (tumores e cânceres)
2025,Estado,Região Norte,Pará,PA,Cap II,6662,C00–D48,Neoplasias (tumores e cânceres)
2025,Estado,Região Norte,Amapá,AP,Cap II,589,C00–D48,Neoplasias (tumores e cânceres)
2025,Estado,Região Norte,Tocantins,TO,Cap II,1476,C00–D48,Neoplasias (tumores e cânceres)
2025,Regiao,Região Nordeste,,,Cap II,61719,C00–D48,Neoplasias (tumores e cânceres)
2025,Estado,Região Nordeste,Maranhão,MA,Cap II,5156,C00–D48,Neoplasias (tumores e cânceres)
2025,Estado,Região Nordeste,Piauí,PI,Cap II,3460,C00–D48,Neoplasias (tumores e cânceres)
2025,Estado,Região Nordeste,Ceará,CE,Cap II,10923,C00–D48,Neoplasias (tumores e cânceres)
2025,Estado,Região Nordeste,Rio Grande do Norte,RN,Cap II,4259,C00–D48,Neoplasias (tumores e cânceres)
2025,Estado,Região Nordeste,Paraíba,PB,Cap II,4846,C00–D48,Neoplasias (tumores e cânceres)
2025,Estado,Região Nordeste,Pernambuco,PE,Cap II,10937,C00–D48,Neoplasias (tumores e cânceres)
2025,Estado,Região Nordeste,Alagoas,AL,Cap II,2938,C00–D48,Neoplasias (tumores e cânceres)
2025,Estado,Região Nordeste,Sergipe,SE,Cap II,2248,C00–D48,Neoplasias (tumores e cânceres)
2025,Estado,Região Nordeste,Bahia,BA,Cap II,16952,C00–D48,Neoplasias (tumores e cânceres)
2025,Regiao,Região Sudeste,,,Cap II,124071,C00–D48,Neoplasias (tumores e cânceres)
2025,Estado,Região Sudeste,Minas Gerais,MG,Cap II,28203,C00–D48,Neoplasias (tumores e cânceres)
2025,Estado,Região Sudeste,Espírito Santo,ES,Cap II,5453,C00–D48,Neoplasias (tumores e cânceres)
2025,Estado,Região Sudeste,Rio de Janeiro,RJ,Cap II,25422,C00–D48,Neoplasias (tumores e cânceres)
2025,Estado,Região Sudeste,São Paulo,SP,Cap II,64993,C00–D48,Neoplasias (tumores e cânceres)
2025,Regiao,Região Sul,,,Cap II,50315,C00–D48,Neoplasias (tumores e cânceres)
2025,Estado,Região Sul,Paraná,PR,Cap II,17572,C00–D48,Neoplasias (tumores e cânceres)
2025,Estado,Região Sul,Santa Catarina,SC,Cap II,11678,C00–D48,Neoplasias (tumores e cânceres)
2025,Estado,Região Sul,Rio Grande do Sul,RS,Cap II,21065,C00–D48,Neoplasias (tumores e cânceres)
2025,Regiao,Região Centro-Oeste,,,Cap II,18316,C00–D48,Neoplasias (tumores e cânceres)
2025,Estado,Região Centro-Oeste,Mato Grosso do Sul,MS,Cap II,3405,C00–D48,Neoplasias (tumores e cânceres)
2025,Estado,Região Centro-Oeste,Mato Grosso,MT,Cap II,3812,C00–D48,Neoplasias (tumores e cânceres)
2025,Estado,Região Centro-Oeste,Goiás,GO,Cap II,7933,C00–D48,Neoplasias (tumores e cânceres)
2025,Estado,Região Centro-Oeste,Distrito Federal,DF,Cap II,3166,C00–D48,Neoplasias (tumores e cânceres)
2026,Regiao,Região Norte,,,Cap II,5432,C00–D48,Neoplasias (tumores e cânceres)
2026,Estado,Região Norte,Rondônia,RO,Cap II,602,C00–D48,Neoplasias (tumores e cânceres)
2026,Estado,Região Norte,Acre,AC,Cap II,258,C00–D48,Neoplasias (tumores e cânceres)
2026,Estado,Região Norte,Amazonas,AM,Cap II,1116,C00–D48,Neoplasias (tumores e cânceres)
2026,Estado,Região Norte,Roraima,RR,Cap II,182,C00–D48,Neoplasias (tumores e cânceres)
2026,Estado,Região Norte,Pará,PA,Cap II,2513,C00–D48,Neoplasias (tumores e cânceres)
2026,Estado,Região Norte,Amapá,AP,Cap II,232,C00–D48,Neoplasias (tumores e cânceres)
2026,Estado,Região Norte,Tocantins,TO,Cap II,529,C00–D48,Neoplasias (tumores e cânceres)
2026,Regiao,Região Nordeste,,,Cap II,21681,C00–D48,Neoplasias (tumores e cânceres)
2026,Estado,Região Nordeste,Maranhão,MA,Cap II,1932,C00–D48,Neoplasias (tumores e cânceres)
2026,Estado,Região Nordeste,Piauí,PI,Cap II,1172,C00–D48,Neoplasias (tumores e cânceres)
2026,Estado,Região Nordeste,Ceará,CE,Cap II,4036,C00–D48,Neoplasias (tumores e cânceres)
2026,Estado,Região Nordeste,Rio Grande do Norte,RN,Cap II,1502,C00–D48,Neoplasias (tumores e cânceres)
2026,Estado,Região Nordeste,Paraíba,PB,Cap II,1853,C00–D48,Neoplasias (tumores e cânceres)
2026,Estado,Região Nordeste,Pernambuco,PE,Cap II,3636,C00–D48,Neoplasias (tumores e cânceres)
2026,Estado,Região Nordeste,Alagoas,AL,Cap II,1064,C00–D48,Neoplasias (tumores e cânceres)
2026,Estado,Região Nordeste,Sergipe,SE,Cap II,775,C00–D48,Neoplasias (tumores e cânceres)
2026,Estado,Região Nordeste,Bahia,BA,Cap II,5711,C00–D48,Neoplasias (tumores e cânceres)
2026,Regiao,Região Sudeste,,,Cap II,42494,C00–D48,Neoplasias (tumores e cânceres)
2026,Estado,Região Sudeste,Minas Gerais,MG,Cap II,9427,C00–D48,Neoplasias (tumores e cânceres)
2026,Estado,Região Sudeste,Espírito Santo,ES,Cap II,1775,C00–D48,Neoplasias (tumores e cânceres)
2026,Estado,Região Sudeste,Rio de Janeiro,RJ,Cap II,8428,C00–D48,Neoplasias (tumores e cânceres)
2026,Estado,Região Sudeste,São Paulo,SP,Cap II,22864,C00–D48,Neoplasias (tumores e cânceres)
2026,Regiao,Região Sul,,,Cap II,17712,C00–D48,Neoplasias (tumores e cânceres)
2026,Estado,Região Sul,Paraná,PR,Cap II,6404,C00–D48,Neoplasias (tumores e cânceres)
2026,Estado,Região Sul,Santa Catarina,SC,Cap II,4299,C00–D48,Neoplasias (tumores e cânceres)
2026,Estado,Região Sul,Rio Grande do Sul,RS,Cap II,7009,C00–D48,Neoplasias (tumores e cânceres)
2026,Regiao,Região Centro-Oeste,,,Cap II,6570,C00–D48,Neoplasias (tumores e cânceres)
2026,Estado,Região Centro-Oeste,Mato Grosso do Sul,MS,Cap II,1261,C00–D48,Neoplasias (tumores e cânceres)
2026,Estado,Região Centro-Oeste,Mato Grosso,MT,Cap II,1404,C00–D48,Neoplasias (tumores e cânceres)
2026,Estado,Região Centro-Oeste,Goiás,GO,Cap II,2773,C00–D48,Neoplasias (tumores e cânceres)
2026,Estado,Região Centro-Oeste,Distrito Federal,DF,Cap II,1132,C00–D48,Neoplasias (tumores e cânceres)
2016,Regiao,Região Norte,,,Cap III,486,D50–D89,Doenças do sangue e dos órgãos hematopoéticos e transtornos imunitários
2016,Estado,Região Norte,Rondônia,RO,Cap III,43,D50–D89,Doenças do sangue e dos órgãos hematopoéticos e transtornos imunitários
2016,Estado,Região Norte,Acre,AC,Cap III,28,D50–D89,Doenças do sangue e dos órgãos hematopoéticos e transtornos imunitários
2016,Estado,Região Norte,Amazonas,AM,Cap III,111,D50–D89,Doenças do sangue e dos órgãos hematopoéticos e transtornos imunitários
2016,Estado,Região Norte,Roraima,RR,Cap III,9,D50–D89,Doenças do sangue e dos órgãos hematopoéticos e transtornos imunitários
2016,Estado,Região Norte,Pará,PA,Cap III,242,D50–D89,Doenças do sangue e dos órgãos hematopoéticos e transtornos imunitários
2016,Estado,Região Norte,Amapá,AP,Cap III,18,D50–D89,Doenças do sangue e dos órgãos hematopoéticos e transtornos imunitários
2016,Estado,Região Norte,Tocantins,TO,Cap III,35,D50–D89,Doenças do sangue e dos órgãos hematopoéticos e transtornos imunitários
2016,Regiao,Região Nordeste,,,Cap III,2113,D50–D89,Doenças do sangue e dos órgãos hematopoéticos e transtornos imunitários
2016,Estado,Região Nordeste,Maranhão,MA,Cap III,229,D50–D89,Doenças do sangue e dos órgãos hematopoéticos e transtornos imunitários
2016,Estado,Região Nordeste,Piauí,PI,Cap III,101,D50–D89,Doenças do sangue e dos órgãos hematopoéticos e transtornos imunitários
2016,Estado,Região Nordeste,Ceará,CE,Cap III,313,D50–D89,Doenças do sangue e dos órgãos hematopoéticos e transtornos imunitários
2016,Estado,Região Nordeste,Rio Grande do Norte,RN,Cap III,149,D50–D89,Doenças do sangue e dos órgãos hematopoéticos e transtornos imunitários
2016,Estado,Região Nordeste,Paraíba,PB,Cap III,151,D50–D89,Doenças do sangue e dos órgãos hematopoéticos e transtornos imunitários
2016,Estado,Região Nordeste,Pernambuco,PE,Cap III,361,D50–D89,Doenças do sangue e dos órgãos hematopoéticos e transtornos imunitários
2016,Estado,Região Nordeste,Alagoas,AL,Cap III,104,D50–D89,Doenças do sangue e dos órgãos hematopoéticos e transtornos imunitários
2016,Estado,Região Nordeste,Sergipe,SE,Cap III,64,D50–D89,Doenças do sangue e dos órgãos hematopoéticos e transtornos imunitários
2016,Estado,Região Nordeste,Bahia,BA,Cap III,641,D50–D89,Doenças do sangue e dos órgãos hematopoéticos e transtornos imunitários
2016,Regiao,Região Sudeste,,,Cap III,3101,D50–D89,Doenças do sangue e dos órgãos hematopoéticos e transtornos imunitários
2016,Estado,Região Sudeste,Minas Gerais,MG,Cap III,816,D50–D89,Doenças do sangue e dos órgãos hematopoéticos e transtornos imunitários
2016,Estado,Região Sudeste,Espírito Santo,ES,Cap III,69,D50–D89,Doenças do sangue e dos órgãos hematopoéticos e transtornos imunitários
2016,Estado,Região Sudeste,Rio de Janeiro,RJ,Cap III,908,D50–D89,Doenças do sangue e dos órgãos hematopoéticos e transtornos imunitários
2016,Estado,Região Sudeste,São Paulo,SP,Cap III,1308,D50–D89,Doenças do sangue e dos órgãos hematopoéticos e transtornos imunitários
2016,Regiao,Região Sul,,,Cap III,746,D50–D89,Doenças do sangue e dos órgãos hematopoéticos e transtornos imunitários
2016,Estado,Região Sul,Paraná,PR,Cap III,280,D50–D89,Doenças do sangue e dos órgãos hematopoéticos e transtornos imunitários
2016,Estado,Região Sul,Santa Catarina,SC,Cap III,160,D50–D89,Doenças do sangue e dos órgãos hematopoéticos e transtornos imunitários
2016,Estado,Região Sul,Rio Grande do Sul,RS,Cap III,306,D50–D89,Doenças do sangue e dos órgãos hematopoéticos e transtornos imunitários
2016,Regiao,Região Centro-Oeste,,,Cap III,432,D50–D89,Doenças do sangue e dos órgãos hematopoéticos e transtornos imunitários
2016,Estado,Região Centro-Oeste,Mato Grosso do Sul,MS,Cap III,64,D50–D89,Doenças do sangue e dos órgãos hematopoéticos e transtornos imunitários
2016,Estado,Região Centro-Oeste,Mato Grosso,MT,Cap III,116,D50–D89,Doenças do sangue e dos órgãos hematopoéticos e transtornos imunitários
2016,Estado,Região Centro-Oeste,Goiás,GO,Cap III,194,D50–D89,Doenças do sangue e dos órgãos hematopoéticos e transtornos imunitários
2016,Estado,Região Centro-Oeste,Distrito Federal,DF,Cap III,58,D50–D89,Doenças do sangue e dos órgãos hematopoéticos e transtornos imunitários
2017,Regiao,Região Norte,,,Cap III,459,D50–D89,Doenças do sangue e dos órgãos hematopoéticos e transtornos imunitários
2017,Estado,Região Norte,Rondônia,RO,Cap III,46,D50–D89,Doenças do sangue e dos órgãos hematopoéticos e transtornos imunitários
2017,Estado,Região Norte,Acre,AC,Cap III,27,D50–D89,Doenças do sangue e dos órgãos hematopoéticos e transtornos imunitários
2017,Estado,Região Norte,Amazonas,AM,Cap III,82,D50–D89,Doenças do sangue e dos órgãos hematopoéticos e transtornos imunitários
2017,Estado,Região Norte,Roraima,RR,Cap III,10,D50–D89,Doenças do sangue e dos órgãos hematopoéticos e transtornos imunitários
2017,Estado,Região Norte,Pará,PA,Cap III,249,D50–D89,Doenças do sangue e dos órgãos hematopoéticos e transtornos imunitários
2017,Estado,Região Norte,Amapá,AP,Cap III,14,D50–D89,Doenças do sangue e dos órgãos hematopoéticos e transtornos imunitários
2017,Estado,Região Norte,Tocantins,TO,Cap III,31,D50–D89,Doenças do sangue e dos órgãos hematopoéticos e transtornos imunitários
2017,Regiao,Região Nordeste,,,Cap III,2038,D50–D89,Doenças do sangue e dos órgãos hematopoéticos e transtornos imunitários
2017,Estado,Região Nordeste,Maranhão,MA,Cap III,243,D50–D89,Doenças do sangue e dos órgãos hematopoéticos e transtornos imunitários
2017,Estado,Região Nordeste,Piauí,PI,Cap III,119,D50–D89,Doenças do sangue e dos órgãos hematopoéticos e transtornos imunitários
2017,Estado,Região Nordeste,Ceará,CE,Cap III,297,D50–D89,Doenças do sangue e dos órgãos hematopoéticos e transtornos imunitários
2017,Estado,Região Nordeste,Rio Grande do Norte,RN,Cap III,131,D50–D89,Doenças do sangue e dos órgãos hematopoéticos e transtornos imunitários
2017,Estado,Região Nordeste,Paraíba,PB,Cap III,133,D50–D89,Doenças do sangue e dos órgãos hematopoéticos e transtornos imunitários
2017,Estado,Região Nordeste,Pernambuco,PE,Cap III,305,D50–D89,Doenças do sangue e dos órgãos hematopoéticos e transtornos imunitários
2017,Estado,Região Nordeste,Alagoas,AL,Cap III,105,D50–D89,Doenças do sangue e dos órgãos hematopoéticos e transtornos imunitários
2017,Estado,Região Nordeste,Sergipe,SE,Cap III,71,D50–D89,Doenças do sangue e dos órgãos hematopoéticos e transtornos imunitários
2017,Estado,Região Nordeste,Bahia,BA,Cap III,634,D50–D89,Doenças do sangue e dos órgãos hematopoéticos e transtornos imunitários
2017,Regiao,Região Sudeste,,,Cap III,2965,D50–D89,Doenças do sangue e dos órgãos hematopoéticos e transtornos imunitários
2017,Estado,Região Sudeste,Minas Gerais,MG,Cap III,853,D50–D89,Doenças do sangue e dos órgãos hematopoéticos e transtornos imunitários
2017,Estado,Região Sudeste,Espírito Santo,ES,Cap III,65,D50–D89,Doenças do sangue e dos órgãos hematopoéticos e transtornos imunitários
2017,Estado,Região Sudeste,Rio de Janeiro,RJ,Cap III,830,D50–D89,Doenças do sangue e dos órgãos hematopoéticos e transtornos imunitários
2017,Estado,Região Sudeste,São Paulo,SP,Cap III,1217,D50–D89,Doenças do sangue e dos órgãos hematopoéticos e transtornos imunitários
2017,Regiao,Região Sul,,,Cap III,804,D50–D89,Doenças do sangue e dos órgãos hematopoéticos e transtornos imunitários
2017,Estado,Região Sul,Paraná,PR,Cap III,294,D50–D89,Doenças do sangue e dos órgãos hematopoéticos e transtornos imunitários
2017,Estado,Região Sul,Santa Catarina,SC,Cap III,188,D50–D89,Doenças do sangue e dos órgãos hematopoéticos e transtornos imunitários
2017,Estado,Região Sul,Rio Grande do Sul,RS,Cap III,322,D50–D89,Doenças do sangue e dos órgãos hematopoéticos e transtornos imunitários
2017,Regiao,Região Centro-Oeste,,,Cap III,356,D50–D89,Doenças do sangue e dos órgãos hematopoéticos e transtornos imunitários
2017,Estado,Região Centro-Oeste,Mato Grosso do Sul,MS,Cap III,52,D50–D89,Doenças do sangue e dos órgãos hematopoéticos e transtornos imunitários
2017,Estado,Região Centro-Oeste,Mato Grosso,MT,Cap III,99,D50–D89,Doenças do sangue e dos órgãos hematopoéticos e transtornos imunitários
2017,Estado,Região Centro-Oeste,Goiás,GO,Cap III,165,D50–D89,Doenças do sangue e dos órgãos hematopoéticos e transtornos imunitários
2017,Estado,Região Centro-Oeste,Distrito Federal,DF,Cap III,40,D50–D89,Doenças do sangue e dos órgãos hematopoéticos e transtornos imunitários
2018,Regiao,Região Norte,,,Cap III,459,D50–D89,Doenças do sangue e dos órgãos hematopoéticos e transtornos imunitários
2018,Estado,Região Norte,Rondônia,RO,Cap III,43,D50–D89,Doenças do sangue e dos órgãos hematopoéticos e transtornos imunitários
2018,Estado,Região Norte,Acre,AC,Cap III,32,D50–D89,Doenças do sangue e dos órgãos hematopoéticos e transtornos imunitários
2018,Estado,Região Norte,Amazonas,AM,Cap III,96,D50–D89,Doenças do sangue e dos órgãos hematopoéticos e transtornos imunitários
2018,Estado,Região Norte,Roraima,RR,Cap III,15,D50–D89,Doenças do sangue e dos órgãos hematopoéticos e transtornos imunitários
2018,Estado,Região Norte,Pará,PA,Cap III,226,D50–D89,Doenças do sangue e dos órgãos hematopoéticos e transtornos imunitários
2018,Estado,Região Norte,Amapá,AP,Cap III,18,D50–D89,Doenças do sangue e dos órgãos hematopoéticos e transtornos imunitários
2018,Estado,Região Norte,Tocantins,TO,Cap III,29,D50–D89,Doenças do sangue e dos órgãos hematopoéticos e transtornos imunitários
2018,Regiao,Região Nordeste,,,Cap III,1920,D50–D89,Doenças do sangue e dos órgãos hematopoéticos e transtornos imunitários
2018,Estado,Região Nordeste,Maranhão,MA,Cap III,211,D50–D89,Doenças do sangue e dos órgãos hematopoéticos e transtornos imunitários
2018,Estado,Região Nordeste,Piauí,PI,Cap III,137,D50–D89,Doenças do sangue e dos órgãos hematopoéticos e transtornos imunitários
2018,Estado,Região Nordeste,Ceará,CE,Cap III,264,D50–D89,Doenças do sangue e dos órgãos hematopoéticos e transtornos imunitários
2018,Estado,Região Nordeste,Rio Grande do Norte,RN,Cap III,108,D50–D89,Doenças do sangue e dos órgãos hematopoéticos e transtornos imunitários
2018,Estado,Região Nordeste,Paraíba,PB,Cap III,132,D50–D89,Doenças do sangue e dos órgãos hematopoéticos e transtornos imunitários
2018,Estado,Região Nordeste,Pernambuco,PE,Cap III,316,D50–D89,Doenças do sangue e dos órgãos hematopoéticos e transtornos imunitários
2018,Estado,Região Nordeste,Alagoas,AL,Cap III,106,D50–D89,Doenças do sangue e dos órgãos hematopoéticos e transtornos imunitários
2018,Estado,Região Nordeste,Sergipe,SE,Cap III,59,D50–D89,Doenças do sangue e dos órgãos hematopoéticos e transtornos imunitários
2018,Estado,Região Nordeste,Bahia,BA,Cap III,587,D50–D89,Doenças do sangue e dos órgãos hematopoéticos e transtornos imunitários
2018,Regiao,Região Sudeste,,,Cap III,3072,D50–D89,Doenças do sangue e dos órgãos hematopoéticos e transtornos imunitários
2018,Estado,Região Sudeste,Minas Gerais,MG,Cap III,839,D50–D89,Doenças do sangue e dos órgãos hematopoéticos e transtornos imunitários
2018,Estado,Região Sudeste,Espírito Santo,ES,Cap III,74,D50–D89,Doenças do sangue e dos órgãos hematopoéticos e transtornos imunitários
2018,Estado,Região Sudeste,Rio de Janeiro,RJ,Cap III,893,D50–D89,Doenças do sangue e dos órgãos hematopoéticos e transtornos imunitários
2018,Estado,Região Sudeste,São Paulo,SP,Cap III,1266,D50–D89,Doenças do sangue e dos órgãos hematopoéticos e transtornos imunitários
2018,Regiao,Região Sul,,,Cap III,730,D50–D89,Doenças do sangue e dos órgãos hematopoéticos e transtornos imunitários
2018,Estado,Região Sul,Paraná,PR,Cap III,287,D50–D89,Doenças do sangue e dos órgãos hematopoéticos e transtornos imunitários
2018,Estado,Região Sul,Santa Catarina,SC,Cap III,141,D50–D89,Doenças do sangue e dos órgãos hematopoéticos e transtornos imunitários
2018,Estado,Região Sul,Rio Grande do Sul,RS,Cap III,302,D50–D89,Doenças do sangue e dos órgãos hematopoéticos e transtornos imunitários
2018,Regiao,Região Centro-Oeste,,,Cap III,420,D50–D89,Doenças do sangue e dos órgãos hematopoéticos e transtornos imunitários
2018,Estado,Região Centro-Oeste,Mato Grosso do Sul,MS,Cap III,65,D50–D89,Doenças do sangue e dos órgãos hematopoéticos e transtornos imunitários
2018,Estado,Região Centro-Oeste,Mato Grosso,MT,Cap III,117,D50–D89,Doenças do sangue e dos órgãos hematopoéticos e transtornos imunitários
2018,Estado,Região Centro-Oeste,Goiás,GO,Cap III,180,D50–D89,Doenças do sangue e dos órgãos hematopoéticos e transtornos imunitários
2018,Estado,Região Centro-Oeste,Distrito Federal,DF,Cap III,58,D50–D89,Doenças do sangue e dos órgãos hematopoéticos e transtornos imunitários
2019,Regiao,Região Norte,,,Cap III,531,D50–D89,Doenças do sangue e dos órgãos hematopoéticos e transtornos imunitários
2019,Estado,Região Norte,Rondônia,RO,Cap III,38,D50–D89,Doenças do sangue e dos órgãos hematopoéticos e transtornos imunitários
2019,Estado,Região Norte,Acre,AC,Cap III,41,D50–D89,Doenças do sangue e dos órgãos hematopoéticos e transtornos imunitários
2019,Estado,Região Norte,Amazonas,AM,Cap III,107,D50–D89,Doenças do sangue e dos órgãos hematopoéticos e transtornos imunitários
2019,Estado,Região Norte,Roraima,RR,Cap III,13,D50–D89,Doenças do sangue e dos órgãos hematopoéticos e transtornos imunitários
2019,Estado,Região Norte,Pará,PA,Cap III,246,D50–D89,Doenças do sangue e dos órgãos hematopoéticos e transtornos imunitários
2019,Estado,Região Norte,Amapá,AP,Cap III,23,D50–D89,Doenças do sangue e dos órgãos hematopoéticos e transtornos imunitários
2019,Estado,Região Norte,Tocantins,TO,Cap III,63,D50–D89,Doenças do sangue e dos órgãos hematopoéticos e transtornos imunitários
2019,Regiao,Região Nordeste,,,Cap III,2053,D50–D89,Doenças do sangue e dos órgãos hematopoéticos e transtornos imunitários
2019,Estado,Região Nordeste,Maranhão,MA,Cap III,215,D50–D89,Doenças do sangue e dos órgãos hematopoéticos e transtornos imunitários
2019,Estado,Região Nordeste,Piauí,PI,Cap III,123,D50–D89,Doenças do sangue e dos órgãos hematopoéticos e transtornos imunitários
2019,Estado,Região Nordeste,Ceará,CE,Cap III,308,D50–D89,Doenças do sangue e dos órgãos hematopoéticos e transtornos imunitários
2019,Estado,Região Nordeste,Rio Grande do Norte,RN,Cap III,137,D50–D89,Doenças do sangue e dos órgãos hematopoéticos e transtornos imunitários
2019,Estado,Região Nordeste,Paraíba,PB,Cap III,154,D50–D89,Doenças do sangue e dos órgãos hematopoéticos e transtornos imunitários
2019,Estado,Região Nordeste,Pernambuco,PE,Cap III,321,D50–D89,Doenças do sangue e dos órgãos hematopoéticos e transtornos imunitários
2019,Estado,Região Nordeste,Alagoas,AL,Cap III,93,D50–D89,Doenças do sangue e dos órgãos hematopoéticos e transtornos imunitários
2019,Estado,Região Nordeste,Sergipe,SE,Cap III,73,D50–D89,Doenças do sangue e dos órgãos hematopoéticos e transtornos imunitários
2019,Estado,Região Nordeste,Bahia,BA,Cap III,629,D50–D89,Doenças do sangue e dos órgãos hematopoéticos e transtornos imunitários
2019,Regiao,Região Sudeste,,,Cap III,3240,D50–D89,Doenças do sangue e dos órgãos hematopoéticos e transtornos imunitários
2019,Estado,Região Sudeste,Minas Gerais,MG,Cap III,862,D50–D89,Doenças do sangue e dos órgãos hematopoéticos e transtornos imunitários
2019,Estado,Região Sudeste,Espírito Santo,ES,Cap III,95,D50–D89,Doenças do sangue e dos órgãos hematopoéticos e transtornos imunitários
2019,Estado,Região Sudeste,Rio de Janeiro,RJ,Cap III,944,D50–D89,Doenças do sangue e dos órgãos hematopoéticos e transtornos imunitários
2019,Estado,Região Sudeste,São Paulo,SP,Cap III,1339,D50–D89,Doenças do sangue e dos órgãos hematopoéticos e transtornos imunitários
2019,Regiao,Região Sul,,,Cap III,793,D50–D89,Doenças do sangue e dos órgãos hematopoéticos e transtornos imunitários
2019,Estado,Região Sul,Paraná,PR,Cap III,320,D50–D89,Doenças do sangue e dos órgãos hematopoéticos e transtornos imunitários
2019,Estado,Região Sul,Santa Catarina,SC,Cap III,160,D50–D89,Doenças do sangue e dos órgãos hematopoéticos e transtornos imunitários
2019,Estado,Região Sul,Rio Grande do Sul,RS,Cap III,313,D50–D89,Doenças do sangue e dos órgãos hematopoéticos e transtornos imunitários
2019,Regiao,Região Centro-Oeste,,,Cap III,451,D50–D89,Doenças do sangue e dos órgãos hematopoéticos e transtornos imunitários
2019,Estado,Região Centro-Oeste,Mato Grosso do Sul,MS,Cap III,69,D50–D89,Doenças do sangue e dos órgãos hematopoéticos e transtornos imunitários
2019,Estado,Região Centro-Oeste,Mato Grosso,MT,Cap III,115,D50–D89,Doenças do sangue e dos órgãos hematopoéticos e transtornos imunitários
2019,Estado,Região Centro-Oeste,Goiás,GO,Cap III,198,D50–D89,Doenças do sangue e dos órgãos hematopoéticos e transtornos imunitários
2019,Estado,Região Centro-Oeste,Distrito Federal,DF,Cap III,69,D50–D89,Doenças do sangue e dos órgãos hematopoéticos e transtornos imunitários
2020,Regiao,Região Norte,,,Cap III,510,D50–D89,Doenças do sangue e dos órgãos hematopoéticos e transtornos imunitários
2020,Estado,Região Norte,Rondônia,RO,Cap III,42,D50–D89,Doenças do sangue e dos órgãos hematopoéticos e transtornos imunitários
2020,Estado,Região Norte,Acre,AC,Cap III,34,D50–D89,Doenças do sangue e dos órgãos hematopoéticos e transtornos imunitários
2020,Estado,Região Norte,Amazonas,AM,Cap III,110,D50–D89,Doenças do sangue e dos órgãos hematopoéticos e transtornos imunitários
2020,Estado,Região Norte,Roraima,RR,Cap III,22,D50–D89,Doenças do sangue e dos órgãos hematopoéticos e transtornos imunitários
2020,Estado,Região Norte,Pará,PA,Cap III,258,D50–D89,Doenças do sangue e dos órgãos hematopoéticos e transtornos imunitários
2020,Estado,Região Norte,Amapá,AP,Cap III,13,D50–D89,Doenças do sangue e dos órgãos hematopoéticos e transtornos imunitários
2020,Estado,Região Norte,Tocantins,TO,Cap III,31,D50–D89,Doenças do sangue e dos órgãos hematopoéticos e transtornos imunitários
2020,Regiao,Região Nordeste,,,Cap III,1888,D50–D89,Doenças do sangue e dos órgãos hematopoéticos e transtornos imunitários
2020,Estado,Região Nordeste,Maranhão,MA,Cap III,223,D50–D89,Doenças do sangue e dos órgãos hematopoéticos e transtornos imunitários
2020,Estado,Região Nordeste,Piauí,PI,Cap III,110,D50–D89,Doenças do sangue e dos órgãos hematopoéticos e transtornos imunitários
2020,Estado,Região Nordeste,Ceará,CE,Cap III,289,D50–D89,Doenças do sangue e dos órgãos hematopoéticos e transtornos imunitários
2020,Estado,Região Nordeste,Rio Grande do Norte,RN,Cap III,128,D50–D89,Doenças do sangue e dos órgãos hematopoéticos e transtornos imunitários
2020,Estado,Região Nordeste,Paraíba,PB,Cap III,117,D50–D89,Doenças do sangue e dos órgãos hematopoéticos e transtornos imunitários
2020,Estado,Região Nordeste,Pernambuco,PE,Cap III,296,D50–D89,Doenças do sangue e dos órgãos hematopoéticos e transtornos imunitários
2020,Estado,Região Nordeste,Alagoas,AL,Cap III,76,D50–D89,Doenças do sangue e dos órgãos hematopoéticos e transtornos imunitários
2020,Estado,Região Nordeste,Sergipe,SE,Cap III,58,D50–D89,Doenças do sangue e dos órgãos hematopoéticos e transtornos imunitários
2020,Estado,Região Nordeste,Bahia,BA,Cap III,591,D50–D89,Doenças do sangue e dos órgãos hematopoéticos e transtornos imunitários
2020,Regiao,Região Sudeste,,,Cap III,3080,D50–D89,Doenças do sangue e dos órgãos hematopoéticos e transtornos imunitários
2020,Estado,Região Sudeste,Minas Gerais,MG,Cap III,798,D50–D89,Doenças do sangue e dos órgãos hematopoéticos e transtornos imunitários
2020,Estado,Região Sudeste,Espírito Santo,ES,Cap III,94,D50–D89,Doenças do sangue e dos órgãos hematopoéticos e transtornos imunitários
2020,Estado,Região Sudeste,Rio de Janeiro,RJ,Cap III,936,D50–D89,Doenças do sangue e dos órgãos hematopoéticos e transtornos imunitários
2020,Estado,Região Sudeste,São Paulo,SP,Cap III,1252,D50–D89,Doenças do sangue e dos órgãos hematopoéticos e transtornos imunitários
2020,Regiao,Região Sul,,,Cap III,702,D50–D89,Doenças do sangue e dos órgãos hematopoéticos e transtornos imunitários
2020,Estado,Região Sul,Paraná,PR,Cap III,278,D50–D89,Doenças do sangue e dos órgãos hematopoéticos e transtornos imunitários
2020,Estado,Região Sul,Santa Catarina,SC,Cap III,164,D50–D89,Doenças do sangue e dos órgãos hematopoéticos e transtornos imunitários
2020,Estado,Região Sul,Rio Grande do Sul,RS,Cap III,260,D50–D89,Doenças do sangue e dos órgãos hematopoéticos e transtornos imunitários
2020,Regiao,Região Centro-Oeste,,,Cap III,416,D50–D89,Doenças do sangue e dos órgãos hematopoéticos e transtornos imunitários
2020,Estado,Região Centro-Oeste,Mato Grosso do Sul,MS,Cap III,71,D50–D89,Doenças do sangue e dos órgãos hematopoéticos e transtornos imunitários
2020,Estado,Região Centro-Oeste,Mato Grosso,MT,Cap III,107,D50–D89,Doenças do sangue e dos órgãos hematopoéticos e transtornos imunitários
2020,Estado,Região Centro-Oeste,Goiás,GO,Cap III,168,D50–D89,Doenças do sangue e dos órgãos hematopoéticos e transtornos imunitários
2020,Estado,Região Centro-Oeste,Distrito Federal,DF,Cap III,70,D50–D89,Doenças do sangue e dos órgãos hematopoéticos e transtornos imunitários
2021,Regiao,Região Norte,,,Cap III,561,D50–D89,Doenças do sangue e dos órgãos hematopoéticos e transtornos imunitários
2021,Estado,Região Norte,Rondônia,RO,Cap III,52,D50–D89,Doenças do sangue e dos órgãos hematopoéticos e transtornos imunitários
2021,Estado,Região Norte,Acre,AC,Cap III,37,D50–D89,Doenças do sangue e dos órgãos hematopoéticos e transtornos imunitários
2021,Estado,Região Norte,Amazonas,AM,Cap III,123,D50–D89,Doenças do sangue e dos órgãos hematopoéticos e transtornos imunitários
2021,Estado,Região Norte,Roraima,RR,Cap III,17,D50–D89,Doenças do sangue e dos órgãos hematopoéticos e transtornos imunitários
2021,Estado,Região Norte,Pará,PA,Cap III,276,D50–D89,Doenças do sangue e dos órgãos hematopoéticos e transtornos imunitários
2021,Estado,Região Norte,Amapá,AP,Cap III,24,D50–D89,Doenças do sangue e dos órgãos hematopoéticos e transtornos imunitários
2021,Estado,Região Norte,Tocantins,TO,Cap III,32,D50–D89,Doenças do sangue e dos órgãos hematopoéticos e transtornos imunitários
2021,Regiao,Região Nordeste,,,Cap III,2013,D50–D89,Doenças do sangue e dos órgãos hematopoéticos e transtornos imunitários
2021,Estado,Região Nordeste,Maranhão,MA,Cap III,203,D50–D89,Doenças do sangue e dos órgãos hematopoéticos e transtornos imunitários
2021,Estado,Região Nordeste,Piauí,PI,Cap III,121,D50–D89,Doenças do sangue e dos órgãos hematopoéticos e transtornos imunitários
2021,Estado,Região Nordeste,Ceará,CE,Cap III,265,D50–D89,Doenças do sangue e dos órgãos hematopoéticos e transtornos imunitários
2021,Estado,Região Nordeste,Rio Grande do Norte,RN,Cap III,129,D50–D89,Doenças do sangue e dos órgãos hematopoéticos e transtornos imunitários
2021,Estado,Região Nordeste,Paraíba,PB,Cap III,151,D50–D89,Doenças do sangue e dos órgãos hematopoéticos e transtornos imunitários
2021,Estado,Região Nordeste,Pernambuco,PE,Cap III,306,D50–D89,Doenças do sangue e dos órgãos hematopoéticos e transtornos imunitários
2021,Estado,Região Nordeste,Alagoas,AL,Cap III,103,D50–D89,Doenças do sangue e dos órgãos hematopoéticos e transtornos imunitários
2021,Estado,Região Nordeste,Sergipe,SE,Cap III,95,D50–D89,Doenças do sangue e dos órgãos hematopoéticos e transtornos imunitários
2021,Estado,Região Nordeste,Bahia,BA,Cap III,640,D50–D89,Doenças do sangue e dos órgãos hematopoéticos e transtornos imunitários
2021,Regiao,Região Sudeste,,,Cap III,3419,D50–D89,Doenças do sangue e dos órgãos hematopoéticos e transtornos imunitários
2021,Estado,Região Sudeste,Minas Gerais,MG,Cap III,855,D50–D89,Doenças do sangue e dos órgãos hematopoéticos e transtornos imunitários
2021,Estado,Região Sudeste,Espírito Santo,ES,Cap III,88,D50–D89,Doenças do sangue e dos órgãos hematopoéticos e transtornos imunitários
2021,Estado,Região Sudeste,Rio de Janeiro,RJ,Cap III,976,D50–D89,Doenças do sangue e dos órgãos hematopoéticos e transtornos imunitários
2021,Estado,Região Sudeste,São Paulo,SP,Cap III,1500,D50–D89,Doenças do sangue e dos órgãos hematopoéticos e transtornos imunitários
2021,Regiao,Região Sul,,,Cap III,842,D50–D89,Doenças do sangue e dos órgãos hematopoéticos e transtornos imunitários
2021,Estado,Região Sul,Paraná,PR,Cap III,334,D50–D89,Doenças do sangue e dos órgãos hematopoéticos e transtornos imunitários
2021,Estado,Região Sul,Santa Catarina,SC,Cap III,195,D50–D89,Doenças do sangue e dos órgãos hematopoéticos e transtornos imunitários
2021,Estado,Região Sul,Rio Grande do Sul,RS,Cap III,313,D50–D89,Doenças do sangue e dos órgãos hematopoéticos e transtornos imunitários
2021,Regiao,Região Centro-Oeste,,,Cap III,461,D50–D89,Doenças do sangue e dos órgãos hematopoéticos e transtornos imunitários
2021,Estado,Região Centro-Oeste,Mato Grosso do Sul,MS,Cap III,87,D50–D89,Doenças do sangue e dos órgãos hematopoéticos e transtornos imunitários
2021,Estado,Região Centro-Oeste,Mato Grosso,MT,Cap III,113,D50–D89,Doenças do sangue e dos órgãos hematopoéticos e transtornos imunitários
2021,Estado,Região Centro-Oeste,Goiás,GO,Cap III,193,D50–D89,Doenças do sangue e dos órgãos hematopoéticos e transtornos imunitários
2021,Estado,Região Centro-Oeste,Distrito Federal,DF,Cap III,68,D50–D89,Doenças do sangue e dos órgãos hematopoéticos e transtornos imunitários
2022,Regiao,Região Norte,,,Cap III,538,D50–D89,Doenças do sangue e dos órgãos hematopoéticos e transtornos imunitários
2022,Estado,Região Norte,Rondônia,RO,Cap III,56,D50–D89,Doenças do sangue e dos órgãos hematopoéticos e transtornos imunitários
2022,Estado,Região Norte,Acre,AC,Cap III,34,D50–D89,Doenças do sangue e dos órgãos hematopoéticos e transtornos imunitários
2022,Estado,Região Norte,Amazonas,AM,Cap III,124,D50–D89,Doenças do sangue e dos órgãos hematopoéticos e transtornos imunitários
2022,Estado,Região Norte,Roraima,RR,Cap III,19,D50–D89,Doenças do sangue e dos órgãos hematopoéticos e transtornos imunitários
2022,Estado,Região Norte,Pará,PA,Cap III,244,D50–D89,Doenças do sangue e dos órgãos hematopoéticos e transtornos imunitários
2022,Estado,Região Norte,Amapá,AP,Cap III,23,D50–D89,Doenças do sangue e dos órgãos hematopoéticos e transtornos imunitários
2022,Estado,Região Norte,Tocantins,TO,Cap III,38,D50–D89,Doenças do sangue e dos órgãos hematopoéticos e transtornos imunitários
2022,Regiao,Região Nordeste,,,Cap III,2146,D50–D89,Doenças do sangue e dos órgãos hematopoéticos e transtornos imunitários
2022,Estado,Região Nordeste,Maranhão,MA,Cap III,234,D50–D89,Doenças do sangue e dos órgãos hematopoéticos e transtornos imunitários
2022,Estado,Região Nordeste,Piauí,PI,Cap III,135,D50–D89,Doenças do sangue e dos órgãos hematopoéticos e transtornos imunitários
2022,Estado,Região Nordeste,Ceará,CE,Cap III,297,D50–D89,Doenças do sangue e dos órgãos hematopoéticos e transtornos imunitários
2022,Estado,Região Nordeste,Rio Grande do Norte,RN,Cap III,140,D50–D89,Doenças do sangue e dos órgãos hematopoéticos e transtornos imunitários
2022,Estado,Região Nordeste,Paraíba,PB,Cap III,132,D50–D89,Doenças do sangue e dos órgãos hematopoéticos e transtornos imunitários
2022,Estado,Região Nordeste,Pernambuco,PE,Cap III,319,D50–D89,Doenças do sangue e dos órgãos hematopoéticos e transtornos imunitários
2022,Estado,Região Nordeste,Alagoas,AL,Cap III,126,D50–D89,Doenças do sangue e dos órgãos hematopoéticos e transtornos imunitários
2022,Estado,Região Nordeste,Sergipe,SE,Cap III,86,D50–D89,Doenças do sangue e dos órgãos hematopoéticos e transtornos imunitários
2022,Estado,Região Nordeste,Bahia,BA,Cap III,677,D50–D89,Doenças do sangue e dos órgãos hematopoéticos e transtornos imunitários
2022,Regiao,Região Sudeste,,,Cap III,3451,D50–D89,Doenças do sangue e dos órgãos hematopoéticos e transtornos imunitários
2022,Estado,Região Sudeste,Minas Gerais,MG,Cap III,913,D50–D89,Doenças do sangue e dos órgãos hematopoéticos e transtornos imunitários
2022,Estado,Região Sudeste,Espírito Santo,ES,Cap III,100,D50–D89,Doenças do sangue e dos órgãos hematopoéticos e transtornos imunitários
2022,Estado,Região Sudeste,Rio de Janeiro,RJ,Cap III,901,D50–D89,Doenças do sangue e dos órgãos hematopoéticos e transtornos imunitários
2022,Estado,Região Sudeste,São Paulo,SP,Cap III,1537,D50–D89,Doenças do sangue e dos órgãos hematopoéticos e transtornos imunitários
2022,Regiao,Região Sul,,,Cap III,830,D50–D89,Doenças do sangue e dos órgãos hematopoéticos e transtornos imunitários
2022,Estado,Região Sul,Paraná,PR,Cap III,327,D50–D89,Doenças do sangue e dos órgãos hematopoéticos e transtornos imunitários
2022,Estado,Região Sul,Santa Catarina,SC,Cap III,169,D50–D89,Doenças do sangue e dos órgãos hematopoéticos e transtornos imunitários
2022,Estado,Região Sul,Rio Grande do Sul,RS,Cap III,334,D50–D89,Doenças do sangue e dos órgãos hematopoéticos e transtornos imunitários
2022,Regiao,Região Centro-Oeste,,,Cap III,519,D50–D89,Doenças do sangue e dos órgãos hematopoéticos e transtornos imunitários
2022,Estado,Região Centro-Oeste,Mato Grosso do Sul,MS,Cap III,89,D50–D89,Doenças do sangue e dos órgãos hematopoéticos e transtornos imunitários
2022,Estado,Região Centro-Oeste,Mato Grosso,MT,Cap III,125,D50–D89,Doenças do sangue e dos órgãos hematopoéticos e transtornos imunitários
2022,Estado,Região Centro-Oeste,Goiás,GO,Cap III,225,D50–D89,Doenças do sangue e dos órgãos hematopoéticos e transtornos imunitários
2022,Estado,Região Centro-Oeste,Distrito Federal,DF,Cap III,80,D50–D89,Doenças do sangue e dos órgãos hematopoéticos e transtornos imunitários
2023,Regiao,Região Norte,,,Cap III,584,D50–D89,Doenças do sangue e dos órgãos hematopoéticos e transtornos imunitários
2023,Estado,Região Norte,Rondônia,RO,Cap III,50,D50–D89,Doenças do sangue e dos órgãos hematopoéticos e transtornos imunitários
2023,Estado,Região Norte,Acre,AC,Cap III,32,D50–D89,Doenças do sangue e dos órgãos hematopoéticos e transtornos imunitários
2023,Estado,Região Norte,Amazonas,AM,Cap III,122,D50–D89,Doenças do sangue e dos órgãos hematopoéticos e transtornos imunitários
2023,Estado,Região Norte,Roraima,RR,Cap III,21,D50–D89,Doenças do sangue e dos órgãos hematopoéticos e transtornos imunitários
2023,Estado,Região Norte,Pará,PA,Cap III,299,D50–D89,Doenças do sangue e dos órgãos hematopoéticos e transtornos imunitários
2023,Estado,Região Norte,Amapá,AP,Cap III,22,D50–D89,Doenças do sangue e dos órgãos hematopoéticos e transtornos imunitários
2023,Estado,Região Norte,Tocantins,TO,Cap III,38,D50–D89,Doenças do sangue e dos órgãos hematopoéticos e transtornos imunitários
2023,Regiao,Região Nordeste,,,Cap III,2097,D50–D89,Doenças do sangue e dos órgãos hematopoéticos e transtornos imunitários
2023,Estado,Região Nordeste,Maranhão,MA,Cap III,232,D50–D89,Doenças do sangue e dos órgãos hematopoéticos e transtornos imunitários
2023,Estado,Região Nordeste,Piauí,PI,Cap III,125,D50–D89,Doenças do sangue e dos órgãos hematopoéticos e transtornos imunitários
2023,Estado,Região Nordeste,Ceará,CE,Cap III,282,D50–D89,Doenças do sangue e dos órgãos hematopoéticos e transtornos imunitários
2023,Estado,Região Nordeste,Rio Grande do Norte,RN,Cap III,127,D50–D89,Doenças do sangue e dos órgãos hematopoéticos e transtornos imunitários
2023,Estado,Região Nordeste,Paraíba,PB,Cap III,167,D50–D89,Doenças do sangue e dos órgãos hematopoéticos e transtornos imunitários
2023,Estado,Região Nordeste,Pernambuco,PE,Cap III,298,D50–D89,Doenças do sangue e dos órgãos hematopoéticos e transtornos imunitários
2023,Estado,Região Nordeste,Alagoas,AL,Cap III,119,D50–D89,Doenças do sangue e dos órgãos hematopoéticos e transtornos imunitários
2023,Estado,Região Nordeste,Sergipe,SE,Cap III,68,D50–D89,Doenças do sangue e dos órgãos hematopoéticos e transtornos imunitários
2023,Estado,Região Nordeste,Bahia,BA,Cap III,679,D50–D89,Doenças do sangue e dos órgãos hematopoéticos e transtornos imunitários
2023,Regiao,Região Sudeste,,,Cap III,3531,D50–D89,Doenças do sangue e dos órgãos hematopoéticos e transtornos imunitários
2023,Estado,Região Sudeste,Minas Gerais,MG,Cap III,893,D50–D89,Doenças do sangue e dos órgãos hematopoéticos e transtornos imunitários
2023,Estado,Região Sudeste,Espírito Santo,ES,Cap III,109,D50–D89,Doenças do sangue e dos órgãos hematopoéticos e transtornos imunitários
2023,Estado,Região Sudeste,Rio de Janeiro,RJ,Cap III,1018,D50–D89,Doenças do sangue e dos órgãos hematopoéticos e transtornos imunitários
2023,Estado,Região Sudeste,São Paulo,SP,Cap III,1511,D50–D89,Doenças do sangue e dos órgãos hematopoéticos e transtornos imunitários
2023,Regiao,Região Sul,,,Cap III,799,D50–D89,Doenças do sangue e dos órgãos hematopoéticos e transtornos imunitários
2023,Estado,Região Sul,Paraná,PR,Cap III,339,D50–D89,Doenças do sangue e dos órgãos hematopoéticos e transtornos imunitários
2023,Estado,Região Sul,Santa Catarina,SC,Cap III,157,D50–D89,Doenças do sangue e dos órgãos hematopoéticos e transtornos imunitários
2023,Estado,Região Sul,Rio Grande do Sul,RS,Cap III,303,D50–D89,Doenças do sangue e dos órgãos hematopoéticos e transtornos imunitários
2023,Regiao,Região Centro-Oeste,,,Cap III,512,D50–D89,Doenças do sangue e dos órgãos hematopoéticos e transtornos imunitários
2023,Estado,Região Centro-Oeste,Mato Grosso do Sul,MS,Cap III,103,D50–D89,Doenças do sangue e dos órgãos hematopoéticos e transtornos imunitários
2023,Estado,Região Centro-Oeste,Mato Grosso,MT,Cap III,125,D50–D89,Doenças do sangue e dos órgãos hematopoéticos e transtornos imunitários
2023,Estado,Região Centro-Oeste,Goiás,GO,Cap III,202,D50–D89,Doenças do sangue e dos órgãos hematopoéticos e transtornos imunitários
2023,Estado,Região Centro-Oeste,Distrito Federal,DF,Cap III,82,D50–D89,Doenças do sangue e dos órgãos hematopoéticos e transtornos imunitários
2024,Regiao,Região Norte,,,Cap III,583,D50–D89,Doenças do sangue e dos órgãos hematopoéticos e transtornos imunitários
2024,Estado,Região Norte,Rondônia,RO,Cap III,45,D50–D89,Doenças do sangue e dos órgãos hematopoéticos e transtornos imunitários
2024,Estado,Região Norte,Acre,AC,Cap III,26,D50–D89,Doenças do sangue e dos órgãos hematopoéticos e transtornos imunitários
2024,Estado,Região Norte,Amazonas,AM,Cap III,154,D50–D89,Doenças do sangue e dos órgãos hematopoéticos e transtornos imunitários
2024,Estado,Região Norte,Roraima,RR,Cap III,15,D50–D89,Doenças do sangue e dos órgãos hematopoéticos e transtornos imunitários
2024,Estado,Região Norte,Pará,PA,Cap III,271,D50–D89,Doenças do sangue e dos órgãos hematopoéticos e transtornos imunitários
2024,Estado,Região Norte,Amapá,AP,Cap III,18,D50–D89,Doenças do sangue e dos órgãos hematopoéticos e transtornos imunitários
2024,Estado,Região Norte,Tocantins,TO,Cap III,54,D50–D89,Doenças do sangue e dos órgãos hematopoéticos e transtornos imunitários
2024,Regiao,Região Nordeste,,,Cap III,2143,D50–D89,Doenças do sangue e dos órgãos hematopoéticos e transtornos imunitários
2024,Estado,Região Nordeste,Maranhão,MA,Cap III,249,D50–D89,Doenças do sangue e dos órgãos hematopoéticos e transtornos imunitários
2024,Estado,Região Nordeste,Piauí,PI,Cap III,134,D50–D89,Doenças do sangue e dos órgãos hematopoéticos e transtornos imunitários
2024,Estado,Região Nordeste,Ceará,CE,Cap III,291,D50–D89,Doenças do sangue e dos órgãos hematopoéticos e transtornos imunitários
2024,Estado,Região Nordeste,Rio Grande do Norte,RN,Cap III,113,D50–D89,Doenças do sangue e dos órgãos hematopoéticos e transtornos imunitários
2024,Estado,Região Nordeste,Paraíba,PB,Cap III,143,D50–D89,Doenças do sangue e dos órgãos hematopoéticos e transtornos imunitários
2024,Estado,Região Nordeste,Pernambuco,PE,Cap III,311,D50–D89,Doenças do sangue e dos órgãos hematopoéticos e transtornos imunitários
2024,Estado,Região Nordeste,Alagoas,AL,Cap III,120,D50–D89,Doenças do sangue e dos órgãos hematopoéticos e transtornos imunitários
2024,Estado,Região Nordeste,Sergipe,SE,Cap III,65,D50–D89,Doenças do sangue e dos órgãos hematopoéticos e transtornos imunitários
2024,Estado,Região Nordeste,Bahia,BA,Cap III,717,D50–D89,Doenças do sangue e dos órgãos hematopoéticos e transtornos imunitários
2024,Regiao,Região Sudeste,,,Cap III,3497,D50–D89,Doenças do sangue e dos órgãos hematopoéticos e transtornos imunitários
2024,Estado,Região Sudeste,Minas Gerais,MG,Cap III,940,D50–D89,Doenças do sangue e dos órgãos hematopoéticos e transtornos imunitários
2024,Estado,Região Sudeste,Espírito Santo,ES,Cap III,93,D50–D89,Doenças do sangue e dos órgãos hematopoéticos e transtornos imunitários
2024,Estado,Região Sudeste,Rio de Janeiro,RJ,Cap III,971,D50–D89,Doenças do sangue e dos órgãos hematopoéticos e transtornos imunitários
2024,Estado,Região Sudeste,São Paulo,SP,Cap III,1493,D50–D89,Doenças do sangue e dos órgãos hematopoéticos e transtornos imunitários
2024,Regiao,Região Sul,,,Cap III,856,D50–D89,Doenças do sangue e dos órgãos hematopoéticos e transtornos imunitários
2024,Estado,Região Sul,Paraná,PR,Cap III,327,D50–D89,Doenças do sangue e dos órgãos hematopoéticos e transtornos imunitários
2024,Estado,Região Sul,Santa Catarina,SC,Cap III,168,D50–D89,Doenças do sangue e dos órgãos hematopoéticos e transtornos imunitários
2024,Estado,Região Sul,Rio Grande do Sul,RS,Cap III,361,D50–D89,Doenças do sangue e dos órgãos hematopoéticos e transtornos imunitários
2024,Regiao,Região Centro-Oeste,,,Cap III,515,D50–D89,Doenças do sangue e dos órgãos hematopoéticos e transtornos imunitários
2024,Estado,Região Centro-Oeste,Mato Grosso do Sul,MS,Cap III,80,D50–D89,Doenças do sangue e dos órgãos hematopoéticos e transtornos imunitários
2024,Estado,Região Centro-Oeste,Mato Grosso,MT,Cap III,122,D50–D89,Doenças do sangue e dos órgãos hematopoéticos e transtornos imunitários
2024,Estado,Região Centro-Oeste,Goiás,GO,Cap III,230,D50–D89,Doenças do sangue e dos órgãos hematopoéticos e transtornos imunitários
2024,Estado,Região Centro-Oeste,Distrito Federal,DF,Cap III,83,D50–D89,Doenças do sangue e dos órgãos hematopoéticos e transtornos imunitários
2025,Regiao,Região Norte,,,Cap III,604,D50–D89,Doenças do sangue e dos órgãos hematopoéticos e transtornos imunitários
2025,Estado,Região Norte,Rondônia,RO,Cap III,47,D50–D89,Doenças do sangue e dos órgãos hematopoéticos e transtornos imunitários
2025,Estado,Região Norte,Acre,AC,Cap III,27,D50–D89,Doenças do sangue e dos órgãos hematopoéticos e transtornos imunitários
2025,Estado,Região Norte,Amazonas,AM,Cap III,166,D50–D89,Doenças do sangue e dos órgãos hematopoéticos e transtornos imunitários
2025,Estado,Região Norte,Roraima,RR,Cap III,21,D50–D89,Doenças do sangue e dos órgãos hematopoéticos e transtornos imunitários
2025,Estado,Região Norte,Pará,PA,Cap III,285,D50–D89,Doenças do sangue e dos órgãos hematopoéticos e transtornos imunitários
2025,Estado,Região Norte,Amapá,AP,Cap III,13,D50–D89,Doenças do sangue e dos órgãos hematopoéticos e transtornos imunitários
2025,Estado,Região Norte,Tocantins,TO,Cap III,45,D50–D89,Doenças do sangue e dos órgãos hematopoéticos e transtornos imunitários
2025,Regiao,Região Nordeste,,,Cap III,2018,D50–D89,Doenças do sangue e dos órgãos hematopoéticos e transtornos imunitários
2025,Estado,Região Nordeste,Maranhão,MA,Cap III,222,D50–D89,Doenças do sangue e dos órgãos hematopoéticos e transtornos imunitários
2025,Estado,Região Nordeste,Piauí,PI,Cap III,139,D50–D89,Doenças do sangue e dos órgãos hematopoéticos e transtornos imunitários
2025,Estado,Região Nordeste,Ceará,CE,Cap III,279,D50–D89,Doenças do sangue e dos órgãos hematopoéticos e transtornos imunitários
2025,Estado,Região Nordeste,Rio Grande do Norte,RN,Cap III,120,D50–D89,Doenças do sangue e dos órgãos hematopoéticos e transtornos imunitários
2025,Estado,Região Nordeste,Paraíba,PB,Cap III,138,D50–D89,Doenças do sangue e dos órgãos hematopoéticos e transtornos imunitários
2025,Estado,Região Nordeste,Pernambuco,PE,Cap III,287,D50–D89,Doenças do sangue e dos órgãos hematopoéticos e transtornos imunitários
2025,Estado,Região Nordeste,Alagoas,AL,Cap III,111,D50–D89,Doenças do sangue e dos órgãos hematopoéticos e transtornos imunitários
2025,Estado,Região Nordeste,Sergipe,SE,Cap III,76,D50–D89,Doenças do sangue e dos órgãos hematopoéticos e transtornos imunitários
2025,Estado,Região Nordeste,Bahia,BA,Cap III,646,D50–D89,Doenças do sangue e dos órgãos hematopoéticos e transtornos imunitários
2025,Regiao,Região Sudeste,,,Cap III,3504,D50–D89,Doenças do sangue e dos órgãos hematopoéticos e transtornos imunitários
2025,Estado,Região Sudeste,Minas Gerais,MG,Cap III,941,D50–D89,Doenças do sangue e dos órgãos hematopoéticos e transtornos imunitários
2025,Estado,Região Sudeste,Espírito Santo,ES,Cap III,106,D50–D89,Doenças do sangue e dos órgãos hematopoéticos e transtornos imunitários
2025,Estado,Região Sudeste,Rio de Janeiro,RJ,Cap III,927,D50–D89,Doenças do sangue e dos órgãos hematopoéticos e transtornos imunitários
2025,Estado,Região Sudeste,São Paulo,SP,Cap III,1530,D50–D89,Doenças do sangue e dos órgãos hematopoéticos e transtornos imunitários
2025,Regiao,Região Sul,,,Cap III,870,D50–D89,Doenças do sangue e dos órgãos hematopoéticos e transtornos imunitários
2025,Estado,Região Sul,Paraná,PR,Cap III,327,D50–D89,Doenças do sangue e dos órgãos hematopoéticos e transtornos imunitários
2025,Estado,Região Sul,Santa Catarina,SC,Cap III,183,D50–D89,Doenças do sangue e dos órgãos hematopoéticos e transtornos imunitários
2025,Estado,Região Sul,Rio Grande do Sul,RS,Cap III,360,D50–D89,Doenças do sangue e dos órgãos hematopoéticos e transtornos imunitários
2025,Regiao,Região Centro-Oeste,,,Cap III,521,D50–D89,Doenças do sangue e dos órgãos hematopoéticos e transtornos imunitários
2025,Estado,Região Centro-Oeste,Mato Grosso do Sul,MS,Cap III,84,D50–D89,Doenças do sangue e dos órgãos hematopoéticos e transtornos imunitários
2025,Estado,Região Centro-Oeste,Mato Grosso,MT,Cap III,146,D50–D89,Doenças do sangue e dos órgãos hematopoéticos e transtornos imunitários
2025,Estado,Região Centro-Oeste,Goiás,GO,Cap III,214,D50–D89,Doenças do sangue e dos órgãos hematopoéticos e transtornos imunitários
2025,Estado,Região Centro-Oeste,Distrito Federal,DF,Cap III,77,D50–D89,Doenças do sangue e dos órgãos hematopoéticos e transtornos imunitários
2026,Regiao,Região Norte,,,Cap III,212,D50–D89,Doenças do sangue e dos órgãos hematopoéticos e transtornos imunitários
2026,Estado,Região Norte,Rondônia,RO,Cap III,17,D50–D89,Doenças do sangue e dos órgãos hematopoéticos e transtornos imunitários
2026,Estado,Região Norte,Acre,AC,Cap III,10,D50–D89,Doenças do sangue e dos órgãos hematopoéticos e transtornos imunitários
2026,Estado,Região Norte,Amazonas,AM,Cap III,54,D50–D89,Doenças do sangue e dos órgãos hematopoéticos e transtornos imunitários
2026,Estado,Região Norte,Roraima,RR,Cap III,4,D50–D89,Doenças do sangue e dos órgãos hematopoéticos e transtornos imunitários
2026,Estado,Região Norte,Pará,PA,Cap III,100,D50–D89,Doenças do sangue e dos órgãos hematopoéticos e transtornos imunitários
2026,Estado,Região Norte,Amapá,AP,Cap III,8,D50–D89,Doenças do sangue e dos órgãos hematopoéticos e transtornos imunitários
2026,Estado,Região Norte,Tocantins,TO,Cap III,19,D50–D89,Doenças do sangue e dos órgãos hematopoéticos e transtornos imunitários
2026,Regiao,Região Nordeste,,,Cap III,722,D50–D89,Doenças do sangue e dos órgãos hematopoéticos e transtornos imunitários
2026,Estado,Região Nordeste,Maranhão,MA,Cap III,96,D50–D89,Doenças do sangue e dos órgãos hematopoéticos e transtornos imunitários
2026,Estado,Região Nordeste,Piauí,PI,Cap III,54,D50–D89,Doenças do sangue e dos órgãos hematopoéticos e transtornos imunitários
2026,Estado,Região Nordeste,Ceará,CE,Cap III,88,D50–D89,Doenças do sangue e dos órgãos hematopoéticos e transtornos imunitários
2026,Estado,Região Nordeste,Rio Grande do Norte,RN,Cap III,32,D50–D89,Doenças do sangue e dos órgãos hematopoéticos e transtornos imunitários
2026,Estado,Região Nordeste,Paraíba,PB,Cap III,56,D50–D89,Doenças do sangue e dos órgãos hematopoéticos e transtornos imunitários
2026,Estado,Região Nordeste,Pernambuco,PE,Cap III,100,D50–D89,Doenças do sangue e dos órgãos hematopoéticos e transtornos imunitários
2026,Estado,Região Nordeste,Alagoas,AL,Cap III,35,D50–D89,Doenças do sangue e dos órgãos hematopoéticos e transtornos imunitários
2026,Estado,Região Nordeste,Sergipe,SE,Cap III,39,D50–D89,Doenças do sangue e dos órgãos hematopoéticos e transtornos imunitários
2026,Estado,Região Nordeste,Bahia,BA,Cap III,222,D50–D89,Doenças do sangue e dos órgãos hematopoéticos e transtornos imunitários
2026,Regiao,Região Sudeste,,,Cap III,1136,D50–D89,Doenças do sangue e dos órgãos hematopoéticos e transtornos imunitários
2026,Estado,Região Sudeste,Minas Gerais,MG,Cap III,303,D50–D89,Doenças do sangue e dos órgãos hematopoéticos e transtornos imunitários
2026,Estado,Região Sudeste,Espírito Santo,ES,Cap III,42,D50–D89,Doenças do sangue e dos órgãos hematopoéticos e transtornos imunitários
2026,Estado,Região Sudeste,Rio de Janeiro,RJ,Cap III,310,D50–D89,Doenças do sangue e dos órgãos hematopoéticos e transtornos imunitários
2026,Estado,Região Sudeste,São Paulo,SP,Cap III,481,D50–D89,Doenças do sangue e dos órgãos hematopoéticos e transtornos imunitários
2026,Regiao,Região Sul,,,Cap III,327,D50–D89,Doenças do sangue e dos órgãos hematopoéticos e transtornos imunitários
2026,Estado,Região Sul,Paraná,PR,Cap III,137,D50–D89,Doenças do sangue e dos órgãos hematopoéticos e transtornos imunitários
2026,Estado,Região Sul,Santa Catarina,SC,Cap III,67,D50–D89,Doenças do sangue e dos órgãos hematopoéticos e transtornos imunitários
2026,Estado,Região Sul,Rio Grande do Sul,RS,Cap III,123,D50–D89,Doenças do sangue e dos órgãos hematopoéticos e transtornos imunitários
2026,Regiao,Região Centro-Oeste,,,Cap III,182,D50–D89,Doenças do sangue e dos órgãos hematopoéticos e transtornos imunitários
2026,Estado,Região Centro-Oeste,Mato Grosso do Sul,MS,Cap III,42,D50–D89,Doenças do sangue e dos órgãos hematopoéticos e transtornos imunitários
2026,Estado,Região Centro-Oeste,Mato Grosso,MT,Cap III,49,D50–D89,Doenças do sangue e dos órgãos hematopoéticos e transtornos imunitários
2026,Estado,Região Centro-Oeste,Goiás,GO,Cap III,61,D50–D89,Doenças do sangue e dos órgãos hematopoéticos e transtornos imunitários
2026,Estado,Região Centro-Oeste,Distrito Federal,DF,Cap III,30,D50–D89,Doenças do sangue e dos órgãos hematopoéticos e transtornos imunitários
2016,Regiao,Região Norte,,,Cap IV,5378,E00–E90,"Doenças endócrinas, nutricionais e metabólicas (ex: Diabetes)"
2016,Estado,Região Norte,Rondônia,RO,Cap IV,519,E00–E90,"Doenças endócrinas, nutricionais e metabólicas (ex: Diabetes)"
2016,Estado,Região Norte,Acre,AC,Cap IV,217,E00–E90,"Doenças endócrinas, nutricionais e metabólicas (ex: Diabetes)"
2016,Estado,Região Norte,Amazonas,AM,Cap IV,1051,E00–E90,"Doenças endócrinas, nutricionais e metabólicas (ex: Diabetes)"
2016,Estado,Região Norte,Roraima,RR,Cap IV,206,E00–E90,"Doenças endócrinas, nutricionais e metabólicas (ex: Diabetes)"
2016,Estado,Região Norte,Pará,PA,Cap IV,2620,E00–E90,"Doenças endócrinas, nutricionais e metabólicas (ex: Diabetes)"
2016,Estado,Região Norte,Amapá,AP,Cap IV,171,E00–E90,"Doenças endócrinas, nutricionais e metabólicas (ex: Diabetes)"
2016,Estado,Região Norte,Tocantins,TO,Cap IV,594,E00–E90,"Doenças endócrinas, nutricionais e metabólicas (ex: Diabetes)"
2016,Regiao,Região Nordeste,,,Cap IV,25519,E00–E90,"Doenças endócrinas, nutricionais e metabólicas (ex: Diabetes)"
2016,Estado,Região Nordeste,Maranhão,MA,Cap IV,2694,E00–E90,"Doenças endócrinas, nutricionais e metabólicas (ex: Diabetes)"
2016,Estado,Região Nordeste,Piauí,PI,Cap IV,1475,E00–E90,"Doenças endócrinas, nutricionais e metabólicas (ex: Diabetes)"
2016,Estado,Região Nordeste,Ceará,CE,Cap IV,2651,E00–E90,"Doenças endócrinas, nutricionais e metabólicas (ex: Diabetes)"
2016,Estado,Região Nordeste,Rio Grande do Norte,RN,Cap IV,1908,E00–E90,"Doenças endócrinas, nutricionais e metabólicas (ex: Diabetes)"
2016,Estado,Região Nordeste,Paraíba,PB,Cap IV,2339,E00–E90,"Doenças endócrinas, nutricionais e metabólicas (ex: Diabetes)"
2016,Estado,Região Nordeste,Pernambuco,PE,Cap IV,5118,E00–E90,"Doenças endócrinas, nutricionais e metabólicas (ex: Diabetes)"
2016,Estado,Região Nordeste,Alagoas,AL,Cap IV,2058,E00–E90,"Doenças endócrinas, nutricionais e metabólicas (ex: Diabetes)"
2016,Estado,Região Nordeste,Sergipe,SE,Cap IV,1019,E00–E90,"Doenças endócrinas, nutricionais e metabólicas (ex: Diabetes)"
2016,Estado,Região Nordeste,Bahia,BA,Cap IV,6257,E00–E90,"Doenças endócrinas, nutricionais e metabólicas (ex: Diabetes)"
2016,Regiao,Região Sudeste,,,Cap IV,30616,E00–E90,"Doenças endócrinas, nutricionais e metabólicas (ex: Diabetes)"
2016,Estado,Região Sudeste,Minas Gerais,MG,Cap IV,7305,E00–E90,"Doenças endócrinas, nutricionais e metabólicas (ex: Diabetes)"
2016,Estado,Região Sudeste,Espírito Santo,ES,Cap IV,1290,E00–E90,"Doenças endócrinas, nutricionais e metabólicas (ex: Diabetes)"
2016,Estado,Região Sudeste,Rio de Janeiro,RJ,Cap IV,8078,E00–E90,"Doenças endócrinas, nutricionais e metabólicas (ex: Diabetes)"
2016,Estado,Região Sudeste,São Paulo,SP,Cap IV,13943,E00–E90,"Doenças endócrinas, nutricionais e metabólicas (ex: Diabetes)"
2016,Regiao,Região Sul,,,Cap IV,11651,E00–E90,"Doenças endócrinas, nutricionais e metabólicas (ex: Diabetes)"
2016,Estado,Região Sul,Paraná,PR,Cap IV,4390,E00–E90,"Doenças endócrinas, nutricionais e metabólicas (ex: Diabetes)"
2016,Estado,Região Sul,Santa Catarina,SC,Cap IV,2295,E00–E90,"Doenças endócrinas, nutricionais e metabólicas (ex: Diabetes)"
2016,Estado,Região Sul,Rio Grande do Sul,RS,Cap IV,4966,E00–E90,"Doenças endócrinas, nutricionais e metabólicas (ex: Diabetes)"
2016,Regiao,Região Centro-Oeste,,,Cap IV,4911,E00–E90,"Doenças endócrinas, nutricionais e metabólicas (ex: Diabetes)"
2016,Estado,Região Centro-Oeste,Mato Grosso do Sul,MS,Cap IV,1110,E00–E90,"Doenças endócrinas, nutricionais e metabólicas (ex: Diabetes)"
2016,Estado,Região Centro-Oeste,Mato Grosso,MT,Cap IV,1133,E00–E90,"Doenças endócrinas, nutricionais e metabólicas (ex: Diabetes)"
2016,Estado,Região Centro-Oeste,Goiás,GO,Cap IV,2069,E00–E90,"Doenças endócrinas, nutricionais e metabólicas (ex: Diabetes)"
2016,Estado,Região Centro-Oeste,Distrito Federal,DF,Cap IV,599,E00–E90,"Doenças endócrinas, nutricionais e metabólicas (ex: Diabetes)"
2017,Regiao,Região Norte,,,Cap IV,5942,E00–E90,"Doenças endócrinas, nutricionais e metabólicas (ex: Diabetes)"
2017,Estado,Região Norte,Rondônia,RO,Cap IV,548,E00–E90,"Doenças endócrinas, nutricionais e metabólicas (ex: Diabetes)"
2017,Estado,Região Norte,Acre,AC,Cap IV,239,E00–E90,"Doenças endócrinas, nutricionais e metabólicas (ex: Diabetes)"
2017,Estado,Região Norte,Amazonas,AM,Cap IV,1156,E00–E90,"Doenças endócrinas, nutricionais e metabólicas (ex: Diabetes)"
2017,Estado,Região Norte,Roraima,RR,Cap IV,215,E00–E90,"Doenças endócrinas, nutricionais e metabólicas (ex: Diabetes)"
2017,Estado,Região Norte,Pará,PA,Cap IV,2873,E00–E90,"Doenças endócrinas, nutricionais e metabólicas (ex: Diabetes)"
2017,Estado,Região Norte,Amapá,AP,Cap IV,202,E00–E90,"Doenças endócrinas, nutricionais e metabólicas (ex: Diabetes)"
2017,Estado,Região Norte,Tocantins,TO,Cap IV,709,E00–E90,"Doenças endócrinas, nutricionais e metabólicas (ex: Diabetes)"
2017,Regiao,Região Nordeste,,,Cap IV,26038,E00–E90,"Doenças endócrinas, nutricionais e metabólicas (ex: Diabetes)"
2017,Estado,Região Nordeste,Maranhão,MA,Cap IV,2782,E00–E90,"Doenças endócrinas, nutricionais e metabólicas (ex: Diabetes)"
2017,Estado,Região Nordeste,Piauí,PI,Cap IV,1445,E00–E90,"Doenças endócrinas, nutricionais e metabólicas (ex: Diabetes)"
2017,Estado,Região Nordeste,Ceará,CE,Cap IV,2911,E00–E90,"Doenças endócrinas, nutricionais e metabólicas (ex: Diabetes)"
2017,Estado,Região Nordeste,Rio Grande do Norte,RN,Cap IV,1729,E00–E90,"Doenças endócrinas, nutricionais e metabólicas (ex: Diabetes)"
2017,Estado,Região Nordeste,Paraíba,PB,Cap IV,2242,E00–E90,"Doenças endócrinas, nutricionais e metabólicas (ex: Diabetes)"
2017,Estado,Região Nordeste,Pernambuco,PE,Cap IV,4959,E00–E90,"Doenças endócrinas, nutricionais e metabólicas (ex: Diabetes)"
2017,Estado,Região Nordeste,Alagoas,AL,Cap IV,2073,E00–E90,"Doenças endócrinas, nutricionais e metabólicas (ex: Diabetes)"
2017,Estado,Região Nordeste,Sergipe,SE,Cap IV,1080,E00–E90,"Doenças endócrinas, nutricionais e metabólicas (ex: Diabetes)"
2017,Estado,Região Nordeste,Bahia,BA,Cap IV,6817,E00–E90,"Doenças endócrinas, nutricionais e metabólicas (ex: Diabetes)"
2017,Regiao,Região Sudeste,,,Cap IV,30703,E00–E90,"Doenças endócrinas, nutricionais e metabólicas (ex: Diabetes)"
2017,Estado,Região Sudeste,Minas Gerais,MG,Cap IV,7679,E00–E90,"Doenças endócrinas, nutricionais e metabólicas (ex: Diabetes)"
2017,Estado,Região Sudeste,Espírito Santo,ES,Cap IV,1392,E00–E90,"Doenças endócrinas, nutricionais e metabólicas (ex: Diabetes)"
2017,Estado,Região Sudeste,Rio de Janeiro,RJ,Cap IV,7985,E00–E90,"Doenças endócrinas, nutricionais e metabólicas (ex: Diabetes)"
2017,Estado,Região Sudeste,São Paulo,SP,Cap IV,13647,E00–E90,"Doenças endócrinas, nutricionais e metabólicas (ex: Diabetes)"
2017,Regiao,Região Sul,,,Cap IV,11662,E00–E90,"Doenças endócrinas, nutricionais e metabólicas (ex: Diabetes)"
2017,Estado,Região Sul,Paraná,PR,Cap IV,4298,E00–E90,"Doenças endócrinas, nutricionais e metabólicas (ex: Diabetes)"
2017,Estado,Região Sul,Santa Catarina,SC,Cap IV,2300,E00–E90,"Doenças endócrinas, nutricionais e metabólicas (ex: Diabetes)"
2017,Estado,Região Sul,Rio Grande do Sul,RS,Cap IV,5064,E00–E90,"Doenças endócrinas, nutricionais e metabólicas (ex: Diabetes)"
2017,Regiao,Região Centro-Oeste,,,Cap IV,5317,E00–E90,"Doenças endócrinas, nutricionais e metabólicas (ex: Diabetes)"
2017,Estado,Região Centro-Oeste,Mato Grosso do Sul,MS,Cap IV,1052,E00–E90,"Doenças endócrinas, nutricionais e metabólicas (ex: Diabetes)"
2017,Estado,Região Centro-Oeste,Mato Grosso,MT,Cap IV,1356,E00–E90,"Doenças endócrinas, nutricionais e metabólicas (ex: Diabetes)"
2017,Estado,Região Centro-Oeste,Goiás,GO,Cap IV,2326,E00–E90,"Doenças endócrinas, nutricionais e metabólicas (ex: Diabetes)"
2017,Estado,Região Centro-Oeste,Distrito Federal,DF,Cap IV,583,E00–E90,"Doenças endócrinas, nutricionais e metabólicas (ex: Diabetes)"
2018,Regiao,Região Norte,,,Cap IV,6074,E00–E90,"Doenças endócrinas, nutricionais e metabólicas (ex: Diabetes)"
2018,Estado,Região Norte,Rondônia,RO,Cap IV,493,E00–E90,"Doenças endócrinas, nutricionais e metabólicas (ex: Diabetes)"
2018,Estado,Região Norte,Acre,AC,Cap IV,288,E00–E90,"Doenças endócrinas, nutricionais e metabólicas (ex: Diabetes)"
2018,Estado,Região Norte,Amazonas,AM,Cap IV,1360,E00–E90,"Doenças endócrinas, nutricionais e metabólicas (ex: Diabetes)"
2018,Estado,Região Norte,Roraima,RR,Cap IV,208,E00–E90,"Doenças endócrinas, nutricionais e metabólicas (ex: Diabetes)"
2018,Estado,Região Norte,Pará,PA,Cap IV,2869,E00–E90,"Doenças endócrinas, nutricionais e metabólicas (ex: Diabetes)"
2018,Estado,Região Norte,Amapá,AP,Cap IV,215,E00–E90,"Doenças endócrinas, nutricionais e metabólicas (ex: Diabetes)"
2018,Estado,Região Norte,Tocantins,TO,Cap IV,641,E00–E90,"Doenças endócrinas, nutricionais e metabólicas (ex: Diabetes)"
2018,Regiao,Região Nordeste,,,Cap IV,24840,E00–E90,"Doenças endócrinas, nutricionais e metabólicas (ex: Diabetes)"
2018,Estado,Região Nordeste,Maranhão,MA,Cap IV,2960,E00–E90,"Doenças endócrinas, nutricionais e metabólicas (ex: Diabetes)"
2018,Estado,Região Nordeste,Piauí,PI,Cap IV,1426,E00–E90,"Doenças endócrinas, nutricionais e metabólicas (ex: Diabetes)"
2018,Estado,Região Nordeste,Ceará,CE,Cap IV,2584,E00–E90,"Doenças endócrinas, nutricionais e metabólicas (ex: Diabetes)"
2018,Estado,Região Nordeste,Rio Grande do Norte,RN,Cap IV,1767,E00–E90,"Doenças endócrinas, nutricionais e metabólicas (ex: Diabetes)"
2018,Estado,Região Nordeste,Paraíba,PB,Cap IV,2246,E00–E90,"Doenças endócrinas, nutricionais e metabólicas (ex: Diabetes)"
2018,Estado,Região Nordeste,Pernambuco,PE,Cap IV,4572,E00–E90,"Doenças endócrinas, nutricionais e metabólicas (ex: Diabetes)"
2018,Estado,Região Nordeste,Alagoas,AL,Cap IV,1893,E00–E90,"Doenças endócrinas, nutricionais e metabólicas (ex: Diabetes)"
2018,Estado,Região Nordeste,Sergipe,SE,Cap IV,900,E00–E90,"Doenças endócrinas, nutricionais e metabólicas (ex: Diabetes)"
2018,Estado,Região Nordeste,Bahia,BA,Cap IV,6492,E00–E90,"Doenças endócrinas, nutricionais e metabólicas (ex: Diabetes)"
2018,Regiao,Região Sudeste,,,Cap IV,31814,E00–E90,"Doenças endócrinas, nutricionais e metabólicas (ex: Diabetes)"
2018,Estado,Região Sudeste,Minas Gerais,MG,Cap IV,7733,E00–E90,"Doenças endócrinas, nutricionais e metabólicas (ex: Diabetes)"
2018,Estado,Região Sudeste,Espírito Santo,ES,Cap IV,1329,E00–E90,"Doenças endócrinas, nutricionais e metabólicas (ex: Diabetes)"
2018,Estado,Região Sudeste,Rio de Janeiro,RJ,Cap IV,8354,E00–E90,"Doenças endócrinas, nutricionais e metabólicas (ex: Diabetes)"
2018,Estado,Região Sudeste,São Paulo,SP,Cap IV,14398,E00–E90,"Doenças endócrinas, nutricionais e metabólicas (ex: Diabetes)"
2018,Regiao,Região Sul,,,Cap IV,13289,E00–E90,"Doenças endócrinas, nutricionais e metabólicas (ex: Diabetes)"
2018,Estado,Região Sul,Paraná,PR,Cap IV,4931,E00–E90,"Doenças endócrinas, nutricionais e metabólicas (ex: Diabetes)"
2018,Estado,Região Sul,Santa Catarina,SC,Cap IV,2316,E00–E90,"Doenças endócrinas, nutricionais e metabólicas (ex: Diabetes)"
2018,Estado,Região Sul,Rio Grande do Sul,RS,Cap IV,6042,E00–E90,"Doenças endócrinas, nutricionais e metabólicas (ex: Diabetes)"
2018,Regiao,Região Centro-Oeste,,,Cap IV,5348,E00–E90,"Doenças endócrinas, nutricionais e metabólicas (ex: Diabetes)"
2018,Estado,Região Centro-Oeste,Mato Grosso do Sul,MS,Cap IV,1102,E00–E90,"Doenças endócrinas, nutricionais e metabólicas (ex: Diabetes)"
2018,Estado,Região Centro-Oeste,Mato Grosso,MT,Cap IV,1336,E00–E90,"Doenças endócrinas, nutricionais e metabólicas (ex: Diabetes)"
2018,Estado,Região Centro-Oeste,Goiás,GO,Cap IV,2300,E00–E90,"Doenças endócrinas, nutricionais e metabólicas (ex: Diabetes)"
2018,Estado,Região Centro-Oeste,Distrito Federal,DF,Cap IV,610,E00–E90,"Doenças endócrinas, nutricionais e metabólicas (ex: Diabetes)"
2019,Regiao,Região Norte,,,Cap IV,6128,E00–E90,"Doenças endócrinas, nutricionais e metabólicas (ex: Diabetes)"
2019,Estado,Região Norte,Rondônia,RO,Cap IV,573,E00–E90,"Doenças endócrinas, nutricionais e metabólicas (ex: Diabetes)"
2019,Estado,Região Norte,Acre,AC,Cap IV,232,E00–E90,"Doenças endócrinas, nutricionais e metabólicas (ex: Diabetes)"
2019,Estado,Região Norte,Amazonas,AM,Cap IV,1343,E00–E90,"Doenças endócrinas, nutricionais e metabólicas (ex: Diabetes)"
2019,Estado,Região Norte,Roraima,RR,Cap IV,191,E00–E90,"Doenças endócrinas, nutricionais e metabólicas (ex: Diabetes)"
2019,Estado,Região Norte,Pará,PA,Cap IV,2890,E00–E90,"Doenças endócrinas, nutricionais e metabólicas (ex: Diabetes)"
2019,Estado,Região Norte,Amapá,AP,Cap IV,213,E00–E90,"Doenças endócrinas, nutricionais e metabólicas (ex: Diabetes)"
2019,Estado,Região Norte,Tocantins,TO,Cap IV,686,E00–E90,"Doenças endócrinas, nutricionais e metabólicas (ex: Diabetes)"
2019,Regiao,Região Nordeste,,,Cap IV,25447,E00–E90,"Doenças endócrinas, nutricionais e metabólicas (ex: Diabetes)"
2019,Estado,Região Nordeste,Maranhão,MA,Cap IV,3092,E00–E90,"Doenças endócrinas, nutricionais e metabólicas (ex: Diabetes)"
2019,Estado,Região Nordeste,Piauí,PI,Cap IV,1630,E00–E90,"Doenças endócrinas, nutricionais e metabólicas (ex: Diabetes)"
2019,Estado,Região Nordeste,Ceará,CE,Cap IV,2703,E00–E90,"Doenças endócrinas, nutricionais e metabólicas (ex: Diabetes)"
2019,Estado,Região Nordeste,Rio Grande do Norte,RN,Cap IV,1723,E00–E90,"Doenças endócrinas, nutricionais e metabólicas (ex: Diabetes)"
2019,Estado,Região Nordeste,Paraíba,PB,Cap IV,2202,E00–E90,"Doenças endócrinas, nutricionais e metabólicas (ex: Diabetes)"
2019,Estado,Região Nordeste,Pernambuco,PE,Cap IV,4802,E00–E90,"Doenças endócrinas, nutricionais e metabólicas (ex: Diabetes)"
2019,Estado,Região Nordeste,Alagoas,AL,Cap IV,1917,E00–E90,"Doenças endócrinas, nutricionais e metabólicas (ex: Diabetes)"
2019,Estado,Região Nordeste,Sergipe,SE,Cap IV,948,E00–E90,"Doenças endócrinas, nutricionais e metabólicas (ex: Diabetes)"
2019,Estado,Região Nordeste,Bahia,BA,Cap IV,6430,E00–E90,"Doenças endócrinas, nutricionais e metabólicas (ex: Diabetes)"
2019,Regiao,Região Sudeste,,,Cap IV,33269,E00–E90,"Doenças endócrinas, nutricionais e metabólicas (ex: Diabetes)"
2019,Estado,Região Sudeste,Minas Gerais,MG,Cap IV,8130,E00–E90,"Doenças endócrinas, nutricionais e metabólicas (ex: Diabetes)"
2019,Estado,Região Sudeste,Espírito Santo,ES,Cap IV,1511,E00–E90,"Doenças endócrinas, nutricionais e metabólicas (ex: Diabetes)"
2019,Estado,Região Sudeste,Rio de Janeiro,RJ,Cap IV,8549,E00–E90,"Doenças endócrinas, nutricionais e metabólicas (ex: Diabetes)"
2019,Estado,Região Sudeste,São Paulo,SP,Cap IV,15079,E00–E90,"Doenças endócrinas, nutricionais e metabólicas (ex: Diabetes)"
2019,Regiao,Região Sul,,,Cap IV,13271,E00–E90,"Doenças endócrinas, nutricionais e metabólicas (ex: Diabetes)"
2019,Estado,Região Sul,Paraná,PR,Cap IV,4646,E00–E90,"Doenças endócrinas, nutricionais e metabólicas (ex: Diabetes)"
2019,Estado,Região Sul,Santa Catarina,SC,Cap IV,2425,E00–E90,"Doenças endócrinas, nutricionais e metabólicas (ex: Diabetes)"
2019,Estado,Região Sul,Rio Grande do Sul,RS,Cap IV,6200,E00–E90,"Doenças endócrinas, nutricionais e metabólicas (ex: Diabetes)"
2019,Regiao,Região Centro-Oeste,,,Cap IV,5370,E00–E90,"Doenças endócrinas, nutricionais e metabólicas (ex: Diabetes)"
2019,Estado,Região Centro-Oeste,Mato Grosso do Sul,MS,Cap IV,982,E00–E90,"Doenças endócrinas, nutricionais e metabólicas (ex: Diabetes)"
2019,Estado,Região Centro-Oeste,Mato Grosso,MT,Cap IV,1267,E00–E90,"Doenças endócrinas, nutricionais e metabólicas (ex: Diabetes)"
2019,Estado,Região Centro-Oeste,Goiás,GO,Cap IV,2439,E00–E90,"Doenças endócrinas, nutricionais e metabólicas (ex: Diabetes)"
2019,Estado,Região Centro-Oeste,Distrito Federal,DF,Cap IV,682,E00–E90,"Doenças endócrinas, nutricionais e metabólicas (ex: Diabetes)"
2020,Regiao,Região Norte,,,Cap IV,6843,E00–E90,"Doenças endócrinas, nutricionais e metabólicas (ex: Diabetes)"
2020,Estado,Região Norte,Rondônia,RO,Cap IV,668,E00–E90,"Doenças endócrinas, nutricionais e metabólicas (ex: Diabetes)"
2020,Estado,Região Norte,Acre,AC,Cap IV,226,E00–E90,"Doenças endócrinas, nutricionais e metabólicas (ex: Diabetes)"
2020,Estado,Região Norte,Amazonas,AM,Cap IV,1502,E00–E90,"Doenças endócrinas, nutricionais e metabólicas (ex: Diabetes)"
2020,Estado,Região Norte,Roraima,RR,Cap IV,168,E00–E90,"Doenças endócrinas, nutricionais e metabólicas (ex: Diabetes)"
2020,Estado,Região Norte,Pará,PA,Cap IV,3324,E00–E90,"Doenças endócrinas, nutricionais e metabólicas (ex: Diabetes)"
2020,Estado,Região Norte,Amapá,AP,Cap IV,242,E00–E90,"Doenças endócrinas, nutricionais e metabólicas (ex: Diabetes)"
2020,Estado,Região Norte,Tocantins,TO,Cap IV,713,E00–E90,"Doenças endócrinas, nutricionais e metabólicas (ex: Diabetes)"
2020,Regiao,Região Nordeste,,,Cap IV,29343,E00–E90,"Doenças endócrinas, nutricionais e metabólicas (ex: Diabetes)"
2020,Estado,Região Nordeste,Maranhão,MA,Cap IV,3613,E00–E90,"Doenças endócrinas, nutricionais e metabólicas (ex: Diabetes)"
2020,Estado,Região Nordeste,Piauí,PI,Cap IV,1589,E00–E90,"Doenças endócrinas, nutricionais e metabólicas (ex: Diabetes)"
2020,Estado,Região Nordeste,Ceará,CE,Cap IV,3233,E00–E90,"Doenças endócrinas, nutricionais e metabólicas (ex: Diabetes)"
2020,Estado,Região Nordeste,Rio Grande do Norte,RN,Cap IV,1720,E00–E90,"Doenças endócrinas, nutricionais e metabólicas (ex: Diabetes)"
2020,Estado,Região Nordeste,Paraíba,PB,Cap IV,2521,E00–E90,"Doenças endócrinas, nutricionais e metabólicas (ex: Diabetes)"
2020,Estado,Região Nordeste,Pernambuco,PE,Cap IV,5848,E00–E90,"Doenças endócrinas, nutricionais e metabólicas (ex: Diabetes)"
2020,Estado,Região Nordeste,Alagoas,AL,Cap IV,2113,E00–E90,"Doenças endócrinas, nutricionais e metabólicas (ex: Diabetes)"
2020,Estado,Região Nordeste,Sergipe,SE,Cap IV,979,E00–E90,"Doenças endócrinas, nutricionais e metabólicas (ex: Diabetes)"
2020,Estado,Região Nordeste,Bahia,BA,Cap IV,7727,E00–E90,"Doenças endócrinas, nutricionais e metabólicas (ex: Diabetes)"
2020,Regiao,Região Sudeste,,,Cap IV,37198,E00–E90,"Doenças endócrinas, nutricionais e metabólicas (ex: Diabetes)"
2020,Estado,Região Sudeste,Minas Gerais,MG,Cap IV,8519,E00–E90,"Doenças endócrinas, nutricionais e metabólicas (ex: Diabetes)"
2020,Estado,Região Sudeste,Espírito Santo,ES,Cap IV,1757,E00–E90,"Doenças endócrinas, nutricionais e metabólicas (ex: Diabetes)"
2020,Estado,Região Sudeste,Rio de Janeiro,RJ,Cap IV,8948,E00–E90,"Doenças endócrinas, nutricionais e metabólicas (ex: Diabetes)"
2020,Estado,Região Sudeste,São Paulo,SP,Cap IV,17974,E00–E90,"Doenças endócrinas, nutricionais e metabólicas (ex: Diabetes)"
2020,Regiao,Região Sul,,,Cap IV,13726,E00–E90,"Doenças endócrinas, nutricionais e metabólicas (ex: Diabetes)"
2020,Estado,Região Sul,Paraná,PR,Cap IV,4986,E00–E90,"Doenças endócrinas, nutricionais e metabólicas (ex: Diabetes)"
2020,Estado,Região Sul,Santa Catarina,SC,Cap IV,2513,E00–E90,"Doenças endócrinas, nutricionais e metabólicas (ex: Diabetes)"
2020,Estado,Região Sul,Rio Grande do Sul,RS,Cap IV,6227,E00–E90,"Doenças endócrinas, nutricionais e metabólicas (ex: Diabetes)"
2020,Regiao,Região Centro-Oeste,,,Cap IV,5639,E00–E90,"Doenças endócrinas, nutricionais e metabólicas (ex: Diabetes)"
2020,Estado,Região Centro-Oeste,Mato Grosso do Sul,MS,Cap IV,831,E00–E90,"Doenças endócrinas, nutricionais e metabólicas (ex: Diabetes)"
2020,Estado,Região Centro-Oeste,Mato Grosso,MT,Cap IV,1446,E00–E90,"Doenças endócrinas, nutricionais e metabólicas (ex: Diabetes)"
2020,Estado,Região Centro-Oeste,Goiás,GO,Cap IV,2603,E00–E90,"Doenças endócrinas, nutricionais e metabólicas (ex: Diabetes)"
2020,Estado,Região Centro-Oeste,Distrito Federal,DF,Cap IV,759,E00–E90,"Doenças endócrinas, nutricionais e metabólicas (ex: Diabetes)"
2021,Regiao,Região Norte,,,Cap IV,6512,E00–E90,"Doenças endócrinas, nutricionais e metabólicas (ex: Diabetes)"
2021,Estado,Região Norte,Rondônia,RO,Cap IV,713,E00–E90,"Doenças endócrinas, nutricionais e metabólicas (ex: Diabetes)"
2021,Estado,Região Norte,Acre,AC,Cap IV,249,E00–E90,"Doenças endócrinas, nutricionais e metabólicas (ex: Diabetes)"
2021,Estado,Região Norte,Amazonas,AM,Cap IV,1505,E00–E90,"Doenças endócrinas, nutricionais e metabólicas (ex: Diabetes)"
2021,Estado,Região Norte,Roraima,RR,Cap IV,231,E00–E90,"Doenças endócrinas, nutricionais e metabólicas (ex: Diabetes)"
2021,Estado,Região Norte,Pará,PA,Cap IV,2852,E00–E90,"Doenças endócrinas, nutricionais e metabólicas (ex: Diabetes)"
2021,Estado,Região Norte,Amapá,AP,Cap IV,268,E00–E90,"Doenças endócrinas, nutricionais e metabólicas (ex: Diabetes)"
2021,Estado,Região Norte,Tocantins,TO,Cap IV,694,E00–E90,"Doenças endócrinas, nutricionais e metabólicas (ex: Diabetes)"
2021,Regiao,Região Nordeste,,,Cap IV,29072,E00–E90,"Doenças endócrinas, nutricionais e metabólicas (ex: Diabetes)"
2021,Estado,Região Nordeste,Maranhão,MA,Cap IV,3407,E00–E90,"Doenças endócrinas, nutricionais e metabólicas (ex: Diabetes)"
2021,Estado,Região Nordeste,Piauí,PI,Cap IV,1593,E00–E90,"Doenças endócrinas, nutricionais e metabólicas (ex: Diabetes)"
2021,Estado,Região Nordeste,Ceará,CE,Cap IV,3235,E00–E90,"Doenças endócrinas, nutricionais e metabólicas (ex: Diabetes)"
2021,Estado,Região Nordeste,Rio Grande do Norte,RN,Cap IV,1656,E00–E90,"Doenças endócrinas, nutricionais e metabólicas (ex: Diabetes)"
2021,Estado,Região Nordeste,Paraíba,PB,Cap IV,2568,E00–E90,"Doenças endócrinas, nutricionais e metabólicas (ex: Diabetes)"
2021,Estado,Região Nordeste,Pernambuco,PE,Cap IV,5940,E00–E90,"Doenças endócrinas, nutricionais e metabólicas (ex: Diabetes)"
2021,Estado,Região Nordeste,Alagoas,AL,Cap IV,1917,E00–E90,"Doenças endócrinas, nutricionais e metabólicas (ex: Diabetes)"
2021,Estado,Região Nordeste,Sergipe,SE,Cap IV,1036,E00–E90,"Doenças endócrinas, nutricionais e metabólicas (ex: Diabetes)"
2021,Estado,Região Nordeste,Bahia,BA,Cap IV,7720,E00–E90,"Doenças endócrinas, nutricionais e metabólicas (ex: Diabetes)"
2021,Regiao,Região Sudeste,,,Cap IV,39968,E00–E90,"Doenças endócrinas, nutricionais e metabólicas (ex: Diabetes)"
2021,Estado,Região Sudeste,Minas Gerais,MG,Cap IV,9305,E00–E90,"Doenças endócrinas, nutricionais e metabólicas (ex: Diabetes)"
2021,Estado,Região Sudeste,Espírito Santo,ES,Cap IV,2227,E00–E90,"Doenças endócrinas, nutricionais e metabólicas (ex: Diabetes)"
2021,Estado,Região Sudeste,Rio de Janeiro,RJ,Cap IV,8914,E00–E90,"Doenças endócrinas, nutricionais e metabólicas (ex: Diabetes)"
2021,Estado,Região Sudeste,São Paulo,SP,Cap IV,19522,E00–E90,"Doenças endócrinas, nutricionais e metabólicas (ex: Diabetes)"
2021,Regiao,Região Sul,,,Cap IV,15465,E00–E90,"Doenças endócrinas, nutricionais e metabólicas (ex: Diabetes)"
2021,Estado,Região Sul,Paraná,PR,Cap IV,5641,E00–E90,"Doenças endócrinas, nutricionais e metabólicas (ex: Diabetes)"
2021,Estado,Região Sul,Santa Catarina,SC,Cap IV,2927,E00–E90,"Doenças endócrinas, nutricionais e metabólicas (ex: Diabetes)"
2021,Estado,Região Sul,Rio Grande do Sul,RS,Cap IV,6897,E00–E90,"Doenças endócrinas, nutricionais e metabólicas (ex: Diabetes)"
2021,Regiao,Região Centro-Oeste,,,Cap IV,5801,E00–E90,"Doenças endócrinas, nutricionais e metabólicas (ex: Diabetes)"
2021,Estado,Região Centro-Oeste,Mato Grosso do Sul,MS,Cap IV,930,E00–E90,"Doenças endócrinas, nutricionais e metabólicas (ex: Diabetes)"
2021,Estado,Região Centro-Oeste,Mato Grosso,MT,Cap IV,1423,E00–E90,"Doenças endócrinas, nutricionais e metabólicas (ex: Diabetes)"
2021,Estado,Região Centro-Oeste,Goiás,GO,Cap IV,2631,E00–E90,"Doenças endócrinas, nutricionais e metabólicas (ex: Diabetes)"
2021,Estado,Região Centro-Oeste,Distrito Federal,DF,Cap IV,817,E00–E90,"Doenças endócrinas, nutricionais e metabólicas (ex: Diabetes)"
2022,Regiao,Região Norte,,,Cap IV,6157,E00–E90,"Doenças endócrinas, nutricionais e metabólicas (ex: Diabetes)"
2022,Estado,Região Norte,Rondônia,RO,Cap IV,667,E00–E90,"Doenças endócrinas, nutricionais e metabólicas (ex: Diabetes)"
2022,Estado,Região Norte,Acre,AC,Cap IV,225,E00–E90,"Doenças endócrinas, nutricionais e metabólicas (ex: Diabetes)"
2022,Estado,Região Norte,Amazonas,AM,Cap IV,1425,E00–E90,"Doenças endócrinas, nutricionais e metabólicas (ex: Diabetes)"
2022,Estado,Região Norte,Roraima,RR,Cap IV,181,E00–E90,"Doenças endócrinas, nutricionais e metabólicas (ex: Diabetes)"
2022,Estado,Região Norte,Pará,PA,Cap IV,2786,E00–E90,"Doenças endócrinas, nutricionais e metabólicas (ex: Diabetes)"
2022,Estado,Região Norte,Amapá,AP,Cap IV,220,E00–E90,"Doenças endócrinas, nutricionais e metabólicas (ex: Diabetes)"
2022,Estado,Região Norte,Tocantins,TO,Cap IV,653,E00–E90,"Doenças endócrinas, nutricionais e metabólicas (ex: Diabetes)"
2022,Regiao,Região Nordeste,,,Cap IV,29024,E00–E90,"Doenças endócrinas, nutricionais e metabólicas (ex: Diabetes)"
2022,Estado,Região Nordeste,Maranhão,MA,Cap IV,3261,E00–E90,"Doenças endócrinas, nutricionais e metabólicas (ex: Diabetes)"
2022,Estado,Região Nordeste,Piauí,PI,Cap IV,1916,E00–E90,"Doenças endócrinas, nutricionais e metabólicas (ex: Diabetes)"
2022,Estado,Região Nordeste,Ceará,CE,Cap IV,3277,E00–E90,"Doenças endócrinas, nutricionais e metabólicas (ex: Diabetes)"
2022,Estado,Região Nordeste,Rio Grande do Norte,RN,Cap IV,1690,E00–E90,"Doenças endócrinas, nutricionais e metabólicas (ex: Diabetes)"
2022,Estado,Região Nordeste,Paraíba,PB,Cap IV,2520,E00–E90,"Doenças endócrinas, nutricionais e metabólicas (ex: Diabetes)"
2022,Estado,Região Nordeste,Pernambuco,PE,Cap IV,5311,E00–E90,"Doenças endócrinas, nutricionais e metabólicas (ex: Diabetes)"
2022,Estado,Região Nordeste,Alagoas,AL,Cap IV,1876,E00–E90,"Doenças endócrinas, nutricionais e metabólicas (ex: Diabetes)"
2022,Estado,Região Nordeste,Sergipe,SE,Cap IV,1149,E00–E90,"Doenças endócrinas, nutricionais e metabólicas (ex: Diabetes)"
2022,Estado,Região Nordeste,Bahia,BA,Cap IV,8024,E00–E90,"Doenças endócrinas, nutricionais e metabólicas (ex: Diabetes)"
2022,Regiao,Região Sudeste,,,Cap IV,37316,E00–E90,"Doenças endócrinas, nutricionais e metabólicas (ex: Diabetes)"
2022,Estado,Região Sudeste,Minas Gerais,MG,Cap IV,9138,E00–E90,"Doenças endócrinas, nutricionais e metabólicas (ex: Diabetes)"
2022,Estado,Região Sudeste,Espírito Santo,ES,Cap IV,1892,E00–E90,"Doenças endócrinas, nutricionais e metabólicas (ex: Diabetes)"
2022,Estado,Região Sudeste,Rio de Janeiro,RJ,Cap IV,8035,E00–E90,"Doenças endócrinas, nutricionais e metabólicas (ex: Diabetes)"
2022,Estado,Região Sudeste,São Paulo,SP,Cap IV,18251,E00–E90,"Doenças endócrinas, nutricionais e metabólicas (ex: Diabetes)"
2022,Regiao,Região Sul,,,Cap IV,15647,E00–E90,"Doenças endócrinas, nutricionais e metabólicas (ex: Diabetes)"
2022,Estado,Região Sul,Paraná,PR,Cap IV,5388,E00–E90,"Doenças endócrinas, nutricionais e metabólicas (ex: Diabetes)"
2022,Estado,Região Sul,Santa Catarina,SC,Cap IV,3041,E00–E90,"Doenças endócrinas, nutricionais e metabólicas (ex: Diabetes)"
2022,Estado,Região Sul,Rio Grande do Sul,RS,Cap IV,7218,E00–E90,"Doenças endócrinas, nutricionais e metabólicas (ex: Diabetes)"
2022,Regiao,Região Centro-Oeste,,,Cap IV,5697,E00–E90,"Doenças endócrinas, nutricionais e metabólicas (ex: Diabetes)"
2022,Estado,Região Centro-Oeste,Mato Grosso do Sul,MS,Cap IV,1030,E00–E90,"Doenças endócrinas, nutricionais e metabólicas (ex: Diabetes)"
2022,Estado,Região Centro-Oeste,Mato Grosso,MT,Cap IV,1505,E00–E90,"Doenças endócrinas, nutricionais e metabólicas (ex: Diabetes)"
2022,Estado,Região Centro-Oeste,Goiás,GO,Cap IV,2397,E00–E90,"Doenças endócrinas, nutricionais e metabólicas (ex: Diabetes)"
2022,Estado,Região Centro-Oeste,Distrito Federal,DF,Cap IV,765,E00–E90,"Doenças endócrinas, nutricionais e metabólicas (ex: Diabetes)"
2023,Regiao,Região Norte,,,Cap IV,6089,E00–E90,"Doenças endócrinas, nutricionais e metabólicas (ex: Diabetes)"
2023,Estado,Região Norte,Rondônia,RO,Cap IV,636,E00–E90,"Doenças endócrinas, nutricionais e metabólicas (ex: Diabetes)"
2023,Estado,Região Norte,Acre,AC,Cap IV,230,E00–E90,"Doenças endócrinas, nutricionais e metabólicas (ex: Diabetes)"
2023,Estado,Região Norte,Amazonas,AM,Cap IV,1494,E00–E90,"Doenças endócrinas, nutricionais e metabólicas (ex: Diabetes)"
2023,Estado,Região Norte,Roraima,RR,Cap IV,188,E00–E90,"Doenças endócrinas, nutricionais e metabólicas (ex: Diabetes)"
2023,Estado,Região Norte,Pará,PA,Cap IV,2714,E00–E90,"Doenças endócrinas, nutricionais e metabólicas (ex: Diabetes)"
2023,Estado,Região Norte,Amapá,AP,Cap IV,202,E00–E90,"Doenças endócrinas, nutricionais e metabólicas (ex: Diabetes)"
2023,Estado,Região Norte,Tocantins,TO,Cap IV,625,E00–E90,"Doenças endócrinas, nutricionais e metabólicas (ex: Diabetes)"
2023,Regiao,Região Nordeste,,,Cap IV,25671,E00–E90,"Doenças endócrinas, nutricionais e metabólicas (ex: Diabetes)"
2023,Estado,Região Nordeste,Maranhão,MA,Cap IV,2966,E00–E90,"Doenças endócrinas, nutricionais e metabólicas (ex: Diabetes)"
2023,Estado,Região Nordeste,Piauí,PI,Cap IV,1788,E00–E90,"Doenças endócrinas, nutricionais e metabólicas (ex: Diabetes)"
2023,Estado,Região Nordeste,Ceará,CE,Cap IV,2796,E00–E90,"Doenças endócrinas, nutricionais e metabólicas (ex: Diabetes)"
2023,Estado,Região Nordeste,Rio Grande do Norte,RN,Cap IV,1493,E00–E90,"Doenças endócrinas, nutricionais e metabólicas (ex: Diabetes)"
2023,Estado,Região Nordeste,Paraíba,PB,Cap IV,2160,E00–E90,"Doenças endócrinas, nutricionais e metabólicas (ex: Diabetes)"
2023,Estado,Região Nordeste,Pernambuco,PE,Cap IV,4314,E00–E90,"Doenças endócrinas, nutricionais e metabólicas (ex: Diabetes)"
2023,Estado,Região Nordeste,Alagoas,AL,Cap IV,1619,E00–E90,"Doenças endócrinas, nutricionais e metabólicas (ex: Diabetes)"
2023,Estado,Região Nordeste,Sergipe,SE,Cap IV,1015,E00–E90,"Doenças endócrinas, nutricionais e metabólicas (ex: Diabetes)"
2023,Estado,Região Nordeste,Bahia,BA,Cap IV,7520,E00–E90,"Doenças endócrinas, nutricionais e metabólicas (ex: Diabetes)"
2023,Regiao,Região Sudeste,,,Cap IV,36019,E00–E90,"Doenças endócrinas, nutricionais e metabólicas (ex: Diabetes)"
2023,Estado,Região Sudeste,Minas Gerais,MG,Cap IV,8904,E00–E90,"Doenças endócrinas, nutricionais e metabólicas (ex: Diabetes)"
2023,Estado,Região Sudeste,Espírito Santo,ES,Cap IV,2119,E00–E90,"Doenças endócrinas, nutricionais e metabólicas (ex: Diabetes)"
2023,Estado,Região Sudeste,Rio de Janeiro,RJ,Cap IV,7992,E00–E90,"Doenças endócrinas, nutricionais e metabólicas (ex: Diabetes)"
2023,Estado,Região Sudeste,São Paulo,SP,Cap IV,17004,E00–E90,"Doenças endócrinas, nutricionais e metabólicas (ex: Diabetes)"
2023,Regiao,Região Sul,,,Cap IV,14468,E00–E90,"Doenças endócrinas, nutricionais e metabólicas (ex: Diabetes)"
2023,Estado,Região Sul,Paraná,PR,Cap IV,4909,E00–E90,"Doenças endócrinas, nutricionais e metabólicas (ex: Diabetes)"
2023,Estado,Região Sul,Santa Catarina,SC,Cap IV,3059,E00–E90,"Doenças endócrinas, nutricionais e metabólicas (ex: Diabetes)"
2023,Estado,Região Sul,Rio Grande do Sul,RS,Cap IV,6500,E00–E90,"Doenças endócrinas, nutricionais e metabólicas (ex: Diabetes)"
2023,Regiao,Região Centro-Oeste,,,Cap IV,5720,E00–E90,"Doenças endócrinas, nutricionais e metabólicas (ex: Diabetes)"
2023,Estado,Região Centro-Oeste,Mato Grosso do Sul,MS,Cap IV,987,E00–E90,"Doenças endócrinas, nutricionais e metabólicas (ex: Diabetes)"
2023,Estado,Região Centro-Oeste,Mato Grosso,MT,Cap IV,1643,E00–E90,"Doenças endócrinas, nutricionais e metabólicas (ex: Diabetes)"
2023,Estado,Região Centro-Oeste,Goiás,GO,Cap IV,2403,E00–E90,"Doenças endócrinas, nutricionais e metabólicas (ex: Diabetes)"
2023,Estado,Região Centro-Oeste,Distrito Federal,DF,Cap IV,687,E00–E90,"Doenças endócrinas, nutricionais e metabólicas (ex: Diabetes)"
2024,Regiao,Região Norte,,,Cap IV,6101,E00–E90,"Doenças endócrinas, nutricionais e metabólicas (ex: Diabetes)"
2024,Estado,Região Norte,Rondônia,RO,Cap IV,671,E00–E90,"Doenças endócrinas, nutricionais e metabólicas (ex: Diabetes)"
2024,Estado,Região Norte,Acre,AC,Cap IV,188,E00–E90,"Doenças endócrinas, nutricionais e metabólicas (ex: Diabetes)"
2024,Estado,Região Norte,Amazonas,AM,Cap IV,1478,E00–E90,"Doenças endócrinas, nutricionais e metabólicas (ex: Diabetes)"
2024,Estado,Região Norte,Roraima,RR,Cap IV,151,E00–E90,"Doenças endócrinas, nutricionais e metabólicas (ex: Diabetes)"
2024,Estado,Região Norte,Pará,PA,Cap IV,2753,E00–E90,"Doenças endócrinas, nutricionais e metabólicas (ex: Diabetes)"
2024,Estado,Região Norte,Amapá,AP,Cap IV,220,E00–E90,"Doenças endócrinas, nutricionais e metabólicas (ex: Diabetes)"
2024,Estado,Região Norte,Tocantins,TO,Cap IV,640,E00–E90,"Doenças endócrinas, nutricionais e metabólicas (ex: Diabetes)"
2024,Regiao,Região Nordeste,,,Cap IV,26497,E00–E90,"Doenças endócrinas, nutricionais e metabólicas (ex: Diabetes)"
2024,Estado,Região Nordeste,Maranhão,MA,Cap IV,3081,E00–E90,"Doenças endócrinas, nutricionais e metabólicas (ex: Diabetes)"
2024,Estado,Região Nordeste,Piauí,PI,Cap IV,1748,E00–E90,"Doenças endócrinas, nutricionais e metabólicas (ex: Diabetes)"
2024,Estado,Região Nordeste,Ceará,CE,Cap IV,2978,E00–E90,"Doenças endócrinas, nutricionais e metabólicas (ex: Diabetes)"
2024,Estado,Região Nordeste,Rio Grande do Norte,RN,Cap IV,1490,E00–E90,"Doenças endócrinas, nutricionais e metabólicas (ex: Diabetes)"
2024,Estado,Região Nordeste,Paraíba,PB,Cap IV,2228,E00–E90,"Doenças endócrinas, nutricionais e metabólicas (ex: Diabetes)"
2024,Estado,Região Nordeste,Pernambuco,PE,Cap IV,4578,E00–E90,"Doenças endócrinas, nutricionais e metabólicas (ex: Diabetes)"
2024,Estado,Região Nordeste,Alagoas,AL,Cap IV,1583,E00–E90,"Doenças endócrinas, nutricionais e metabólicas (ex: Diabetes)"
2024,Estado,Região Nordeste,Sergipe,SE,Cap IV,985,E00–E90,"Doenças endócrinas, nutricionais e metabólicas (ex: Diabetes)"
2024,Estado,Região Nordeste,Bahia,BA,Cap IV,7826,E00–E90,"Doenças endócrinas, nutricionais e metabólicas (ex: Diabetes)"
2024,Regiao,Região Sudeste,,,Cap IV,36500,E00–E90,"Doenças endócrinas, nutricionais e metabólicas (ex: Diabetes)"
2024,Estado,Região Sudeste,Minas Gerais,MG,Cap IV,8961,E00–E90,"Doenças endócrinas, nutricionais e metabólicas (ex: Diabetes)"
2024,Estado,Região Sudeste,Espírito Santo,ES,Cap IV,2277,E00–E90,"Doenças endócrinas, nutricionais e metabólicas (ex: Diabetes)"
2024,Estado,Região Sudeste,Rio de Janeiro,RJ,Cap IV,8117,E00–E90,"Doenças endócrinas, nutricionais e metabólicas (ex: Diabetes)"
2024,Estado,Região Sudeste,São Paulo,SP,Cap IV,17145,E00–E90,"Doenças endócrinas, nutricionais e metabólicas (ex: Diabetes)"
2024,Regiao,Região Sul,,,Cap IV,15242,E00–E90,"Doenças endócrinas, nutricionais e metabólicas (ex: Diabetes)"
2024,Estado,Região Sul,Paraná,PR,Cap IV,5280,E00–E90,"Doenças endócrinas, nutricionais e metabólicas (ex: Diabetes)"
2024,Estado,Região Sul,Santa Catarina,SC,Cap IV,3219,E00–E90,"Doenças endócrinas, nutricionais e metabólicas (ex: Diabetes)"
2024,Estado,Região Sul,Rio Grande do Sul,RS,Cap IV,6743,E00–E90,"Doenças endócrinas, nutricionais e metabólicas (ex: Diabetes)"
2024,Regiao,Região Centro-Oeste,,,Cap IV,5838,E00–E90,"Doenças endócrinas, nutricionais e metabólicas (ex: Diabetes)"
2024,Estado,Região Centro-Oeste,Mato Grosso do Sul,MS,Cap IV,948,E00–E90,"Doenças endócrinas, nutricionais e metabólicas (ex: Diabetes)"
2024,Estado,Região Centro-Oeste,Mato Grosso,MT,Cap IV,1539,E00–E90,"Doenças endócrinas, nutricionais e metabólicas (ex: Diabetes)"
2024,Estado,Região Centro-Oeste,Goiás,GO,Cap IV,2714,E00–E90,"Doenças endócrinas, nutricionais e metabólicas (ex: Diabetes)"
2024,Estado,Região Centro-Oeste,Distrito Federal,DF,Cap IV,637,E00–E90,"Doenças endócrinas, nutricionais e metabólicas (ex: Diabetes)"
2025,Regiao,Região Norte,,,Cap IV,6586,E00–E90,"Doenças endócrinas, nutricionais e metabólicas (ex: Diabetes)"
2025,Estado,Região Norte,Rondônia,RO,Cap IV,752,E00–E90,"Doenças endócrinas, nutricionais e metabólicas (ex: Diabetes)"
2025,Estado,Região Norte,Acre,AC,Cap IV,182,E00–E90,"Doenças endócrinas, nutricionais e metabólicas (ex: Diabetes)"
2025,Estado,Região Norte,Amazonas,AM,Cap IV,1546,E00–E90,"Doenças endócrinas, nutricionais e metabólicas (ex: Diabetes)"
2025,Estado,Região Norte,Roraima,RR,Cap IV,188,E00–E90,"Doenças endócrinas, nutricionais e metabólicas (ex: Diabetes)"
2025,Estado,Região Norte,Pará,PA,Cap IV,3075,E00–E90,"Doenças endócrinas, nutricionais e metabólicas (ex: Diabetes)"
2025,Estado,Região Norte,Amapá,AP,Cap IV,216,E00–E90,"Doenças endócrinas, nutricionais e metabólicas (ex: Diabetes)"
2025,Estado,Região Norte,Tocantins,TO,Cap IV,627,E00–E90,"Doenças endócrinas, nutricionais e metabólicas (ex: Diabetes)"
2025,Regiao,Região Nordeste,,,Cap IV,26207,E00–E90,"Doenças endócrinas, nutricionais e metabólicas (ex: Diabetes)"
2025,Estado,Região Nordeste,Maranhão,MA,Cap IV,3144,E00–E90,"Doenças endócrinas, nutricionais e metabólicas (ex: Diabetes)"
2025,Estado,Região Nordeste,Piauí,PI,Cap IV,1746,E00–E90,"Doenças endócrinas, nutricionais e metabólicas (ex: Diabetes)"
2025,Estado,Região Nordeste,Ceará,CE,Cap IV,2896,E00–E90,"Doenças endócrinas, nutricionais e metabólicas (ex: Diabetes)"
2025,Estado,Região Nordeste,Rio Grande do Norte,RN,Cap IV,1250,E00–E90,"Doenças endócrinas, nutricionais e metabólicas (ex: Diabetes)"
2025,Estado,Região Nordeste,Paraíba,PB,Cap IV,2183,E00–E90,"Doenças endócrinas, nutricionais e metabólicas (ex: Diabetes)"
2025,Estado,Região Nordeste,Pernambuco,PE,Cap IV,4603,E00–E90,"Doenças endócrinas, nutricionais e metabólicas (ex: Diabetes)"
2025,Estado,Região Nordeste,Alagoas,AL,Cap IV,1588,E00–E90,"Doenças endócrinas, nutricionais e metabólicas (ex: Diabetes)"
2025,Estado,Região Nordeste,Sergipe,SE,Cap IV,978,E00–E90,"Doenças endócrinas, nutricionais e metabólicas (ex: Diabetes)"
2025,Estado,Região Nordeste,Bahia,BA,Cap IV,7819,E00–E90,"Doenças endócrinas, nutricionais e metabólicas (ex: Diabetes)"
2025,Regiao,Região Sudeste,,,Cap IV,36857,E00–E90,"Doenças endócrinas, nutricionais e metabólicas (ex: Diabetes)"
2025,Estado,Região Sudeste,Minas Gerais,MG,Cap IV,8848,E00–E90,"Doenças endócrinas, nutricionais e metabólicas (ex: Diabetes)"
2025,Estado,Região Sudeste,Espírito Santo,ES,Cap IV,2411,E00–E90,"Doenças endócrinas, nutricionais e metabólicas (ex: Diabetes)"
2025,Estado,Região Sudeste,Rio de Janeiro,RJ,Cap IV,8689,E00–E90,"Doenças endócrinas, nutricionais e metabólicas (ex: Diabetes)"
2025,Estado,Região Sudeste,São Paulo,SP,Cap IV,16909,E00–E90,"Doenças endócrinas, nutricionais e metabólicas (ex: Diabetes)"
2025,Regiao,Região Sul,,,Cap IV,15217,E00–E90,"Doenças endócrinas, nutricionais e metabólicas (ex: Diabetes)"
2025,Estado,Região Sul,Paraná,PR,Cap IV,5254,E00–E90,"Doenças endócrinas, nutricionais e metabólicas (ex: Diabetes)"
2025,Estado,Região Sul,Santa Catarina,SC,Cap IV,3266,E00–E90,"Doenças endócrinas, nutricionais e metabólicas (ex: Diabetes)"
2025,Estado,Região Sul,Rio Grande do Sul,RS,Cap IV,6697,E00–E90,"Doenças endócrinas, nutricionais e metabólicas (ex: Diabetes)"
2025,Regiao,Região Centro-Oeste,,,Cap IV,6056,E00–E90,"Doenças endócrinas, nutricionais e metabólicas (ex: Diabetes)"
2025,Estado,Região Centro-Oeste,Mato Grosso do Sul,MS,Cap IV,1093,E00–E90,"Doenças endócrinas, nutricionais e metabólicas (ex: Diabetes)"
2025,Estado,Região Centro-Oeste,Mato Grosso,MT,Cap IV,1596,E00–E90,"Doenças endócrinas, nutricionais e metabólicas (ex: Diabetes)"
2025,Estado,Região Centro-Oeste,Goiás,GO,Cap IV,2615,E00–E90,"Doenças endócrinas, nutricionais e metabólicas (ex: Diabetes)"
2025,Estado,Região Centro-Oeste,Distrito Federal,DF,Cap IV,752,E00–E90,"Doenças endócrinas, nutricionais e metabólicas (ex: Diabetes)"
2026,Regiao,Região Norte,,,Cap IV,2328,E00–E90,"Doenças endócrinas, nutricionais e metabólicas (ex: Diabetes)"
2026,Estado,Região Norte,Rondônia,RO,Cap IV,217,E00–E90,"Doenças endócrinas, nutricionais e metabólicas (ex: Diabetes)"
2026,Estado,Região Norte,Acre,AC,Cap IV,72,E00–E90,"Doenças endócrinas, nutricionais e metabólicas (ex: Diabetes)"
2026,Estado,Região Norte,Amazonas,AM,Cap IV,526,E00–E90,"Doenças endócrinas, nutricionais e metabólicas (ex: Diabetes)"
2026,Estado,Região Norte,Roraima,RR,Cap IV,59,E00–E90,"Doenças endócrinas, nutricionais e metabólicas (ex: Diabetes)"
2026,Estado,Região Norte,Pará,PA,Cap IV,1193,E00–E90,"Doenças endócrinas, nutricionais e metabólicas (ex: Diabetes)"
2026,Estado,Região Norte,Amapá,AP,Cap IV,61,E00–E90,"Doenças endócrinas, nutricionais e metabólicas (ex: Diabetes)"
2026,Estado,Região Norte,Tocantins,TO,Cap IV,200,E00–E90,"Doenças endócrinas, nutricionais e metabólicas (ex: Diabetes)"
2026,Regiao,Região Nordeste,,,Cap IV,8785,E00–E90,"Doenças endócrinas, nutricionais e metabólicas (ex: Diabetes)"
2026,Estado,Região Nordeste,Maranhão,MA,Cap IV,1247,E00–E90,"Doenças endócrinas, nutricionais e metabólicas (ex: Diabetes)"
2026,Estado,Região Nordeste,Piauí,PI,Cap IV,526,E00–E90,"Doenças endócrinas, nutricionais e metabólicas (ex: Diabetes)"
2026,Estado,Região Nordeste,Ceará,CE,Cap IV,1042,E00–E90,"Doenças endócrinas, nutricionais e metabólicas (ex: Diabetes)"
2026,Estado,Região Nordeste,Rio Grande do Norte,RN,Cap IV,495,E00–E90,"Doenças endócrinas, nutricionais e metabólicas (ex: Diabetes)"
2026,Estado,Região Nordeste,Paraíba,PB,Cap IV,797,E00–E90,"Doenças endócrinas, nutricionais e metabólicas (ex: Diabetes)"
2026,Estado,Região Nordeste,Pernambuco,PE,Cap IV,1498,E00–E90,"Doenças endócrinas, nutricionais e metabólicas (ex: Diabetes)"
2026,Estado,Região Nordeste,Alagoas,AL,Cap IV,502,E00–E90,"Doenças endócrinas, nutricionais e metabólicas (ex: Diabetes)"
2026,Estado,Região Nordeste,Sergipe,SE,Cap IV,397,E00–E90,"Doenças endócrinas, nutricionais e metabólicas (ex: Diabetes)"
2026,Estado,Região Nordeste,Bahia,BA,Cap IV,2281,E00–E90,"Doenças endócrinas, nutricionais e metabólicas (ex: Diabetes)"
2026,Regiao,Região Sudeste,,,Cap IV,10855,E00–E90,"Doenças endócrinas, nutricionais e metabólicas (ex: Diabetes)"
2026,Estado,Região Sudeste,Minas Gerais,MG,Cap IV,2548,E00–E90,"Doenças endócrinas, nutricionais e metabólicas (ex: Diabetes)"
2026,Estado,Região Sudeste,Espírito Santo,ES,Cap IV,616,E00–E90,"Doenças endócrinas, nutricionais e metabólicas (ex: Diabetes)"
2026,Estado,Região Sudeste,Rio de Janeiro,RJ,Cap IV,2660,E00–E90,"Doenças endócrinas, nutricionais e metabólicas (ex: Diabetes)"
2026,Estado,Região Sudeste,São Paulo,SP,Cap IV,5031,E00–E90,"Doenças endócrinas, nutricionais e metabólicas (ex: Diabetes)"
2026,Regiao,Região Sul,,,Cap IV,4309,E00–E90,"Doenças endócrinas, nutricionais e metabólicas (ex: Diabetes)"
2026,Estado,Região Sul,Paraná,PR,Cap IV,1546,E00–E90,"Doenças endócrinas, nutricionais e metabólicas (ex: Diabetes)"
2026,Estado,Região Sul,Santa Catarina,SC,Cap IV,1022,E00–E90,"Doenças endócrinas, nutricionais e metabólicas (ex: Diabetes)"
2026,Estado,Região Sul,Rio Grande do Sul,RS,Cap IV,1741,E00–E90,"Doenças endócrinas, nutricionais e metabólicas (ex: Diabetes)"
2026,Regiao,Região Centro-Oeste,,,Cap IV,1925,E00–E90,"Doenças endócrinas, nutricionais e metabólicas (ex: Diabetes)"
2026,Estado,Região Centro-Oeste,Mato Grosso do Sul,MS,Cap IV,443,E00–E90,"Doenças endócrinas, nutricionais e metabólicas (ex: Diabetes)"
2026,Estado,Região Centro-Oeste,Mato Grosso,MT,Cap IV,445,E00–E90,"Doenças endócrinas, nutricionais e metabólicas (ex: Diabetes)"
2026,Estado,Região Centro-Oeste,Goiás,GO,Cap IV,778,E00–E90,"Doenças endócrinas, nutricionais e metabólicas (ex: Diabetes)"
2026,Estado,Região Centro-Oeste,Distrito Federal,DF,Cap IV,259,E00–E90,"Doenças endócrinas, nutricionais e metabólicas (ex: Diabetes)"
2016,Regiao,Região Norte,,,Cap V,426,F00–F99,Transtornos mentais e de comportamento
2016,Estado,Região Norte,Rondônia,RO,Cap V,44,F00–F99,Transtornos mentais e de comportamento
2016,Estado,Região Norte,Acre,AC,Cap V,27,F00–F99,Transtornos mentais e de comportamento
2016,Estado,Região Norte,Amazonas,AM,Cap V,48,F00–F99,Transtornos mentais e de comportamento
2016,Estado,Região Norte,Roraima,RR,Cap V,11,F00–F99,Transtornos mentais e de comportamento
2016,Estado,Região Norte,Pará,PA,Cap V,179,F00–F99,Transtornos mentais e de comportamento
2016,Estado,Região Norte,Amapá,AP,Cap V,14,F00–F99,Transtornos mentais e de comportamento
2016,Estado,Região Norte,Tocantins,TO,Cap V,103,F00–F99,Transtornos mentais e de comportamento
2016,Regiao,Região Nordeste,,,Cap V,3686,F00–F99,Transtornos mentais e de comportamento
2016,Estado,Região Nordeste,Maranhão,MA,Cap V,285,F00–F99,Transtornos mentais e de comportamento
2016,Estado,Região Nordeste,Piauí,PI,Cap V,200,F00–F99,Transtornos mentais e de comportamento
2016,Estado,Região Nordeste,Ceará,CE,Cap V,694,F00–F99,Transtornos mentais e de comportamento
2016,Estado,Região Nordeste,Rio Grande do Norte,RN,Cap V,199,F00–F99,Transtornos mentais e de comportamento
2016,Estado,Região Nordeste,Paraíba,PB,Cap V,227,F00–F99,Transtornos mentais e de comportamento
2016,Estado,Região Nordeste,Pernambuco,PE,Cap V,609,F00–F99,Transtornos mentais e de comportamento
2016,Estado,Região Nordeste,Alagoas,AL,Cap V,251,F00–F99,Transtornos mentais e de comportamento
2016,Estado,Região Nordeste,Sergipe,SE,Cap V,316,F00–F99,Transtornos mentais e de comportamento
2016,Estado,Região Nordeste,Bahia,BA,Cap V,905,F00–F99,Transtornos mentais e de comportamento
2016,Regiao,Região Sudeste,,,Cap V,5886,F00–F99,Transtornos mentais e de comportamento
2016,Estado,Região Sudeste,Minas Gerais,MG,Cap V,2288,F00–F99,Transtornos mentais e de comportamento
2016,Estado,Região Sudeste,Espírito Santo,ES,Cap V,275,F00–F99,Transtornos mentais e de comportamento
2016,Estado,Região Sudeste,Rio de Janeiro,RJ,Cap V,886,F00–F99,Transtornos mentais e de comportamento
2016,Estado,Região Sudeste,São Paulo,SP,Cap V,2437,F00–F99,Transtornos mentais e de comportamento
2016,Regiao,Região Sul,,,Cap V,1799,F00–F99,Transtornos mentais e de comportamento
2016,Estado,Região Sul,Paraná,PR,Cap V,821,F00–F99,Transtornos mentais e de comportamento
2016,Estado,Região Sul,Santa Catarina,SC,Cap V,379,F00–F99,Transtornos mentais e de comportamento
2016,Estado,Região Sul,Rio Grande do Sul,RS,Cap V,599,F00–F99,Transtornos mentais e de comportamento
2016,Regiao,Região Centro-Oeste,,,Cap V,877,F00–F99,Transtornos mentais e de comportamento
2016,Estado,Região Centro-Oeste,Mato Grosso do Sul,MS,Cap V,131,F00–F99,Transtornos mentais e de comportamento
2016,Estado,Região Centro-Oeste,Mato Grosso,MT,Cap V,176,F00–F99,Transtornos mentais e de comportamento
2016,Estado,Região Centro-Oeste,Goiás,GO,Cap V,361,F00–F99,Transtornos mentais e de comportamento
2016,Estado,Região Centro-Oeste,Distrito Federal,DF,Cap V,209,F00–F99,Transtornos mentais e de comportamento
2017,Regiao,Região Norte,,,Cap V,465,F00–F99,Transtornos mentais e de comportamento
2017,Estado,Região Norte,Rondônia,RO,Cap V,60,F00–F99,Transtornos mentais e de comportamento
2017,Estado,Região Norte,Acre,AC,Cap V,29,F00–F99,Transtornos mentais e de comportamento
2017,Estado,Região Norte,Amazonas,AM,Cap V,61,F00–F99,Transtornos mentais e de comportamento
2017,Estado,Região Norte,Roraima,RR,Cap V,8,F00–F99,Transtornos mentais e de comportamento
2017,Estado,Região Norte,Pará,PA,Cap V,187,F00–F99,Transtornos mentais e de comportamento
2017,Estado,Região Norte,Amapá,AP,Cap V,8,F00–F99,Transtornos mentais e de comportamento
2017,Estado,Região Norte,Tocantins,TO,Cap V,112,F00–F99,Transtornos mentais e de comportamento
2017,Regiao,Região Nordeste,,,Cap V,3731,F00–F99,Transtornos mentais e de comportamento
2017,Estado,Região Nordeste,Maranhão,MA,Cap V,268,F00–F99,Transtornos mentais e de comportamento
2017,Estado,Região Nordeste,Piauí,PI,Cap V,218,F00–F99,Transtornos mentais e de comportamento
2017,Estado,Região Nordeste,Ceará,CE,Cap V,726,F00–F99,Transtornos mentais e de comportamento
2017,Estado,Região Nordeste,Rio Grande do Norte,RN,Cap V,194,F00–F99,Transtornos mentais e de comportamento
2017,Estado,Região Nordeste,Paraíba,PB,Cap V,227,F00–F99,Transtornos mentais e de comportamento
2017,Estado,Região Nordeste,Pernambuco,PE,Cap V,606,F00–F99,Transtornos mentais e de comportamento
2017,Estado,Região Nordeste,Alagoas,AL,Cap V,226,F00–F99,Transtornos mentais e de comportamento
2017,Estado,Região Nordeste,Sergipe,SE,Cap V,342,F00–F99,Transtornos mentais e de comportamento
2017,Estado,Região Nordeste,Bahia,BA,Cap V,924,F00–F99,Transtornos mentais e de comportamento
2017,Regiao,Região Sudeste,,,Cap V,5807,F00–F99,Transtornos mentais e de comportamento
2017,Estado,Região Sudeste,Minas Gerais,MG,Cap V,2341,F00–F99,Transtornos mentais e de comportamento
2017,Estado,Região Sudeste,Espírito Santo,ES,Cap V,229,F00–F99,Transtornos mentais e de comportamento
2017,Estado,Região Sudeste,Rio de Janeiro,RJ,Cap V,953,F00–F99,Transtornos mentais e de comportamento
2017,Estado,Região Sudeste,São Paulo,SP,Cap V,2284,F00–F99,Transtornos mentais e de comportamento
2017,Regiao,Região Sul,,,Cap V,1833,F00–F99,Transtornos mentais e de comportamento
2017,Estado,Região Sul,Paraná,PR,Cap V,752,F00–F99,Transtornos mentais e de comportamento
2017,Estado,Região Sul,Santa Catarina,SC,Cap V,387,F00–F99,Transtornos mentais e de comportamento
2017,Estado,Região Sul,Rio Grande do Sul,RS,Cap V,694,F00–F99,Transtornos mentais e de comportamento
2017,Regiao,Região Centro-Oeste,,,Cap V,1022,F00–F99,Transtornos mentais e de comportamento
2017,Estado,Região Centro-Oeste,Mato Grosso do Sul,MS,Cap V,123,F00–F99,Transtornos mentais e de comportamento
2017,Estado,Região Centro-Oeste,Mato Grosso,MT,Cap V,206,F00–F99,Transtornos mentais e de comportamento
2017,Estado,Região Centro-Oeste,Goiás,GO,Cap V,395,F00–F99,Transtornos mentais e de comportamento
2017,Estado,Região Centro-Oeste,Distrito Federal,DF,Cap V,298,F00–F99,Transtornos mentais e de comportamento
2018,Regiao,Região Norte,,,Cap V,407,F00–F99,Transtornos mentais e de comportamento
2018,Estado,Região Norte,Rondônia,RO,Cap V,44,F00–F99,Transtornos mentais e de comportamento
2018,Estado,Região Norte,Acre,AC,Cap V,26,F00–F99,Transtornos mentais e de comportamento
2018,Estado,Região Norte,Amazonas,AM,Cap V,64,F00–F99,Transtornos mentais e de comportamento
2018,Estado,Região Norte,Roraima,RR,Cap V,8,F00–F99,Transtornos mentais e de comportamento
2018,Estado,Região Norte,Pará,PA,Cap V,160,F00–F99,Transtornos mentais e de comportamento
2018,Estado,Região Norte,Amapá,AP,Cap V,10,F00–F99,Transtornos mentais e de comportamento
2018,Estado,Região Norte,Tocantins,TO,Cap V,95,F00–F99,Transtornos mentais e de comportamento
2018,Regiao,Região Nordeste,,,Cap V,3733,F00–F99,Transtornos mentais e de comportamento
2018,Estado,Região Nordeste,Maranhão,MA,Cap V,309,F00–F99,Transtornos mentais e de comportamento
2018,Estado,Região Nordeste,Piauí,PI,Cap V,253,F00–F99,Transtornos mentais e de comportamento
2018,Estado,Região Nordeste,Ceará,CE,Cap V,736,F00–F99,Transtornos mentais e de comportamento
2018,Estado,Região Nordeste,Rio Grande do Norte,RN,Cap V,200,F00–F99,Transtornos mentais e de comportamento
2018,Estado,Região Nordeste,Paraíba,PB,Cap V,213,F00–F99,Transtornos mentais e de comportamento
2018,Estado,Região Nordeste,Pernambuco,PE,Cap V,567,F00–F99,Transtornos mentais e de comportamento
2018,Estado,Região Nordeste,Alagoas,AL,Cap V,187,F00–F99,Transtornos mentais e de comportamento
2018,Estado,Região Nordeste,Sergipe,SE,Cap V,307,F00–F99,Transtornos mentais e de comportamento
2018,Estado,Região Nordeste,Bahia,BA,Cap V,961,F00–F99,Transtornos mentais e de comportamento
2018,Regiao,Região Sudeste,,,Cap V,6260,F00–F99,Transtornos mentais e de comportamento
2018,Estado,Região Sudeste,Minas Gerais,MG,Cap V,2528,F00–F99,Transtornos mentais e de comportamento
2018,Estado,Região Sudeste,Espírito Santo,ES,Cap V,202,F00–F99,Transtornos mentais e de comportamento
2018,Estado,Região Sudeste,Rio de Janeiro,RJ,Cap V,1038,F00–F99,Transtornos mentais e de comportamento
2018,Estado,Região Sudeste,São Paulo,SP,Cap V,2492,F00–F99,Transtornos mentais e de comportamento
2018,Regiao,Região Sul,,,Cap V,2178,F00–F99,Transtornos mentais e de comportamento
2018,Estado,Região Sul,Paraná,PR,Cap V,905,F00–F99,Transtornos mentais e de comportamento
2018,Estado,Região Sul,Santa Catarina,SC,Cap V,513,F00–F99,Transtornos mentais e de comportamento
2018,Estado,Região Sul,Rio Grande do Sul,RS,Cap V,760,F00–F99,Transtornos mentais e de comportamento
2018,Regiao,Região Centro-Oeste,,,Cap V,1119,F00–F99,Transtornos mentais e de comportamento
2018,Estado,Região Centro-Oeste,Mato Grosso do Sul,MS,Cap V,191,F00–F99,Transtornos mentais e de comportamento
2018,Estado,Região Centro-Oeste,Mato Grosso,MT,Cap V,168,F00–F99,Transtornos mentais e de comportamento
2018,Estado,Região Centro-Oeste,Goiás,GO,Cap V,441,F00–F99,Transtornos mentais e de comportamento
2018,Estado,Região Centro-Oeste,Distrito Federal,DF,Cap V,319,F00–F99,Transtornos mentais e de comportamento
2019,Regiao,Região Norte,,,Cap V,446,F00–F99,Transtornos mentais e de comportamento
2019,Estado,Região Norte,Rondônia,RO,Cap V,59,F00–F99,Transtornos mentais e de comportamento
2019,Estado,Região Norte,Acre,AC,Cap V,19,F00–F99,Transtornos mentais e de comportamento
2019,Estado,Região Norte,Amazonas,AM,Cap V,54,F00–F99,Transtornos mentais e de comportamento
2019,Estado,Região Norte,Roraima,RR,Cap V,8,F00–F99,Transtornos mentais e de comportamento
2019,Estado,Região Norte,Pará,PA,Cap V,195,F00–F99,Transtornos mentais e de comportamento
2019,Estado,Região Norte,Amapá,AP,Cap V,18,F00–F99,Transtornos mentais e de comportamento
2019,Estado,Região Norte,Tocantins,TO,Cap V,93,F00–F99,Transtornos mentais e de comportamento
2019,Regiao,Região Nordeste,,,Cap V,4030,F00–F99,Transtornos mentais e de comportamento
2019,Estado,Região Nordeste,Maranhão,MA,Cap V,336,F00–F99,Transtornos mentais e de comportamento
2019,Estado,Região Nordeste,Piauí,PI,Cap V,217,F00–F99,Transtornos mentais e de comportamento
2019,Estado,Região Nordeste,Ceará,CE,Cap V,806,F00–F99,Transtornos mentais e de comportamento
2019,Estado,Região Nordeste,Rio Grande do Norte,RN,Cap V,218,F00–F99,Transtornos mentais e de comportamento
2019,Estado,Região Nordeste,Paraíba,PB,Cap V,240,F00–F99,Transtornos mentais e de comportamento
2019,Estado,Região Nordeste,Pernambuco,PE,Cap V,614,F00–F99,Transtornos mentais e de comportamento
2019,Estado,Região Nordeste,Alagoas,AL,Cap V,220,F00–F99,Transtornos mentais e de comportamento
2019,Estado,Região Nordeste,Sergipe,SE,Cap V,327,F00–F99,Transtornos mentais e de comportamento
2019,Estado,Região Nordeste,Bahia,BA,Cap V,1052,F00–F99,Transtornos mentais e de comportamento
2019,Regiao,Região Sudeste,,,Cap V,6855,F00–F99,Transtornos mentais e de comportamento
2019,Estado,Região Sudeste,Minas Gerais,MG,Cap V,2855,F00–F99,Transtornos mentais e de comportamento
2019,Estado,Região Sudeste,Espírito Santo,ES,Cap V,182,F00–F99,Transtornos mentais e de comportamento
2019,Estado,Região Sudeste,Rio de Janeiro,RJ,Cap V,1085,F00–F99,Transtornos mentais e de comportamento
2019,Estado,Região Sudeste,São Paulo,SP,Cap V,2733,F00–F99,Transtornos mentais e de comportamento
2019,Regiao,Região Sul,,,Cap V,2140,F00–F99,Transtornos mentais e de comportamento
2019,Estado,Região Sul,Paraná,PR,Cap V,912,F00–F99,Transtornos mentais e de comportamento
2019,Estado,Região Sul,Santa Catarina,SC,Cap V,454,F00–F99,Transtornos mentais e de comportamento
2019,Estado,Região Sul,Rio Grande do Sul,RS,Cap V,774,F00–F99,Transtornos mentais e de comportamento
2019,Regiao,Região Centro-Oeste,,,Cap V,1055,F00–F99,Transtornos mentais e de comportamento
2019,Estado,Região Centro-Oeste,Mato Grosso do Sul,MS,Cap V,116,F00–F99,Transtornos mentais e de comportamento
2019,Estado,Região Centro-Oeste,Mato Grosso,MT,Cap V,212,F00–F99,Transtornos mentais e de comportamento
2019,Estado,Região Centro-Oeste,Goiás,GO,Cap V,426,F00–F99,Transtornos mentais e de comportamento
2019,Estado,Região Centro-Oeste,Distrito Federal,DF,Cap V,301,F00–F99,Transtornos mentais e de comportamento
2020,Regiao,Região Norte,,,Cap V,630,F00–F99,Transtornos mentais e de comportamento
2020,Estado,Região Norte,Rondônia,RO,Cap V,62,F00–F99,Transtornos mentais e de comportamento
2020,Estado,Região Norte,Acre,AC,Cap V,21,F00–F99,Transtornos mentais e de comportamento
2020,Estado,Região Norte,Amazonas,AM,Cap V,94,F00–F99,Transtornos mentais e de comportamento
2020,Estado,Região Norte,Roraima,RR,Cap V,10,F00–F99,Transtornos mentais e de comportamento
2020,Estado,Região Norte,Pará,PA,Cap V,275,F00–F99,Transtornos mentais e de comportamento
2020,Estado,Região Norte,Amapá,AP,Cap V,32,F00–F99,Transtornos mentais e de comportamento
2020,Estado,Região Norte,Tocantins,TO,Cap V,136,F00–F99,Transtornos mentais e de comportamento
2020,Regiao,Região Nordeste,,,Cap V,5345,F00–F99,Transtornos mentais e de comportamento
2020,Estado,Região Nordeste,Maranhão,MA,Cap V,391,F00–F99,Transtornos mentais e de comportamento
2020,Estado,Região Nordeste,Piauí,PI,Cap V,265,F00–F99,Transtornos mentais e de comportamento
2020,Estado,Região Nordeste,Ceará,CE,Cap V,909,F00–F99,Transtornos mentais e de comportamento
2020,Estado,Região Nordeste,Rio Grande do Norte,RN,Cap V,262,F00–F99,Transtornos mentais e de comportamento
2020,Estado,Região Nordeste,Paraíba,PB,Cap V,287,F00–F99,Transtornos mentais e de comportamento
2020,Estado,Região Nordeste,Pernambuco,PE,Cap V,1255,F00–F99,Transtornos mentais e de comportamento
2020,Estado,Região Nordeste,Alagoas,AL,Cap V,266,F00–F99,Transtornos mentais e de comportamento
2020,Estado,Região Nordeste,Sergipe,SE,Cap V,363,F00–F99,Transtornos mentais e de comportamento
2020,Estado,Região Nordeste,Bahia,BA,Cap V,1347,F00–F99,Transtornos mentais e de comportamento
2020,Regiao,Região Sudeste,,,Cap V,7587,F00–F99,Transtornos mentais e de comportamento
2020,Estado,Região Sudeste,Minas Gerais,MG,Cap V,2861,F00–F99,Transtornos mentais e de comportamento
2020,Estado,Região Sudeste,Espírito Santo,ES,Cap V,267,F00–F99,Transtornos mentais e de comportamento
2020,Estado,Região Sudeste,Rio de Janeiro,RJ,Cap V,1159,F00–F99,Transtornos mentais e de comportamento
2020,Estado,Região Sudeste,São Paulo,SP,Cap V,3300,F00–F99,Transtornos mentais e de comportamento
2020,Regiao,Região Sul,,,Cap V,2395,F00–F99,Transtornos mentais e de comportamento
2020,Estado,Região Sul,Paraná,PR,Cap V,1084,F00–F99,Transtornos mentais e de comportamento
2020,Estado,Região Sul,Santa Catarina,SC,Cap V,393,F00–F99,Transtornos mentais e de comportamento
2020,Estado,Região Sul,Rio Grande do Sul,RS,Cap V,918,F00–F99,Transtornos mentais e de comportamento
2020,Regiao,Região Centro-Oeste,,,Cap V,1211,F00–F99,Transtornos mentais e de comportamento
2020,Estado,Região Centro-Oeste,Mato Grosso do Sul,MS,Cap V,90,F00–F99,Transtornos mentais e de comportamento
2020,Estado,Região Centro-Oeste,Mato Grosso,MT,Cap V,227,F00–F99,Transtornos mentais e de comportamento
2020,Estado,Região Centro-Oeste,Goiás,GO,Cap V,581,F00–F99,Transtornos mentais e de comportamento
2020,Estado,Região Centro-Oeste,Distrito Federal,DF,Cap V,313,F00–F99,Transtornos mentais e de comportamento
2021,Regiao,Região Norte,,,Cap V,662,F00–F99,Transtornos mentais e de comportamento
2021,Estado,Região Norte,Rondônia,RO,Cap V,70,F00–F99,Transtornos mentais e de comportamento
2021,Estado,Região Norte,Acre,AC,Cap V,29,F00–F99,Transtornos mentais e de comportamento
2021,Estado,Região Norte,Amazonas,AM,Cap V,105,F00–F99,Transtornos mentais e de comportamento
2021,Estado,Região Norte,Roraima,RR,Cap V,10,F00–F99,Transtornos mentais e de comportamento
2021,Estado,Região Norte,Pará,PA,Cap V,295,F00–F99,Transtornos mentais e de comportamento
2021,Estado,Região Norte,Amapá,AP,Cap V,16,F00–F99,Transtornos mentais e de comportamento
2021,Estado,Região Norte,Tocantins,TO,Cap V,137,F00–F99,Transtornos mentais e de comportamento
2021,Regiao,Região Nordeste,,,Cap V,5431,F00–F99,Transtornos mentais e de comportamento
2021,Estado,Região Nordeste,Maranhão,MA,Cap V,363,F00–F99,Transtornos mentais e de comportamento
2021,Estado,Região Nordeste,Piauí,PI,Cap V,244,F00–F99,Transtornos mentais e de comportamento
2021,Estado,Região Nordeste,Ceará,CE,Cap V,917,F00–F99,Transtornos mentais e de comportamento
2021,Estado,Região Nordeste,Rio Grande do Norte,RN,Cap V,251,F00–F99,Transtornos mentais e de comportamento
2021,Estado,Região Nordeste,Paraíba,PB,Cap V,273,F00–F99,Transtornos mentais e de comportamento
2021,Estado,Região Nordeste,Pernambuco,PE,Cap V,1304,F00–F99,Transtornos mentais e de comportamento
2021,Estado,Região Nordeste,Alagoas,AL,Cap V,296,F00–F99,Transtornos mentais e de comportamento
2021,Estado,Região Nordeste,Sergipe,SE,Cap V,349,F00–F99,Transtornos mentais e de comportamento
2021,Estado,Região Nordeste,Bahia,BA,Cap V,1434,F00–F99,Transtornos mentais e de comportamento
2021,Regiao,Região Sudeste,,,Cap V,8183,F00–F99,Transtornos mentais e de comportamento
2021,Estado,Região Sudeste,Minas Gerais,MG,Cap V,2802,F00–F99,Transtornos mentais e de comportamento
2021,Estado,Região Sudeste,Espírito Santo,ES,Cap V,431,F00–F99,Transtornos mentais e de comportamento
2021,Estado,Região Sudeste,Rio de Janeiro,RJ,Cap V,1328,F00–F99,Transtornos mentais e de comportamento
2021,Estado,Região Sudeste,São Paulo,SP,Cap V,3622,F00–F99,Transtornos mentais e de comportamento
2021,Regiao,Região Sul,,,Cap V,2823,F00–F99,Transtornos mentais e de comportamento
2021,Estado,Região Sul,Paraná,PR,Cap V,1293,F00–F99,Transtornos mentais e de comportamento
2021,Estado,Região Sul,Santa Catarina,SC,Cap V,423,F00–F99,Transtornos mentais e de comportamento
2021,Estado,Região Sul,Rio Grande do Sul,RS,Cap V,1107,F00–F99,Transtornos mentais e de comportamento
2021,Regiao,Região Centro-Oeste,,,Cap V,1310,F00–F99,Transtornos mentais e de comportamento
2021,Estado,Região Centro-Oeste,Mato Grosso do Sul,MS,Cap V,106,F00–F99,Transtornos mentais e de comportamento
2021,Estado,Região Centro-Oeste,Mato Grosso,MT,Cap V,268,F00–F99,Transtornos mentais e de comportamento
2021,Estado,Região Centro-Oeste,Goiás,GO,Cap V,534,F00–F99,Transtornos mentais e de comportamento
2021,Estado,Região Centro-Oeste,Distrito Federal,DF,Cap V,402,F00–F99,Transtornos mentais e de comportamento
2022,Regiao,Região Norte,,,Cap V,643,F00–F99,Transtornos mentais e de comportamento
2022,Estado,Região Norte,Rondônia,RO,Cap V,79,F00–F99,Transtornos mentais e de comportamento
2022,Estado,Região Norte,Acre,AC,Cap V,23,F00–F99,Transtornos mentais e de comportamento
2022,Estado,Região Norte,Amazonas,AM,Cap V,97,F00–F99,Transtornos mentais e de comportamento
2022,Estado,Região Norte,Roraima,RR,Cap V,6,F00–F99,Transtornos mentais e de comportamento
2022,Estado,Região Norte,Pará,PA,Cap V,264,F00–F99,Transtornos mentais e de comportamento
2022,Estado,Região Norte,Amapá,AP,Cap V,20,F00–F99,Transtornos mentais e de comportamento
2022,Estado,Região Norte,Tocantins,TO,Cap V,154,F00–F99,Transtornos mentais e de comportamento
2022,Regiao,Região Nordeste,,,Cap V,5930,F00–F99,Transtornos mentais e de comportamento
2022,Estado,Região Nordeste,Maranhão,MA,Cap V,410,F00–F99,Transtornos mentais e de comportamento
2022,Estado,Região Nordeste,Piauí,PI,Cap V,311,F00–F99,Transtornos mentais e de comportamento
2022,Estado,Região Nordeste,Ceará,CE,Cap V,1133,F00–F99,Transtornos mentais e de comportamento
2022,Estado,Região Nordeste,Rio Grande do Norte,RN,Cap V,239,F00–F99,Transtornos mentais e de comportamento
2022,Estado,Região Nordeste,Paraíba,PB,Cap V,381,F00–F99,Transtornos mentais e de comportamento
2022,Estado,Região Nordeste,Pernambuco,PE,Cap V,1340,F00–F99,Transtornos mentais e de comportamento
2022,Estado,Região Nordeste,Alagoas,AL,Cap V,299,F00–F99,Transtornos mentais e de comportamento
2022,Estado,Região Nordeste,Sergipe,SE,Cap V,317,F00–F99,Transtornos mentais e de comportamento
2022,Estado,Região Nordeste,Bahia,BA,Cap V,1500,F00–F99,Transtornos mentais e de comportamento
2022,Regiao,Região Sudeste,,,Cap V,8138,F00–F99,Transtornos mentais e de comportamento
2022,Estado,Região Sudeste,Minas Gerais,MG,Cap V,3038,F00–F99,Transtornos mentais e de comportamento
2022,Estado,Região Sudeste,Espírito Santo,ES,Cap V,375,F00–F99,Transtornos mentais e de comportamento
2022,Estado,Região Sudeste,Rio de Janeiro,RJ,Cap V,1335,F00–F99,Transtornos mentais e de comportamento
2022,Estado,Região Sudeste,São Paulo,SP,Cap V,3390,F00–F99,Transtornos mentais e de comportamento
2022,Regiao,Região Sul,,,Cap V,3333,F00–F99,Transtornos mentais e de comportamento
2022,Estado,Região Sul,Paraná,PR,Cap V,1377,F00–F99,Transtornos mentais e de comportamento
2022,Estado,Região Sul,Santa Catarina,SC,Cap V,392,F00–F99,Transtornos mentais e de comportamento
2022,Estado,Região Sul,Rio Grande do Sul,RS,Cap V,1564,F00–F99,Transtornos mentais e de comportamento
2022,Regiao,Região Centro-Oeste,,,Cap V,1211,F00–F99,Transtornos mentais e de comportamento
2022,Estado,Região Centro-Oeste,Mato Grosso do Sul,MS,Cap V,95,F00–F99,Transtornos mentais e de comportamento
2022,Estado,Região Centro-Oeste,Mato Grosso,MT,Cap V,241,F00–F99,Transtornos mentais e de comportamento
2022,Estado,Região Centro-Oeste,Goiás,GO,Cap V,500,F00–F99,Transtornos mentais e de comportamento
2022,Estado,Região Centro-Oeste,Distrito Federal,DF,Cap V,375,F00–F99,Transtornos mentais e de comportamento
2023,Regiao,Região Norte,,,Cap V,692,F00–F99,Transtornos mentais e de comportamento
2023,Estado,Região Norte,Rondônia,RO,Cap V,87,F00–F99,Transtornos mentais e de comportamento
2023,Estado,Região Norte,Acre,AC,Cap V,13,F00–F99,Transtornos mentais e de comportamento
2023,Estado,Região Norte,Amazonas,AM,Cap V,121,F00–F99,Transtornos mentais e de comportamento
2023,Estado,Região Norte,Roraima,RR,Cap V,7,F00–F99,Transtornos mentais e de comportamento
2023,Estado,Região Norte,Pará,PA,Cap V,298,F00–F99,Transtornos mentais e de comportamento
2023,Estado,Região Norte,Amapá,AP,Cap V,19,F00–F99,Transtornos mentais e de comportamento
2023,Estado,Região Norte,Tocantins,TO,Cap V,147,F00–F99,Transtornos mentais e de comportamento
2023,Regiao,Região Nordeste,,,Cap V,5222,F00–F99,Transtornos mentais e de comportamento
2023,Estado,Região Nordeste,Maranhão,MA,Cap V,400,F00–F99,Transtornos mentais e de comportamento
2023,Estado,Região Nordeste,Piauí,PI,Cap V,323,F00–F99,Transtornos mentais e de comportamento
2023,Estado,Região Nordeste,Ceará,CE,Cap V,986,F00–F99,Transtornos mentais e de comportamento
2023,Estado,Região Nordeste,Rio Grande do Norte,RN,Cap V,259,F00–F99,Transtornos mentais e de comportamento
2023,Estado,Região Nordeste,Paraíba,PB,Cap V,298,F00–F99,Transtornos mentais e de comportamento
2023,Estado,Região Nordeste,Pernambuco,PE,Cap V,852,F00–F99,Transtornos mentais e de comportamento
2023,Estado,Região Nordeste,Alagoas,AL,Cap V,296,F00–F99,Transtornos mentais e de comportamento
2023,Estado,Região Nordeste,Sergipe,SE,Cap V,326,F00–F99,Transtornos mentais e de comportamento
2023,Estado,Região Nordeste,Bahia,BA,Cap V,1482,F00–F99,Transtornos mentais e de comportamento
2023,Regiao,Região Sudeste,,,Cap V,8114,F00–F99,Transtornos mentais e de comportamento
2023,Estado,Região Sudeste,Minas Gerais,MG,Cap V,3014,F00–F99,Transtornos mentais e de comportamento
2023,Estado,Região Sudeste,Espírito Santo,ES,Cap V,314,F00–F99,Transtornos mentais e de comportamento
2023,Estado,Região Sudeste,Rio de Janeiro,RJ,Cap V,1295,F00–F99,Transtornos mentais e de comportamento
2023,Estado,Região Sudeste,São Paulo,SP,Cap V,3491,F00–F99,Transtornos mentais e de comportamento
2023,Regiao,Região Sul,,,Cap V,3026,F00–F99,Transtornos mentais e de comportamento
2023,Estado,Região Sul,Paraná,PR,Cap V,1255,F00–F99,Transtornos mentais e de comportamento
2023,Estado,Região Sul,Santa Catarina,SC,Cap V,402,F00–F99,Transtornos mentais e de comportamento
2023,Estado,Região Sul,Rio Grande do Sul,RS,Cap V,1369,F00–F99,Transtornos mentais e de comportamento
2023,Regiao,Região Centro-Oeste,,,Cap V,1312,F00–F99,Transtornos mentais e de comportamento
2023,Estado,Região Centro-Oeste,Mato Grosso do Sul,MS,Cap V,127,F00–F99,Transtornos mentais e de comportamento
2023,Estado,Região Centro-Oeste,Mato Grosso,MT,Cap V,267,F00–F99,Transtornos mentais e de comportamento
2023,Estado,Região Centro-Oeste,Goiás,GO,Cap V,508,F00–F99,Transtornos mentais e de comportamento
2023,Estado,Região Centro-Oeste,Distrito Federal,DF,Cap V,410,F00–F99,Transtornos mentais e de comportamento
2024,Regiao,Região Norte,,,Cap V,689,F00–F99,Transtornos mentais e de comportamento
2024,Estado,Região Norte,Rondônia,RO,Cap V,86,F00–F99,Transtornos mentais e de comportamento
2024,Estado,Região Norte,Acre,AC,Cap V,18,F00–F99,Transtornos mentais e de comportamento
2024,Estado,Região Norte,Amazonas,AM,Cap V,150,F00–F99,Transtornos mentais e de comportamento
2024,Estado,Região Norte,Roraima,RR,Cap V,10,F00–F99,Transtornos mentais e de comportamento
2024,Estado,Região Norte,Pará,PA,Cap V,283,F00–F99,Transtornos mentais e de comportamento
2024,Estado,Região Norte,Amapá,AP,Cap V,22,F00–F99,Transtornos mentais e de comportamento
2024,Estado,Região Norte,Tocantins,TO,Cap V,120,F00–F99,Transtornos mentais e de comportamento
2024,Regiao,Região Nordeste,,,Cap V,5779,F00–F99,Transtornos mentais e de comportamento
2024,Estado,Região Nordeste,Maranhão,MA,Cap V,420,F00–F99,Transtornos mentais e de comportamento
2024,Estado,Região Nordeste,Piauí,PI,Cap V,330,F00–F99,Transtornos mentais e de comportamento
2024,Estado,Região Nordeste,Ceará,CE,Cap V,1259,F00–F99,Transtornos mentais e de comportamento
2024,Estado,Região Nordeste,Rio Grande do Norte,RN,Cap V,345,F00–F99,Transtornos mentais e de comportamento
2024,Estado,Região Nordeste,Paraíba,PB,Cap V,310,F00–F99,Transtornos mentais e de comportamento
2024,Estado,Região Nordeste,Pernambuco,PE,Cap V,796,F00–F99,Transtornos mentais e de comportamento
2024,Estado,Região Nordeste,Alagoas,AL,Cap V,262,F00–F99,Transtornos mentais e de comportamento
2024,Estado,Região Nordeste,Sergipe,SE,Cap V,293,F00–F99,Transtornos mentais e de comportamento
2024,Estado,Região Nordeste,Bahia,BA,Cap V,1764,F00–F99,Transtornos mentais e de comportamento
2024,Regiao,Região Sudeste,,,Cap V,8626,F00–F99,Transtornos mentais e de comportamento
2024,Estado,Região Sudeste,Minas Gerais,MG,Cap V,3113,F00–F99,Transtornos mentais e de comportamento
2024,Estado,Região Sudeste,Espírito Santo,ES,Cap V,240,F00–F99,Transtornos mentais e de comportamento
2024,Estado,Região Sudeste,Rio de Janeiro,RJ,Cap V,1386,F00–F99,Transtornos mentais e de comportamento
2024,Estado,Região Sudeste,São Paulo,SP,Cap V,3887,F00–F99,Transtornos mentais e de comportamento
2024,Regiao,Região Sul,,,Cap V,3328,F00–F99,Transtornos mentais e de comportamento
2024,Estado,Região Sul,Paraná,PR,Cap V,1419,F00–F99,Transtornos mentais e de comportamento
2024,Estado,Região Sul,Santa Catarina,SC,Cap V,341,F00–F99,Transtornos mentais e de comportamento
2024,Estado,Região Sul,Rio Grande do Sul,RS,Cap V,1568,F00–F99,Transtornos mentais e de comportamento
2024,Regiao,Região Centro-Oeste,,,Cap V,1171,F00–F99,Transtornos mentais e de comportamento
2024,Estado,Região Centro-Oeste,Mato Grosso do Sul,MS,Cap V,119,F00–F99,Transtornos mentais e de comportamento
2024,Estado,Região Centro-Oeste,Mato Grosso,MT,Cap V,228,F00–F99,Transtornos mentais e de comportamento
2024,Estado,Região Centro-Oeste,Goiás,GO,Cap V,544,F00–F99,Transtornos mentais e de comportamento
2024,Estado,Região Centro-Oeste,Distrito Federal,DF,Cap V,280,F00–F99,Transtornos mentais e de comportamento
2025,Regiao,Região Norte,,,Cap V,815,F00–F99,Transtornos mentais e de comportamento
2025,Estado,Região Norte,Rondônia,RO,Cap V,99,F00–F99,Transtornos mentais e de comportamento
2025,Estado,Região Norte,Acre,AC,Cap V,20,F00–F99,Transtornos mentais e de comportamento
2025,Estado,Região Norte,Amazonas,AM,Cap V,141,F00–F99,Transtornos mentais e de comportamento
2025,Estado,Região Norte,Roraima,RR,Cap V,13,F00–F99,Transtornos mentais e de comportamento
2025,Estado,Região Norte,Pará,PA,Cap V,371,F00–F99,Transtornos mentais e de comportamento
2025,Estado,Região Norte,Amapá,AP,Cap V,25,F00–F99,Transtornos mentais e de comportamento
2025,Estado,Região Norte,Tocantins,TO,Cap V,146,F00–F99,Transtornos mentais e de comportamento
2025,Regiao,Região Nordeste,,,Cap V,5594,F00–F99,Transtornos mentais e de comportamento
2025,Estado,Região Nordeste,Maranhão,MA,Cap V,441,F00–F99,Transtornos mentais e de comportamento
2025,Estado,Região Nordeste,Piauí,PI,Cap V,337,F00–F99,Transtornos mentais e de comportamento
2025,Estado,Região Nordeste,Ceará,CE,Cap V,1206,F00–F99,Transtornos mentais e de comportamento
2025,Estado,Região Nordeste,Rio Grande do Norte,RN,Cap V,302,F00–F99,Transtornos mentais e de comportamento
2025,Estado,Região Nordeste,Paraíba,PB,Cap V,363,F00–F99,Transtornos mentais e de comportamento
2025,Estado,Região Nordeste,Pernambuco,PE,Cap V,772,F00–F99,Transtornos mentais e de comportamento
2025,Estado,Região Nordeste,Alagoas,AL,Cap V,228,F00–F99,Transtornos mentais e de comportamento
2025,Estado,Região Nordeste,Sergipe,SE,Cap V,331,F00–F99,Transtornos mentais e de comportamento
2025,Estado,Região Nordeste,Bahia,BA,Cap V,1614,F00–F99,Transtornos mentais e de comportamento
2025,Regiao,Região Sudeste,,,Cap V,8708,F00–F99,Transtornos mentais e de comportamento
2025,Estado,Região Sudeste,Minas Gerais,MG,Cap V,2729,F00–F99,Transtornos mentais e de comportamento
2025,Estado,Região Sudeste,Espírito Santo,ES,Cap V,314,F00–F99,Transtornos mentais e de comportamento
2025,Estado,Região Sudeste,Rio de Janeiro,RJ,Cap V,1614,F00–F99,Transtornos mentais e de comportamento
2025,Estado,Região Sudeste,São Paulo,SP,Cap V,4051,F00–F99,Transtornos mentais e de comportamento
2025,Regiao,Região Sul,,,Cap V,3464,F00–F99,Transtornos mentais e de comportamento
2025,Estado,Região Sul,Paraná,PR,Cap V,1379,F00–F99,Transtornos mentais e de comportamento
2025,Estado,Região Sul,Santa Catarina,SC,Cap V,469,F00–F99,Transtornos mentais e de comportamento
2025,Estado,Região Sul,Rio Grande do Sul,RS,Cap V,1616,F00–F99,Transtornos mentais e de comportamento
2025,Regiao,Região Centro-Oeste,,,Cap V,1073,F00–F99,Transtornos mentais e de comportamento
2025,Estado,Região Centro-Oeste,Mato Grosso do Sul,MS,Cap V,122,F00–F99,Transtornos mentais e de comportamento
2025,Estado,Região Centro-Oeste,Mato Grosso,MT,Cap V,261,F00–F99,Transtornos mentais e de comportamento
2025,Estado,Região Centro-Oeste,Goiás,GO,Cap V,554,F00–F99,Transtornos mentais e de comportamento
2025,Estado,Região Centro-Oeste,Distrito Federal,DF,Cap V,136,F00–F99,Transtornos mentais e de comportamento
2026,Regiao,Região Norte,,,Cap V,277,F00–F99,Transtornos mentais e de comportamento
2026,Estado,Região Norte,Rondônia,RO,Cap V,29,F00–F99,Transtornos mentais e de comportamento
2026,Estado,Região Norte,Acre,AC,Cap V,3,F00–F99,Transtornos mentais e de comportamento
2026,Estado,Região Norte,Amazonas,AM,Cap V,47,F00–F99,Transtornos mentais e de comportamento
2026,Estado,Região Norte,Roraima,RR,Cap V,6,F00–F99,Transtornos mentais e de comportamento
2026,Estado,Região Norte,Pará,PA,Cap V,146,F00–F99,Transtornos mentais e de comportamento
2026,Estado,Região Norte,Amapá,AP,Cap V,4,F00–F99,Transtornos mentais e de comportamento
2026,Estado,Região Norte,Tocantins,TO,Cap V,42,F00–F99,Transtornos mentais e de comportamento
2026,Regiao,Região Nordeste,,,Cap V,1782,F00–F99,Transtornos mentais e de comportamento
2026,Estado,Região Nordeste,Maranhão,MA,Cap V,189,F00–F99,Transtornos mentais e de comportamento
2026,Estado,Região Nordeste,Piauí,PI,Cap V,120,F00–F99,Transtornos mentais e de comportamento
2026,Estado,Região Nordeste,Ceará,CE,Cap V,387,F00–F99,Transtornos mentais e de comportamento
2026,Estado,Região Nordeste,Rio Grande do Norte,RN,Cap V,103,F00–F99,Transtornos mentais e de comportamento
2026,Estado,Região Nordeste,Paraíba,PB,Cap V,127,F00–F99,Transtornos mentais e de comportamento
2026,Estado,Região Nordeste,Pernambuco,PE,Cap V,235,F00–F99,Transtornos mentais e de comportamento
2026,Estado,Região Nordeste,Alagoas,AL,Cap V,89,F00–F99,Transtornos mentais e de comportamento
2026,Estado,Região Nordeste,Sergipe,SE,Cap V,99,F00–F99,Transtornos mentais e de comportamento
2026,Estado,Região Nordeste,Bahia,BA,Cap V,433,F00–F99,Transtornos mentais e de comportamento
2026,Regiao,Região Sudeste,,,Cap V,2872,F00–F99,Transtornos mentais e de comportamento
2026,Estado,Região Sudeste,Minas Gerais,MG,Cap V,859,F00–F99,Transtornos mentais e de comportamento
2026,Estado,Região Sudeste,Espírito Santo,ES,Cap V,98,F00–F99,Transtornos mentais e de comportamento
2026,Estado,Região Sudeste,Rio de Janeiro,RJ,Cap V,521,F00–F99,Transtornos mentais e de comportamento
2026,Estado,Região Sudeste,São Paulo,SP,Cap V,1394,F00–F99,Transtornos mentais e de comportamento
2026,Regiao,Região Sul,,,Cap V,1010,F00–F99,Transtornos mentais e de comportamento
2026,Estado,Região Sul,Paraná,PR,Cap V,381,F00–F99,Transtornos mentais e de comportamento
2026,Estado,Região Sul,Santa Catarina,SC,Cap V,167,F00–F99,Transtornos mentais e de comportamento
2026,Estado,Região Sul,Rio Grande do Sul,RS,Cap V,462,F00–F99,Transtornos mentais e de comportamento
2026,Regiao,Região Centro-Oeste,,,Cap V,400,F00–F99,Transtornos mentais e de comportamento
2026,Estado,Região Centro-Oeste,Mato Grosso do Sul,MS,Cap V,28,F00–F99,Transtornos mentais e de comportamento
2026,Estado,Região Centro-Oeste,Mato Grosso,MT,Cap V,84,F00–F99,Transtornos mentais e de comportamento
2026,Estado,Região Centro-Oeste,Goiás,GO,Cap V,139,F00–F99,Transtornos mentais e de comportamento
2026,Estado,Região Centro-Oeste,Distrito Federal,DF,Cap V,149,F00–F99,Transtornos mentais e de comportamento
2016,Regiao,Região Norte,,,Cap VI,1350,G00–G99,Doenças do sistema nervoso
2016,Estado,Região Norte,Rondônia,RO,Cap VI,156,G00–G99,Doenças do sistema nervoso
2016,Estado,Região Norte,Acre,AC,Cap VI,67,G00–G99,Doenças do sistema nervoso
2016,Estado,Região Norte,Amazonas,AM,Cap VI,263,G00–G99,Doenças do sistema nervoso
2016,Estado,Região Norte,Roraima,RR,Cap VI,40,G00–G99,Doenças do sistema nervoso
2016,Estado,Região Norte,Pará,PA,Cap VI,609,G00–G99,Doenças do sistema nervoso
2016,Estado,Região Norte,Amapá,AP,Cap VI,72,G00–G99,Doenças do sistema nervoso
2016,Estado,Região Norte,Tocantins,TO,Cap VI,143,G00–G99,Doenças do sistema nervoso
2016,Regiao,Região Nordeste,,,Cap VI,7197,G00–G99,Doenças do sistema nervoso
2016,Estado,Região Nordeste,Maranhão,MA,Cap VI,534,G00–G99,Doenças do sistema nervoso
2016,Estado,Região Nordeste,Piauí,PI,Cap VI,431,G00–G99,Doenças do sistema nervoso
2016,Estado,Região Nordeste,Ceará,CE,Cap VI,1496,G00–G99,Doenças do sistema nervoso
2016,Estado,Região Nordeste,Rio Grande do Norte,RN,Cap VI,524,G00–G99,Doenças do sistema nervoso
2016,Estado,Região Nordeste,Paraíba,PB,Cap VI,663,G00–G99,Doenças do sistema nervoso
2016,Estado,Região Nordeste,Pernambuco,PE,Cap VI,1377,G00–G99,Doenças do sistema nervoso
2016,Estado,Região Nordeste,Alagoas,AL,Cap VI,335,G00–G99,Doenças do sistema nervoso
2016,Estado,Região Nordeste,Sergipe,SE,Cap VI,306,G00–G99,Doenças do sistema nervoso
2016,Estado,Região Nordeste,Bahia,BA,Cap VI,1531,G00–G99,Doenças do sistema nervoso
2016,Regiao,Região Sudeste,,,Cap VI,18326,G00–G99,Doenças do sistema nervoso
2016,Estado,Região Sudeste,Minas Gerais,MG,Cap VI,4140,G00–G99,Doenças do sistema nervoso
2016,Estado,Região Sudeste,Espírito Santo,ES,Cap VI,839,G00–G99,Doenças do sistema nervoso
2016,Estado,Região Sudeste,Rio de Janeiro,RJ,Cap VI,3611,G00–G99,Doenças do sistema nervoso
2016,Estado,Região Sudeste,São Paulo,SP,Cap VI,9736,G00–G99,Doenças do sistema nervoso
2016,Regiao,Região Sul,,,Cap VI,7648,G00–G99,Doenças do sistema nervoso
2016,Estado,Região Sul,Paraná,PR,Cap VI,2659,G00–G99,Doenças do sistema nervoso
2016,Estado,Região Sul,Santa Catarina,SC,Cap VI,1403,G00–G99,Doenças do sistema nervoso
2016,Estado,Região Sul,Rio Grande do Sul,RS,Cap VI,3586,G00–G99,Doenças do sistema nervoso
2016,Regiao,Região Centro-Oeste,,,Cap VI,2349,G00–G99,Doenças do sistema nervoso
2016,Estado,Região Centro-Oeste,Mato Grosso do Sul,MS,Cap VI,444,G00–G99,Doenças do sistema nervoso
2016,Estado,Região Centro-Oeste,Mato Grosso,MT,Cap VI,405,G00–G99,Doenças do sistema nervoso
2016,Estado,Região Centro-Oeste,Goiás,GO,Cap VI,1019,G00–G99,Doenças do sistema nervoso
2016,Estado,Região Centro-Oeste,Distrito Federal,DF,Cap VI,481,G00–G99,Doenças do sistema nervoso
2017,Regiao,Região Norte,,,Cap VI,1458,G00–G99,Doenças do sistema nervoso
2017,Estado,Região Norte,Rondônia,RO,Cap VI,191,G00–G99,Doenças do sistema nervoso
2017,Estado,Região Norte,Acre,AC,Cap VI,60,G00–G99,Doenças do sistema nervoso
2017,Estado,Região Norte,Amazonas,AM,Cap VI,266,G00–G99,Doenças do sistema nervoso
2017,Estado,Região Norte,Roraima,RR,Cap VI,39,G00–G99,Doenças do sistema nervoso
2017,Estado,Região Norte,Pará,PA,Cap VI,697,G00–G99,Doenças do sistema nervoso
2017,Estado,Região Norte,Amapá,AP,Cap VI,50,G00–G99,Doenças do sistema nervoso
2017,Estado,Região Norte,Tocantins,TO,Cap VI,155,G00–G99,Doenças do sistema nervoso
2017,Regiao,Região Nordeste,,,Cap VI,7813,G00–G99,Doenças do sistema nervoso
2017,Estado,Região Nordeste,Maranhão,MA,Cap VI,598,G00–G99,Doenças do sistema nervoso
2017,Estado,Região Nordeste,Piauí,PI,Cap VI,449,G00–G99,Doenças do sistema nervoso
2017,Estado,Região Nordeste,Ceará,CE,Cap VI,1719,G00–G99,Doenças do sistema nervoso
2017,Estado,Região Nordeste,Rio Grande do Norte,RN,Cap VI,605,G00–G99,Doenças do sistema nervoso
2017,Estado,Região Nordeste,Paraíba,PB,Cap VI,651,G00–G99,Doenças do sistema nervoso
2017,Estado,Região Nordeste,Pernambuco,PE,Cap VI,1487,G00–G99,Doenças do sistema nervoso
2017,Estado,Região Nordeste,Alagoas,AL,Cap VI,339,G00–G99,Doenças do sistema nervoso
2017,Estado,Região Nordeste,Sergipe,SE,Cap VI,330,G00–G99,Doenças do sistema nervoso
2017,Estado,Região Nordeste,Bahia,BA,Cap VI,1635,G00–G99,Doenças do sistema nervoso
2017,Regiao,Região Sudeste,,,Cap VI,19020,G00–G99,Doenças do sistema nervoso
2017,Estado,Região Sudeste,Minas Gerais,MG,Cap VI,4491,G00–G99,Doenças do sistema nervoso
2017,Estado,Região Sudeste,Espírito Santo,ES,Cap VI,1074,G00–G99,Doenças do sistema nervoso
2017,Estado,Região Sudeste,Rio de Janeiro,RJ,Cap VI,3509,G00–G99,Doenças do sistema nervoso
2017,Estado,Região Sudeste,São Paulo,SP,Cap VI,9946,G00–G99,Doenças do sistema nervoso
2017,Regiao,Região Sul,,,Cap VI,7936,G00–G99,Doenças do sistema nervoso
2017,Estado,Região Sul,Paraná,PR,Cap VI,2825,G00–G99,Doenças do sistema nervoso
2017,Estado,Região Sul,Santa Catarina,SC,Cap VI,1395,G00–G99,Doenças do sistema nervoso
2017,Estado,Região Sul,Rio Grande do Sul,RS,Cap VI,3716,G00–G99,Doenças do sistema nervoso
2017,Regiao,Região Centro-Oeste,,,Cap VI,2559,G00–G99,Doenças do sistema nervoso
2017,Estado,Região Centro-Oeste,Mato Grosso do Sul,MS,Cap VI,477,G00–G99,Doenças do sistema nervoso
2017,Estado,Região Centro-Oeste,Mato Grosso,MT,Cap VI,434,G00–G99,Doenças do sistema nervoso
2017,Estado,Região Centro-Oeste,Goiás,GO,Cap VI,1072,G00–G99,Doenças do sistema nervoso
2017,Estado,Região Centro-Oeste,Distrito Federal,DF,Cap VI,576,G00–G99,Doenças do sistema nervoso
2018,Regiao,Região Norte,,,Cap VI,1550,G00–G99,Doenças do sistema nervoso
2018,Estado,Região Norte,Rondônia,RO,Cap VI,193,G00–G99,Doenças do sistema nervoso
2018,Estado,Região Norte,Acre,AC,Cap VI,87,G00–G99,Doenças do sistema nervoso
2018,Estado,Região Norte,Amazonas,AM,Cap VI,323,G00–G99,Doenças do sistema nervoso
2018,Estado,Região Norte,Roraima,RR,Cap VI,61,G00–G99,Doenças do sistema nervoso
2018,Estado,Região Norte,Pará,PA,Cap VI,662,G00–G99,Doenças do sistema nervoso
2018,Estado,Região Norte,Amapá,AP,Cap VI,71,G00–G99,Doenças do sistema nervoso
2018,Estado,Região Norte,Tocantins,TO,Cap VI,153,G00–G99,Doenças do sistema nervoso
2018,Regiao,Região Nordeste,,,Cap VI,8042,G00–G99,Doenças do sistema nervoso
2018,Estado,Região Nordeste,Maranhão,MA,Cap VI,646,G00–G99,Doenças do sistema nervoso
2018,Estado,Região Nordeste,Piauí,PI,Cap VI,472,G00–G99,Doenças do sistema nervoso
2018,Estado,Região Nordeste,Ceará,CE,Cap VI,1734,G00–G99,Doenças do sistema nervoso
2018,Estado,Região Nordeste,Rio Grande do Norte,RN,Cap VI,565,G00–G99,Doenças do sistema nervoso
2018,Estado,Região Nordeste,Paraíba,PB,Cap VI,654,G00–G99,Doenças do sistema nervoso
2018,Estado,Região Nordeste,Pernambuco,PE,Cap VI,1427,G00–G99,Doenças do sistema nervoso
2018,Estado,Região Nordeste,Alagoas,AL,Cap VI,389,G00–G99,Doenças do sistema nervoso
2018,Estado,Região Nordeste,Sergipe,SE,Cap VI,306,G00–G99,Doenças do sistema nervoso
2018,Estado,Região Nordeste,Bahia,BA,Cap VI,1849,G00–G99,Doenças do sistema nervoso
2018,Regiao,Região Sudeste,,,Cap VI,19714,G00–G99,Doenças do sistema nervoso
2018,Estado,Região Sudeste,Minas Gerais,MG,Cap VI,4599,G00–G99,Doenças do sistema nervoso
2018,Estado,Região Sudeste,Espírito Santo,ES,Cap VI,1072,G00–G99,Doenças do sistema nervoso
2018,Estado,Região Sudeste,Rio de Janeiro,RJ,Cap VI,3676,G00–G99,Doenças do sistema nervoso
2018,Estado,Região Sudeste,São Paulo,SP,Cap VI,10367,G00–G99,Doenças do sistema nervoso
2018,Regiao,Região Sul,,,Cap VI,9132,G00–G99,Doenças do sistema nervoso
2018,Estado,Região Sul,Paraná,PR,Cap VI,3199,G00–G99,Doenças do sistema nervoso
2018,Estado,Região Sul,Santa Catarina,SC,Cap VI,1492,G00–G99,Doenças do sistema nervoso
2018,Estado,Região Sul,Rio Grande do Sul,RS,Cap VI,4441,G00–G99,Doenças do sistema nervoso
2018,Regiao,Região Centro-Oeste,,,Cap VI,2597,G00–G99,Doenças do sistema nervoso
2018,Estado,Região Centro-Oeste,Mato Grosso do Sul,MS,Cap VI,513,G00–G99,Doenças do sistema nervoso
2018,Estado,Região Centro-Oeste,Mato Grosso,MT,Cap VI,417,G00–G99,Doenças do sistema nervoso
2018,Estado,Região Centro-Oeste,Goiás,GO,Cap VI,1102,G00–G99,Doenças do sistema nervoso
2018,Estado,Região Centro-Oeste,Distrito Federal,DF,Cap VI,565,G00–G99,Doenças do sistema nervoso
2019,Regiao,Região Norte,,,Cap VI,1731,G00–G99,Doenças do sistema nervoso
2019,Estado,Região Norte,Rondônia,RO,Cap VI,205,G00–G99,Doenças do sistema nervoso
2019,Estado,Região Norte,Acre,AC,Cap VI,66,G00–G99,Doenças do sistema nervoso
2019,Estado,Região Norte,Amazonas,AM,Cap VI,357,G00–G99,Doenças do sistema nervoso
2019,Estado,Região Norte,Roraima,RR,Cap VI,77,G00–G99,Doenças do sistema nervoso
2019,Estado,Região Norte,Pará,PA,Cap VI,728,G00–G99,Doenças do sistema nervoso
2019,Estado,Região Norte,Amapá,AP,Cap VI,81,G00–G99,Doenças do sistema nervoso
2019,Estado,Região Norte,Tocantins,TO,Cap VI,217,G00–G99,Doenças do sistema nervoso
2019,Regiao,Região Nordeste,,,Cap VI,9189,G00–G99,Doenças do sistema nervoso
2019,Estado,Região Nordeste,Maranhão,MA,Cap VI,664,G00–G99,Doenças do sistema nervoso
2019,Estado,Região Nordeste,Piauí,PI,Cap VI,542,G00–G99,Doenças do sistema nervoso
2019,Estado,Região Nordeste,Ceará,CE,Cap VI,2082,G00–G99,Doenças do sistema nervoso
2019,Estado,Região Nordeste,Rio Grande do Norte,RN,Cap VI,658,G00–G99,Doenças do sistema nervoso
2019,Estado,Região Nordeste,Paraíba,PB,Cap VI,710,G00–G99,Doenças do sistema nervoso
2019,Estado,Região Nordeste,Pernambuco,PE,Cap VI,1592,G00–G99,Doenças do sistema nervoso
2019,Estado,Região Nordeste,Alagoas,AL,Cap VI,408,G00–G99,Doenças do sistema nervoso
2019,Estado,Região Nordeste,Sergipe,SE,Cap VI,359,G00–G99,Doenças do sistema nervoso
2019,Estado,Região Nordeste,Bahia,BA,Cap VI,2174,G00–G99,Doenças do sistema nervoso
2019,Regiao,Região Sudeste,,,Cap VI,21891,G00–G99,Doenças do sistema nervoso
2019,Estado,Região Sudeste,Minas Gerais,MG,Cap VI,5319,G00–G99,Doenças do sistema nervoso
2019,Estado,Região Sudeste,Espírito Santo,ES,Cap VI,1224,G00–G99,Doenças do sistema nervoso
2019,Estado,Região Sudeste,Rio de Janeiro,RJ,Cap VI,3940,G00–G99,Doenças do sistema nervoso
2019,Estado,Região Sudeste,São Paulo,SP,Cap VI,11408,G00–G99,Doenças do sistema nervoso
2019,Regiao,Região Sul,,,Cap VI,9463,G00–G99,Doenças do sistema nervoso
2019,Estado,Região Sul,Paraná,PR,Cap VI,3393,G00–G99,Doenças do sistema nervoso
2019,Estado,Região Sul,Santa Catarina,SC,Cap VI,1519,G00–G99,Doenças do sistema nervoso
2019,Estado,Região Sul,Rio Grande do Sul,RS,Cap VI,4551,G00–G99,Doenças do sistema nervoso
2019,Regiao,Região Centro-Oeste,,,Cap VI,2961,G00–G99,Doenças do sistema nervoso
2019,Estado,Região Centro-Oeste,Mato Grosso do Sul,MS,Cap VI,516,G00–G99,Doenças do sistema nervoso
2019,Estado,Região Centro-Oeste,Mato Grosso,MT,Cap VI,500,G00–G99,Doenças do sistema nervoso
2019,Estado,Região Centro-Oeste,Goiás,GO,Cap VI,1357,G00–G99,Doenças do sistema nervoso
2019,Estado,Região Centro-Oeste,Distrito Federal,DF,Cap VI,588,G00–G99,Doenças do sistema nervoso
2020,Regiao,Região Norte,,,Cap VI,1901,G00–G99,Doenças do sistema nervoso
2020,Estado,Região Norte,Rondônia,RO,Cap VI,229,G00–G99,Doenças do sistema nervoso
2020,Estado,Região Norte,Acre,AC,Cap VI,60,G00–G99,Doenças do sistema nervoso
2020,Estado,Região Norte,Amazonas,AM,Cap VI,372,G00–G99,Doenças do sistema nervoso
2020,Estado,Região Norte,Roraima,RR,Cap VI,55,G00–G99,Doenças do sistema nervoso
2020,Estado,Região Norte,Pará,PA,Cap VI,911,G00–G99,Doenças do sistema nervoso
2020,Estado,Região Norte,Amapá,AP,Cap VI,83,G00–G99,Doenças do sistema nervoso
2020,Estado,Região Norte,Tocantins,TO,Cap VI,191,G00–G99,Doenças do sistema nervoso
2020,Regiao,Região Nordeste,,,Cap VI,9497,G00–G99,Doenças do sistema nervoso
2020,Estado,Região Nordeste,Maranhão,MA,Cap VI,701,G00–G99,Doenças do sistema nervoso
2020,Estado,Região Nordeste,Piauí,PI,Cap VI,561,G00–G99,Doenças do sistema nervoso
2020,Estado,Região Nordeste,Ceará,CE,Cap VI,2009,G00–G99,Doenças do sistema nervoso
2020,Estado,Região Nordeste,Rio Grande do Norte,RN,Cap VI,638,G00–G99,Doenças do sistema nervoso
2020,Estado,Região Nordeste,Paraíba,PB,Cap VI,779,G00–G99,Doenças do sistema nervoso
2020,Estado,Região Nordeste,Pernambuco,PE,Cap VI,1875,G00–G99,Doenças do sistema nervoso
2020,Estado,Região Nordeste,Alagoas,AL,Cap VI,357,G00–G99,Doenças do sistema nervoso
2020,Estado,Região Nordeste,Sergipe,SE,Cap VI,382,G00–G99,Doenças do sistema nervoso
2020,Estado,Região Nordeste,Bahia,BA,Cap VI,2195,G00–G99,Doenças do sistema nervoso
2020,Regiao,Região Sudeste,,,Cap VI,21625,G00–G99,Doenças do sistema nervoso
2020,Estado,Região Sudeste,Minas Gerais,MG,Cap VI,5296,G00–G99,Doenças do sistema nervoso
2020,Estado,Região Sudeste,Espírito Santo,ES,Cap VI,1214,G00–G99,Doenças do sistema nervoso
2020,Estado,Região Sudeste,Rio de Janeiro,RJ,Cap VI,3729,G00–G99,Doenças do sistema nervoso
2020,Estado,Região Sudeste,São Paulo,SP,Cap VI,11386,G00–G99,Doenças do sistema nervoso
2020,Regiao,Região Sul,,,Cap VI,9362,G00–G99,Doenças do sistema nervoso
2020,Estado,Região Sul,Paraná,PR,Cap VI,3486,G00–G99,Doenças do sistema nervoso
2020,Estado,Região Sul,Santa Catarina,SC,Cap VI,1550,G00–G99,Doenças do sistema nervoso
2020,Estado,Região Sul,Rio Grande do Sul,RS,Cap VI,4326,G00–G99,Doenças do sistema nervoso
2020,Regiao,Região Centro-Oeste,,,Cap VI,3213,G00–G99,Doenças do sistema nervoso
2020,Estado,Região Centro-Oeste,Mato Grosso do Sul,MS,Cap VI,576,G00–G99,Doenças do sistema nervoso
2020,Estado,Região Centro-Oeste,Mato Grosso,MT,Cap VI,546,G00–G99,Doenças do sistema nervoso
2020,Estado,Região Centro-Oeste,Goiás,GO,Cap VI,1476,G00–G99,Doenças do sistema nervoso
2020,Estado,Região Centro-Oeste,Distrito Federal,DF,Cap VI,615,G00–G99,Doenças do sistema nervoso
2021,Regiao,Região Norte,,,Cap VI,1937,G00–G99,Doenças do sistema nervoso
2021,Estado,Região Norte,Rondônia,RO,Cap VI,206,G00–G99,Doenças do sistema nervoso
2021,Estado,Região Norte,Acre,AC,Cap VI,80,G00–G99,Doenças do sistema nervoso
2021,Estado,Região Norte,Amazonas,AM,Cap VI,391,G00–G99,Doenças do sistema nervoso
2021,Estado,Região Norte,Roraima,RR,Cap VI,52,G00–G99,Doenças do sistema nervoso
2021,Estado,Região Norte,Pará,PA,Cap VI,911,G00–G99,Doenças do sistema nervoso
2021,Estado,Região Norte,Amapá,AP,Cap VI,79,G00–G99,Doenças do sistema nervoso
2021,Estado,Região Norte,Tocantins,TO,Cap VI,218,G00–G99,Doenças do sistema nervoso
2021,Regiao,Região Nordeste,,,Cap VI,10642,G00–G99,Doenças do sistema nervoso
2021,Estado,Região Nordeste,Maranhão,MA,Cap VI,758,G00–G99,Doenças do sistema nervoso
2021,Estado,Região Nordeste,Piauí,PI,Cap VI,616,G00–G99,Doenças do sistema nervoso
2021,Estado,Região Nordeste,Ceará,CE,Cap VI,2372,G00–G99,Doenças do sistema nervoso
2021,Estado,Região Nordeste,Rio Grande do Norte,RN,Cap VI,722,G00–G99,Doenças do sistema nervoso
2021,Estado,Região Nordeste,Paraíba,PB,Cap VI,874,G00–G99,Doenças do sistema nervoso
2021,Estado,Região Nordeste,Pernambuco,PE,Cap VI,1974,G00–G99,Doenças do sistema nervoso
2021,Estado,Região Nordeste,Alagoas,AL,Cap VI,443,G00–G99,Doenças do sistema nervoso
2021,Estado,Região Nordeste,Sergipe,SE,Cap VI,432,G00–G99,Doenças do sistema nervoso
2021,Estado,Região Nordeste,Bahia,BA,Cap VI,2451,G00–G99,Doenças do sistema nervoso
2021,Regiao,Região Sudeste,,,Cap VI,23310,G00–G99,Doenças do sistema nervoso
2021,Estado,Região Sudeste,Minas Gerais,MG,Cap VI,5582,G00–G99,Doenças do sistema nervoso
2021,Estado,Região Sudeste,Espírito Santo,ES,Cap VI,1356,G00–G99,Doenças do sistema nervoso
2021,Estado,Região Sudeste,Rio de Janeiro,RJ,Cap VI,3932,G00–G99,Doenças do sistema nervoso
2021,Estado,Região Sudeste,São Paulo,SP,Cap VI,12440,G00–G99,Doenças do sistema nervoso
2021,Regiao,Região Sul,,,Cap VI,10547,G00–G99,Doenças do sistema nervoso
2021,Estado,Região Sul,Paraná,PR,Cap VI,3819,G00–G99,Doenças do sistema nervoso
2021,Estado,Região Sul,Santa Catarina,SC,Cap VI,1841,G00–G99,Doenças do sistema nervoso
2021,Estado,Região Sul,Rio Grande do Sul,RS,Cap VI,4887,G00–G99,Doenças do sistema nervoso
2021,Regiao,Região Centro-Oeste,,,Cap VI,3091,G00–G99,Doenças do sistema nervoso
2021,Estado,Região Centro-Oeste,Mato Grosso do Sul,MS,Cap VI,552,G00–G99,Doenças do sistema nervoso
2021,Estado,Região Centro-Oeste,Mato Grosso,MT,Cap VI,529,G00–G99,Doenças do sistema nervoso
2021,Estado,Região Centro-Oeste,Goiás,GO,Cap VI,1411,G00–G99,Doenças do sistema nervoso
2021,Estado,Região Centro-Oeste,Distrito Federal,DF,Cap VI,599,G00–G99,Doenças do sistema nervoso
2022,Regiao,Região Norte,,,Cap VI,2232,G00–G99,Doenças do sistema nervoso
2022,Estado,Região Norte,Rondônia,RO,Cap VI,248,G00–G99,Doenças do sistema nervoso
2022,Estado,Região Norte,Acre,AC,Cap VI,77,G00–G99,Doenças do sistema nervoso
2022,Estado,Região Norte,Amazonas,AM,Cap VI,486,G00–G99,Doenças do sistema nervoso
2022,Estado,Região Norte,Roraima,RR,Cap VI,84,G00–G99,Doenças do sistema nervoso
2022,Estado,Região Norte,Pará,PA,Cap VI,1036,G00–G99,Doenças do sistema nervoso
2022,Estado,Região Norte,Amapá,AP,Cap VI,68,G00–G99,Doenças do sistema nervoso
2022,Estado,Região Norte,Tocantins,TO,Cap VI,233,G00–G99,Doenças do sistema nervoso
2022,Regiao,Região Nordeste,,,Cap VI,12194,G00–G99,Doenças do sistema nervoso
2022,Estado,Região Nordeste,Maranhão,MA,Cap VI,868,G00–G99,Doenças do sistema nervoso
2022,Estado,Região Nordeste,Piauí,PI,Cap VI,755,G00–G99,Doenças do sistema nervoso
2022,Estado,Região Nordeste,Ceará,CE,Cap VI,2563,G00–G99,Doenças do sistema nervoso
2022,Estado,Região Nordeste,Rio Grande do Norte,RN,Cap VI,863,G00–G99,Doenças do sistema nervoso
2022,Estado,Região Nordeste,Paraíba,PB,Cap VI,961,G00–G99,Doenças do sistema nervoso
2022,Estado,Região Nordeste,Pernambuco,PE,Cap VI,2172,G00–G99,Doenças do sistema nervoso
2022,Estado,Região Nordeste,Alagoas,AL,Cap VI,555,G00–G99,Doenças do sistema nervoso
2022,Estado,Região Nordeste,Sergipe,SE,Cap VI,484,G00–G99,Doenças do sistema nervoso
2022,Estado,Região Nordeste,Bahia,BA,Cap VI,2973,G00–G99,Doenças do sistema nervoso
2022,Regiao,Região Sudeste,,,Cap VI,26223,G00–G99,Doenças do sistema nervoso
2022,Estado,Região Sudeste,Minas Gerais,MG,Cap VI,6535,G00–G99,Doenças do sistema nervoso
2022,Estado,Região Sudeste,Espírito Santo,ES,Cap VI,1420,G00–G99,Doenças do sistema nervoso
2022,Estado,Região Sudeste,Rio de Janeiro,RJ,Cap VI,4291,G00–G99,Doenças do sistema nervoso
2022,Estado,Região Sudeste,São Paulo,SP,Cap VI,13977,G00–G99,Doenças do sistema nervoso
2022,Regiao,Região Sul,,,Cap VI,12304,G00–G99,Doenças do sistema nervoso
2022,Estado,Região Sul,Paraná,PR,Cap VI,4348,G00–G99,Doenças do sistema nervoso
2022,Estado,Região Sul,Santa Catarina,SC,Cap VI,2131,G00–G99,Doenças do sistema nervoso
2022,Estado,Região Sul,Rio Grande do Sul,RS,Cap VI,5825,G00–G99,Doenças do sistema nervoso
2022,Regiao,Região Centro-Oeste,,,Cap VI,3479,G00–G99,Doenças do sistema nervoso
2022,Estado,Região Centro-Oeste,Mato Grosso do Sul,MS,Cap VI,619,G00–G99,Doenças do sistema nervoso
2022,Estado,Região Centro-Oeste,Mato Grosso,MT,Cap VI,600,G00–G99,Doenças do sistema nervoso
2022,Estado,Região Centro-Oeste,Goiás,GO,Cap VI,1550,G00–G99,Doenças do sistema nervoso
2022,Estado,Região Centro-Oeste,Distrito Federal,DF,Cap VI,710,G00–G99,Doenças do sistema nervoso
2023,Regiao,Região Norte,,,Cap VI,2428,G00–G99,Doenças do sistema nervoso
2023,Estado,Região Norte,Rondônia,RO,Cap VI,305,G00–G99,Doenças do sistema nervoso
2023,Estado,Região Norte,Acre,AC,Cap VI,94,G00–G99,Doenças do sistema nervoso
2023,Estado,Região Norte,Amazonas,AM,Cap VI,565,G00–G99,Doenças do sistema nervoso
2023,Estado,Região Norte,Roraima,RR,Cap VI,61,G00–G99,Doenças do sistema nervoso
2023,Estado,Região Norte,Pará,PA,Cap VI,1097,G00–G99,Doenças do sistema nervoso
2023,Estado,Região Norte,Amapá,AP,Cap VI,65,G00–G99,Doenças do sistema nervoso
2023,Estado,Região Norte,Tocantins,TO,Cap VI,241,G00–G99,Doenças do sistema nervoso
2023,Regiao,Região Nordeste,,,Cap VI,11979,G00–G99,Doenças do sistema nervoso
2023,Estado,Região Nordeste,Maranhão,MA,Cap VI,860,G00–G99,Doenças do sistema nervoso
2023,Estado,Região Nordeste,Piauí,PI,Cap VI,792,G00–G99,Doenças do sistema nervoso
2023,Estado,Região Nordeste,Ceará,CE,Cap VI,2540,G00–G99,Doenças do sistema nervoso
2023,Estado,Região Nordeste,Rio Grande do Norte,RN,Cap VI,851,G00–G99,Doenças do sistema nervoso
2023,Estado,Região Nordeste,Paraíba,PB,Cap VI,832,G00–G99,Doenças do sistema nervoso
2023,Estado,Região Nordeste,Pernambuco,PE,Cap VI,2056,G00–G99,Doenças do sistema nervoso
2023,Estado,Região Nordeste,Alagoas,AL,Cap VI,524,G00–G99,Doenças do sistema nervoso
2023,Estado,Região Nordeste,Sergipe,SE,Cap VI,425,G00–G99,Doenças do sistema nervoso
2023,Estado,Região Nordeste,Bahia,BA,Cap VI,3099,G00–G99,Doenças do sistema nervoso
2023,Regiao,Região Sudeste,,,Cap VI,26604,G00–G99,Doenças do sistema nervoso
2023,Estado,Região Sudeste,Minas Gerais,MG,Cap VI,6977,G00–G99,Doenças do sistema nervoso
2023,Estado,Região Sudeste,Espírito Santo,ES,Cap VI,1504,G00–G99,Doenças do sistema nervoso
2023,Estado,Região Sudeste,Rio de Janeiro,RJ,Cap VI,4223,G00–G99,Doenças do sistema nervoso
2023,Estado,Região Sudeste,São Paulo,SP,Cap VI,13900,G00–G99,Doenças do sistema nervoso
2023,Regiao,Região Sul,,,Cap VI,12182,G00–G99,Doenças do sistema nervoso
2023,Estado,Região Sul,Paraná,PR,Cap VI,4420,G00–G99,Doenças do sistema nervoso
2023,Estado,Região Sul,Santa Catarina,SC,Cap VI,2224,G00–G99,Doenças do sistema nervoso
2023,Estado,Região Sul,Rio Grande do Sul,RS,Cap VI,5538,G00–G99,Doenças do sistema nervoso
2023,Regiao,Região Centro-Oeste,,,Cap VI,3677,G00–G99,Doenças do sistema nervoso
2023,Estado,Região Centro-Oeste,Mato Grosso do Sul,MS,Cap VI,634,G00–G99,Doenças do sistema nervoso
2023,Estado,Região Centro-Oeste,Mato Grosso,MT,Cap VI,684,G00–G99,Doenças do sistema nervoso
2023,Estado,Região Centro-Oeste,Goiás,GO,Cap VI,1720,G00–G99,Doenças do sistema nervoso
2023,Estado,Região Centro-Oeste,Distrito Federal,DF,Cap VI,639,G00–G99,Doenças do sistema nervoso
2024,Regiao,Região Norte,,,Cap VI,2433,G00–G99,Doenças do sistema nervoso
2024,Estado,Região Norte,Rondônia,RO,Cap VI,312,G00–G99,Doenças do sistema nervoso
2024,Estado,Região Norte,Acre,AC,Cap VI,134,G00–G99,Doenças do sistema nervoso
2024,Estado,Região Norte,Amazonas,AM,Cap VI,495,G00–G99,Doenças do sistema nervoso
2024,Estado,Região Norte,Roraima,RR,Cap VI,60,G00–G99,Doenças do sistema nervoso
2024,Estado,Região Norte,Pará,PA,Cap VI,1124,G00–G99,Doenças do sistema nervoso
2024,Estado,Região Norte,Amapá,AP,Cap VI,64,G00–G99,Doenças do sistema nervoso
2024,Estado,Região Norte,Tocantins,TO,Cap VI,244,G00–G99,Doenças do sistema nervoso
2024,Regiao,Região Nordeste,,,Cap VI,12606,G00–G99,Doenças do sistema nervoso
2024,Estado,Região Nordeste,Maranhão,MA,Cap VI,880,G00–G99,Doenças do sistema nervoso
2024,Estado,Região Nordeste,Piauí,PI,Cap VI,837,G00–G99,Doenças do sistema nervoso
2024,Estado,Região Nordeste,Ceará,CE,Cap VI,2542,G00–G99,Doenças do sistema nervoso
2024,Estado,Região Nordeste,Rio Grande do Norte,RN,Cap VI,947,G00–G99,Doenças do sistema nervoso
2024,Estado,Região Nordeste,Paraíba,PB,Cap VI,863,G00–G99,Doenças do sistema nervoso
2024,Estado,Região Nordeste,Pernambuco,PE,Cap VI,2210,G00–G99,Doenças do sistema nervoso
2024,Estado,Região Nordeste,Alagoas,AL,Cap VI,508,G00–G99,Doenças do sistema nervoso
2024,Estado,Região Nordeste,Sergipe,SE,Cap VI,475,G00–G99,Doenças do sistema nervoso
2024,Estado,Região Nordeste,Bahia,BA,Cap VI,3344,G00–G99,Doenças do sistema nervoso
2024,Regiao,Região Sudeste,,,Cap VI,26973,G00–G99,Doenças do sistema nervoso
2024,Estado,Região Sudeste,Minas Gerais,MG,Cap VI,6696,G00–G99,Doenças do sistema nervoso
2024,Estado,Região Sudeste,Espírito Santo,ES,Cap VI,1644,G00–G99,Doenças do sistema nervoso
2024,Estado,Região Sudeste,Rio de Janeiro,RJ,Cap VI,4590,G00–G99,Doenças do sistema nervoso
2024,Estado,Região Sudeste,São Paulo,SP,Cap VI,14043,G00–G99,Doenças do sistema nervoso
2024,Regiao,Região Sul,,,Cap VI,13846,G00–G99,Doenças do sistema nervoso
2024,Estado,Região Sul,Paraná,PR,Cap VI,5078,G00–G99,Doenças do sistema nervoso
2024,Estado,Região Sul,Santa Catarina,SC,Cap VI,2486,G00–G99,Doenças do sistema nervoso
2024,Estado,Região Sul,Rio Grande do Sul,RS,Cap VI,6282,G00–G99,Doenças do sistema nervoso
2024,Regiao,Região Centro-Oeste,,,Cap VI,3898,G00–G99,Doenças do sistema nervoso
2024,Estado,Região Centro-Oeste,Mato Grosso do Sul,MS,Cap VI,653,G00–G99,Doenças do sistema nervoso
2024,Estado,Região Centro-Oeste,Mato Grosso,MT,Cap VI,661,G00–G99,Doenças do sistema nervoso
2024,Estado,Região Centro-Oeste,Goiás,GO,Cap VI,1889,G00–G99,Doenças do sistema nervoso
2024,Estado,Região Centro-Oeste,Distrito Federal,DF,Cap VI,695,G00–G99,Doenças do sistema nervoso
2025,Regiao,Região Norte,,,Cap VI,2614,G00–G99,Doenças do sistema nervoso
2025,Estado,Região Norte,Rondônia,RO,Cap VI,326,G00–G99,Doenças do sistema nervoso
2025,Estado,Região Norte,Acre,AC,Cap VI,84,G00–G99,Doenças do sistema nervoso
2025,Estado,Região Norte,Amazonas,AM,Cap VI,581,G00–G99,Doenças do sistema nervoso
2025,Estado,Região Norte,Roraima,RR,Cap VI,88,G00–G99,Doenças do sistema nervoso
2025,Estado,Região Norte,Pará,PA,Cap VI,1177,G00–G99,Doenças do sistema nervoso
2025,Estado,Região Norte,Amapá,AP,Cap VI,86,G00–G99,Doenças do sistema nervoso
2025,Estado,Região Norte,Tocantins,TO,Cap VI,272,G00–G99,Doenças do sistema nervoso
2025,Regiao,Região Nordeste,,,Cap VI,13333,G00–G99,Doenças do sistema nervoso
2025,Estado,Região Nordeste,Maranhão,MA,Cap VI,1036,G00–G99,Doenças do sistema nervoso
2025,Estado,Região Nordeste,Piauí,PI,Cap VI,868,G00–G99,Doenças do sistema nervoso
2025,Estado,Região Nordeste,Ceará,CE,Cap VI,2724,G00–G99,Doenças do sistema nervoso
2025,Estado,Região Nordeste,Rio Grande do Norte,RN,Cap VI,968,G00–G99,Doenças do sistema nervoso
2025,Estado,Região Nordeste,Paraíba,PB,Cap VI,976,G00–G99,Doenças do sistema nervoso
2025,Estado,Região Nordeste,Pernambuco,PE,Cap VI,2290,G00–G99,Doenças do sistema nervoso
2025,Estado,Região Nordeste,Alagoas,AL,Cap VI,560,G00–G99,Doenças do sistema nervoso
2025,Estado,Região Nordeste,Sergipe,SE,Cap VI,476,G00–G99,Doenças do sistema nervoso
2025,Estado,Região Nordeste,Bahia,BA,Cap VI,3435,G00–G99,Doenças do sistema nervoso
2025,Regiao,Região Sudeste,,,Cap VI,27839,G00–G99,Doenças do sistema nervoso
2025,Estado,Região Sudeste,Minas Gerais,MG,Cap VI,6624,G00–G99,Doenças do sistema nervoso
2025,Estado,Região Sudeste,Espírito Santo,ES,Cap VI,1901,G00–G99,Doenças do sistema nervoso
2025,Estado,Região Sudeste,Rio de Janeiro,RJ,Cap VI,4974,G00–G99,Doenças do sistema nervoso
2025,Estado,Região Sudeste,São Paulo,SP,Cap VI,14340,G00–G99,Doenças do sistema nervoso
2025,Regiao,Região Sul,,,Cap VI,13896,G00–G99,Doenças do sistema nervoso
2025,Estado,Região Sul,Paraná,PR,Cap VI,5185,G00–G99,Doenças do sistema nervoso
2025,Estado,Região Sul,Santa Catarina,SC,Cap VI,2609,G00–G99,Doenças do sistema nervoso
2025,Estado,Região Sul,Rio Grande do Sul,RS,Cap VI,6102,G00–G99,Doenças do sistema nervoso
2025,Regiao,Região Centro-Oeste,,,Cap VI,4171,G00–G99,Doenças do sistema nervoso
2025,Estado,Região Centro-Oeste,Mato Grosso do Sul,MS,Cap VI,692,G00–G99,Doenças do sistema nervoso
2025,Estado,Região Centro-Oeste,Mato Grosso,MT,Cap VI,649,G00–G99,Doenças do sistema nervoso
2025,Estado,Região Centro-Oeste,Goiás,GO,Cap VI,2030,G00–G99,Doenças do sistema nervoso
2025,Estado,Região Centro-Oeste,Distrito Federal,DF,Cap VI,800,G00–G99,Doenças do sistema nervoso
2026,Regiao,Região Norte,,,Cap VI,1087,G00–G99,Doenças do sistema nervoso
2026,Estado,Região Norte,Rondônia,RO,Cap VI,127,G00–G99,Doenças do sistema nervoso
2026,Estado,Região Norte,Acre,AC,Cap VI,38,G00–G99,Doenças do sistema nervoso
2026,Estado,Região Norte,Amazonas,AM,Cap VI,229,G00–G99,Doenças do sistema nervoso
2026,Estado,Região Norte,Roraima,RR,Cap VI,43,G00–G99,Doenças do sistema nervoso
2026,Estado,Região Norte,Pará,PA,Cap VI,519,G00–G99,Doenças do sistema nervoso
2026,Estado,Região Norte,Amapá,AP,Cap VI,37,G00–G99,Doenças do sistema nervoso
2026,Estado,Região Norte,Tocantins,TO,Cap VI,94,G00–G99,Doenças do sistema nervoso
2026,Regiao,Região Nordeste,,,Cap VI,4816,G00–G99,Doenças do sistema nervoso
2026,Estado,Região Nordeste,Maranhão,MA,Cap VI,415,G00–G99,Doenças do sistema nervoso
2026,Estado,Região Nordeste,Piauí,PI,Cap VI,261,G00–G99,Doenças do sistema nervoso
2026,Estado,Região Nordeste,Ceará,CE,Cap VI,1033,G00–G99,Doenças do sistema nervoso
2026,Estado,Região Nordeste,Rio Grande do Norte,RN,Cap VI,336,G00–G99,Doenças do sistema nervoso
2026,Estado,Região Nordeste,Paraíba,PB,Cap VI,383,G00–G99,Doenças do sistema nervoso
2026,Estado,Região Nordeste,Pernambuco,PE,Cap VI,814,G00–G99,Doenças do sistema nervoso
2026,Estado,Região Nordeste,Alagoas,AL,Cap VI,202,G00–G99,Doenças do sistema nervoso
2026,Estado,Região Nordeste,Sergipe,SE,Cap VI,181,G00–G99,Doenças do sistema nervoso
2026,Estado,Região Nordeste,Bahia,BA,Cap VI,1191,G00–G99,Doenças do sistema nervoso
2026,Regiao,Região Sudeste,,,Cap VI,8920,G00–G99,Doenças do sistema nervoso
2026,Estado,Região Sudeste,Minas Gerais,MG,Cap VI,2042,G00–G99,Doenças do sistema nervoso
2026,Estado,Região Sudeste,Espírito Santo,ES,Cap VI,552,G00–G99,Doenças do sistema nervoso
2026,Estado,Região Sudeste,Rio de Janeiro,RJ,Cap VI,1605,G00–G99,Doenças do sistema nervoso
2026,Estado,Região Sudeste,São Paulo,SP,Cap VI,4721,G00–G99,Doenças do sistema nervoso
2026,Regiao,Região Sul,,,Cap VI,4293,G00–G99,Doenças do sistema nervoso
2026,Estado,Região Sul,Paraná,PR,Cap VI,1701,G00–G99,Doenças do sistema nervoso
2026,Estado,Região Sul,Santa Catarina,SC,Cap VI,895,G00–G99,Doenças do sistema nervoso
2026,Estado,Região Sul,Rio Grande do Sul,RS,Cap VI,1697,G00–G99,Doenças do sistema nervoso
2026,Regiao,Região Centro-Oeste,,,Cap VI,1323,G00–G99,Doenças do sistema nervoso
2026,Estado,Região Centro-Oeste,Mato Grosso do Sul,MS,Cap VI,255,G00–G99,Doenças do sistema nervoso
2026,Estado,Região Centro-Oeste,Mato Grosso,MT,Cap VI,202,G00–G99,Doenças do sistema nervoso
2026,Estado,Região Centro-Oeste,Goiás,GO,Cap VI,623,G00–G99,Doenças do sistema nervoso
2026,Estado,Região Centro-Oeste,Distrito Federal,DF,Cap VI,243,G00–G99,Doenças do sistema nervoso
2016,Regiao,Região Norte,,,Cap VII,1,H00–H59,Doenças do olho e anexos
2016,Estado,Região Norte,Rondônia,RO,Cap VII,1,H00–H59,Doenças do olho e anexos
2016,Estado,Região Norte,Acre,AC,Cap VII,0,H00–H59,Doenças do olho e anexos
2016,Estado,Região Norte,Amazonas,AM,Cap VII,0,H00–H59,Doenças do olho e anexos
2016,Estado,Região Norte,Roraima,RR,Cap VII,0,H00–H59,Doenças do olho e anexos
2016,Estado,Região Norte,Pará,PA,Cap VII,0,H00–H59,Doenças do olho e anexos
2016,Estado,Região Norte,Amapá,AP,Cap VII,0,H00–H59,Doenças do olho e anexos
2016,Estado,Região Norte,Tocantins,TO,Cap VII,0,H00–H59,Doenças do olho e anexos
2016,Regiao,Região Nordeste,,,Cap VII,10,H00–H59,Doenças do olho e anexos
2016,Estado,Região Nordeste,Maranhão,MA,Cap VII,1,H00–H59,Doenças do olho e anexos
2016,Estado,Região Nordeste,Piauí,PI,Cap VII,2,H00–H59,Doenças do olho e anexos
2016,Estado,Região Nordeste,Ceará,CE,Cap VII,1,H00–H59,Doenças do olho e anexos
2016,Estado,Região Nordeste,Rio Grande do Norte,RN,Cap VII,0,H00–H59,Doenças do olho e anexos
2016,Estado,Região Nordeste,Paraíba,PB,Cap VII,0,H00–H59,Doenças do olho e anexos
2016,Estado,Região Nordeste,Pernambuco,PE,Cap VII,2,H00–H59,Doenças do olho e anexos
2016,Estado,Região Nordeste,Alagoas,AL,Cap VII,2,H00–H59,Doenças do olho e anexos
2016,Estado,Região Nordeste,Sergipe,SE,Cap VII,0,H00–H59,Doenças do olho e anexos
2016,Estado,Região Nordeste,Bahia,BA,Cap VII,2,H00–H59,Doenças do olho e anexos
2016,Regiao,Região Sudeste,,,Cap VII,9,H00–H59,Doenças do olho e anexos
2016,Estado,Região Sudeste,Minas Gerais,MG,Cap VII,2,H00–H59,Doenças do olho e anexos
2016,Estado,Região Sudeste,Espírito Santo,ES,Cap VII,0,H00–H59,Doenças do olho e anexos
2016,Estado,Região Sudeste,Rio de Janeiro,RJ,Cap VII,2,H00–H59,Doenças do olho e anexos
2016,Estado,Região Sudeste,São Paulo,SP,Cap VII,5,H00–H59,Doenças do olho e anexos
2016,Regiao,Região Sul,,,Cap VII,0,H00–H59,Doenças do olho e anexos
2016,Estado,Região Sul,Paraná,PR,Cap VII,0,H00–H59,Doenças do olho e anexos
2016,Estado,Região Sul,Santa Catarina,SC,Cap VII,0,H00–H59,Doenças do olho e anexos
2016,Estado,Região Sul,Rio Grande do Sul,RS,Cap VII,0,H00–H59,Doenças do olho e anexos
2016,Regiao,Região Centro-Oeste,,,Cap VII,0,H00–H59,Doenças do olho e anexos
2016,Estado,Região Centro-Oeste,Mato Grosso do Sul,MS,Cap VII,0,H00–H59,Doenças do olho e anexos
2016,Estado,Região Centro-Oeste,Mato Grosso,MT,Cap VII,0,H00–H59,Doenças do olho e anexos
2016,Estado,Região Centro-Oeste,Goiás,GO,Cap VII,0,H00–H59,Doenças do olho e anexos
2016,Estado,Região Centro-Oeste,Distrito Federal,DF,Cap VII,0,H00–H59,Doenças do olho e anexos
2017,Regiao,Região Norte,,,Cap VII,4,H00–H59,Doenças do olho e anexos
2017,Estado,Região Norte,Rondônia,RO,Cap VII,3,H00–H59,Doenças do olho e anexos
2017,Estado,Região Norte,Acre,AC,Cap VII,0,H00–H59,Doenças do olho e anexos
2017,Estado,Região Norte,Amazonas,AM,Cap VII,0,H00–H59,Doenças do olho e anexos
2017,Estado,Região Norte,Roraima,RR,Cap VII,0,H00–H59,Doenças do olho e anexos
2017,Estado,Região Norte,Pará,PA,Cap VII,1,H00–H59,Doenças do olho e anexos
2017,Estado,Região Norte,Amapá,AP,Cap VII,0,H00–H59,Doenças do olho e anexos
2017,Estado,Região Norte,Tocantins,TO,Cap VII,0,H00–H59,Doenças do olho e anexos
2017,Regiao,Região Nordeste,,,Cap VII,4,H00–H59,Doenças do olho e anexos
2017,Estado,Região Nordeste,Maranhão,MA,Cap VII,1,H00–H59,Doenças do olho e anexos
2017,Estado,Região Nordeste,Piauí,PI,Cap VII,1,H00–H59,Doenças do olho e anexos
2017,Estado,Região Nordeste,Ceará,CE,Cap VII,0,H00–H59,Doenças do olho e anexos
2017,Estado,Região Nordeste,Rio Grande do Norte,RN,Cap VII,1,H00–H59,Doenças do olho e anexos
2017,Estado,Região Nordeste,Paraíba,PB,Cap VII,0,H00–H59,Doenças do olho e anexos
2017,Estado,Região Nordeste,Pernambuco,PE,Cap VII,1,H00–H59,Doenças do olho e anexos
2017,Estado,Região Nordeste,Alagoas,AL,Cap VII,0,H00–H59,Doenças do olho e anexos
2017,Estado,Região Nordeste,Sergipe,SE,Cap VII,0,H00–H59,Doenças do olho e anexos
2017,Estado,Região Nordeste,Bahia,BA,Cap VII,0,H00–H59,Doenças do olho e anexos
2017,Regiao,Região Sudeste,,,Cap VII,11,H00–H59,Doenças do olho e anexos
2017,Estado,Região Sudeste,Minas Gerais,MG,Cap VII,3,H00–H59,Doenças do olho e anexos
2017,Estado,Região Sudeste,Espírito Santo,ES,Cap VII,0,H00–H59,Doenças do olho e anexos
2017,Estado,Região Sudeste,Rio de Janeiro,RJ,Cap VII,3,H00–H59,Doenças do olho e anexos
2017,Estado,Região Sudeste,São Paulo,SP,Cap VII,5,H00–H59,Doenças do olho e anexos
2017,Regiao,Região Sul,,,Cap VII,0,H00–H59,Doenças do olho e anexos
2017,Estado,Região Sul,Paraná,PR,Cap VII,0,H00–H59,Doenças do olho e anexos
2017,Estado,Região Sul,Santa Catarina,SC,Cap VII,0,H00–H59,Doenças do olho e anexos
2017,Estado,Região Sul,Rio Grande do Sul,RS,Cap VII,0,H00–H59,Doenças do olho e anexos
2017,Regiao,Região Centro-Oeste,,,Cap VII,0,H00–H59,Doenças do olho e anexos
2017,Estado,Região Centro-Oeste,Mato Grosso do Sul,MS,Cap VII,0,H00–H59,Doenças do olho e anexos
2017,Estado,Região Centro-Oeste,Mato Grosso,MT,Cap VII,0,H00–H59,Doenças do olho e anexos
2017,Estado,Região Centro-Oeste,Goiás,GO,Cap VII,0,H00–H59,Doenças do olho e anexos
2017,Estado,Região Centro-Oeste,Distrito Federal,DF,Cap VII,0,H00–H59,Doenças do olho e anexos
2018,Regiao,Região Norte,,,Cap VII,3,H00–H59,Doenças do olho e anexos
2018,Estado,Região Norte,Rondônia,RO,Cap VII,1,H00–H59,Doenças do olho e anexos
2018,Estado,Região Norte,Acre,AC,Cap VII,1,H00–H59,Doenças do olho e anexos
2018,Estado,Região Norte,Amazonas,AM,Cap VII,0,H00–H59,Doenças do olho e anexos
2018,Estado,Região Norte,Roraima,RR,Cap VII,0,H00–H59,Doenças do olho e anexos
2018,Estado,Região Norte,Pará,PA,Cap VII,1,H00–H59,Doenças do olho e anexos
2018,Estado,Região Norte,Amapá,AP,Cap VII,0,H00–H59,Doenças do olho e anexos
2018,Estado,Região Norte,Tocantins,TO,Cap VII,0,H00–H59,Doenças do olho e anexos
2018,Regiao,Região Nordeste,,,Cap VII,6,H00–H59,Doenças do olho e anexos
2018,Estado,Região Nordeste,Maranhão,MA,Cap VII,2,H00–H59,Doenças do olho e anexos
2018,Estado,Região Nordeste,Piauí,PI,Cap VII,0,H00–H59,Doenças do olho e anexos
2018,Estado,Região Nordeste,Ceará,CE,Cap VII,2,H00–H59,Doenças do olho e anexos
2018,Estado,Região Nordeste,Rio Grande do Norte,RN,Cap VII,0,H00–H59,Doenças do olho e anexos
2018,Estado,Região Nordeste,Paraíba,PB,Cap VII,0,H00–H59,Doenças do olho e anexos
2018,Estado,Região Nordeste,Pernambuco,PE,Cap VII,1,H00–H59,Doenças do olho e anexos
2018,Estado,Região Nordeste,Alagoas,AL,Cap VII,0,H00–H59,Doenças do olho e anexos
2018,Estado,Região Nordeste,Sergipe,SE,Cap VII,1,H00–H59,Doenças do olho e anexos
2018,Estado,Região Nordeste,Bahia,BA,Cap VII,0,H00–H59,Doenças do olho e anexos
2018,Regiao,Região Sudeste,,,Cap VII,11,H00–H59,Doenças do olho e anexos
2018,Estado,Região Sudeste,Minas Gerais,MG,Cap VII,3,H00–H59,Doenças do olho e anexos
2018,Estado,Região Sudeste,Espírito Santo,ES,Cap VII,0,H00–H59,Doenças do olho e anexos
2018,Estado,Região Sudeste,Rio de Janeiro,RJ,Cap VII,3,H00–H59,Doenças do olho e anexos
2018,Estado,Região Sudeste,São Paulo,SP,Cap VII,5,H00–H59,Doenças do olho e anexos
2018,Regiao,Região Sul,,,Cap VII,1,H00–H59,Doenças do olho e anexos
2018,Estado,Região Sul,Paraná,PR,Cap VII,0,H00–H59,Doenças do olho e anexos
2018,Estado,Região Sul,Santa Catarina,SC,Cap VII,0,H00–H59,Doenças do olho e anexos
2018,Estado,Região Sul,Rio Grande do Sul,RS,Cap VII,1,H00–H59,Doenças do olho e anexos
2018,Regiao,Região Centro-Oeste,,,Cap VII,0,H00–H59,Doenças do olho e anexos
2018,Estado,Região Centro-Oeste,Mato Grosso do Sul,MS,Cap VII,0,H00–H59,Doenças do olho e anexos
2018,Estado,Região Centro-Oeste,Mato Grosso,MT,Cap VII,0,H00–H59,Doenças do olho e anexos
2018,Estado,Região Centro-Oeste,Goiás,GO,Cap VII,0,H00–H59,Doenças do olho e anexos
2018,Estado,Região Centro-Oeste,Distrito Federal,DF,Cap VII,0,H00–H59,Doenças do olho e anexos
2019,Regiao,Região Norte,,,Cap VII,3,H00–H59,Doenças do olho e anexos
2019,Estado,Região Norte,Rondônia,RO,Cap VII,1,H00–H59,Doenças do olho e anexos
2019,Estado,Região Norte,Acre,AC,Cap VII,0,H00–H59,Doenças do olho e anexos
2019,Estado,Região Norte,Amazonas,AM,Cap VII,0,H00–H59,Doenças do olho e anexos
2019,Estado,Região Norte,Roraima,RR,Cap VII,0,H00–H59,Doenças do olho e anexos
2019,Estado,Região Norte,Pará,PA,Cap VII,2,H00–H59,Doenças do olho e anexos
2019,Estado,Região Norte,Amapá,AP,Cap VII,0,H00–H59,Doenças do olho e anexos
2019,Estado,Região Norte,Tocantins,TO,Cap VII,0,H00–H59,Doenças do olho e anexos
2019,Regiao,Região Nordeste,,,Cap VII,7,H00–H59,Doenças do olho e anexos
2019,Estado,Região Nordeste,Maranhão,MA,Cap VII,1,H00–H59,Doenças do olho e anexos
2019,Estado,Região Nordeste,Piauí,PI,Cap VII,1,H00–H59,Doenças do olho e anexos
2019,Estado,Região Nordeste,Ceará,CE,Cap VII,1,H00–H59,Doenças do olho e anexos
2019,Estado,Região Nordeste,Rio Grande do Norte,RN,Cap VII,2,H00–H59,Doenças do olho e anexos
2019,Estado,Região Nordeste,Paraíba,PB,Cap VII,0,H00–H59,Doenças do olho e anexos
2019,Estado,Região Nordeste,Pernambuco,PE,Cap VII,1,H00–H59,Doenças do olho e anexos
2019,Estado,Região Nordeste,Alagoas,AL,Cap VII,1,H00–H59,Doenças do olho e anexos
2019,Estado,Região Nordeste,Sergipe,SE,Cap VII,0,H00–H59,Doenças do olho e anexos
2019,Estado,Região Nordeste,Bahia,BA,Cap VII,0,H00–H59,Doenças do olho e anexos
2019,Regiao,Região Sudeste,,,Cap VII,10,H00–H59,Doenças do olho e anexos
2019,Estado,Região Sudeste,Minas Gerais,MG,Cap VII,3,H00–H59,Doenças do olho e anexos
2019,Estado,Região Sudeste,Espírito Santo,ES,Cap VII,1,H00–H59,Doenças do olho e anexos
2019,Estado,Região Sudeste,Rio de Janeiro,RJ,Cap VII,2,H00–H59,Doenças do olho e anexos
2019,Estado,Região Sudeste,São Paulo,SP,Cap VII,4,H00–H59,Doenças do olho e anexos
2019,Regiao,Região Sul,,,Cap VII,2,H00–H59,Doenças do olho e anexos
2019,Estado,Região Sul,Paraná,PR,Cap VII,0,H00–H59,Doenças do olho e anexos
2019,Estado,Região Sul,Santa Catarina,SC,Cap VII,1,H00–H59,Doenças do olho e anexos
2019,Estado,Região Sul,Rio Grande do Sul,RS,Cap VII,1,H00–H59,Doenças do olho e anexos
2019,Regiao,Região Centro-Oeste,,,Cap VII,1,H00–H59,Doenças do olho e anexos
2019,Estado,Região Centro-Oeste,Mato Grosso do Sul,MS,Cap VII,0,H00–H59,Doenças do olho e anexos
2019,Estado,Região Centro-Oeste,Mato Grosso,MT,Cap VII,0,H00–H59,Doenças do olho e anexos
2019,Estado,Região Centro-Oeste,Goiás,GO,Cap VII,1,H00–H59,Doenças do olho e anexos
2019,Estado,Região Centro-Oeste,Distrito Federal,DF,Cap VII,0,H00–H59,Doenças do olho e anexos
2020,Regiao,Região Norte,,,Cap VII,3,H00–H59,Doenças do olho e anexos
2020,Estado,Região Norte,Rondônia,RO,Cap VII,0,H00–H59,Doenças do olho e anexos
2020,Estado,Região Norte,Acre,AC,Cap VII,2,H00–H59,Doenças do olho e anexos
2020,Estado,Região Norte,Amazonas,AM,Cap VII,0,H00–H59,Doenças do olho e anexos
2020,Estado,Região Norte,Roraima,RR,Cap VII,0,H00–H59,Doenças do olho e anexos
2020,Estado,Região Norte,Pará,PA,Cap VII,0,H00–H59,Doenças do olho e anexos
2020,Estado,Região Norte,Amapá,AP,Cap VII,0,H00–H59,Doenças do olho e anexos
2020,Estado,Região Norte,Tocantins,TO,Cap VII,1,H00–H59,Doenças do olho e anexos
2020,Regiao,Região Nordeste,,,Cap VII,10,H00–H59,Doenças do olho e anexos
2020,Estado,Região Nordeste,Maranhão,MA,Cap VII,1,H00–H59,Doenças do olho e anexos
2020,Estado,Região Nordeste,Piauí,PI,Cap VII,0,H00–H59,Doenças do olho e anexos
2020,Estado,Região Nordeste,Ceará,CE,Cap VII,1,H00–H59,Doenças do olho e anexos
2020,Estado,Região Nordeste,Rio Grande do Norte,RN,Cap VII,0,H00–H59,Doenças do olho e anexos
2020,Estado,Região Nordeste,Paraíba,PB,Cap VII,0,H00–H59,Doenças do olho e anexos
2020,Estado,Região Nordeste,Pernambuco,PE,Cap VII,5,H00–H59,Doenças do olho e anexos
2020,Estado,Região Nordeste,Alagoas,AL,Cap VII,1,H00–H59,Doenças do olho e anexos
2020,Estado,Região Nordeste,Sergipe,SE,Cap VII,0,H00–H59,Doenças do olho e anexos
2020,Estado,Região Nordeste,Bahia,BA,Cap VII,2,H00–H59,Doenças do olho e anexos
2020,Regiao,Região Sudeste,,,Cap VII,10,H00–H59,Doenças do olho e anexos
2020,Estado,Região Sudeste,Minas Gerais,MG,Cap VII,4,H00–H59,Doenças do olho e anexos
2020,Estado,Região Sudeste,Espírito Santo,ES,Cap VII,0,H00–H59,Doenças do olho e anexos
2020,Estado,Região Sudeste,Rio de Janeiro,RJ,Cap VII,3,H00–H59,Doenças do olho e anexos
2020,Estado,Região Sudeste,São Paulo,SP,Cap VII,3,H00–H59,Doenças do olho e anexos
2020,Regiao,Região Sul,,,Cap VII,1,H00–H59,Doenças do olho e anexos
2020,Estado,Região Sul,Paraná,PR,Cap VII,1,H00–H59,Doenças do olho e anexos
2020,Estado,Região Sul,Santa Catarina,SC,Cap VII,0,H00–H59,Doenças do olho e anexos
2020,Estado,Região Sul,Rio Grande do Sul,RS,Cap VII,0,H00–H59,Doenças do olho e anexos
2020,Regiao,Região Centro-Oeste,,,Cap VII,0,H00–H59,Doenças do olho e anexos
2020,Estado,Região Centro-Oeste,Mato Grosso do Sul,MS,Cap VII,0,H00–H59,Doenças do olho e anexos
2020,Estado,Região Centro-Oeste,Mato Grosso,MT,Cap VII,0,H00–H59,Doenças do olho e anexos
2020,Estado,Região Centro-Oeste,Goiás,GO,Cap VII,0,H00–H59,Doenças do olho e anexos
2020,Estado,Região Centro-Oeste,Distrito Federal,DF,Cap VII,0,H00–H59,Doenças do olho e anexos
2021,Regiao,Região Norte,,,Cap VII,3,H00–H59,Doenças do olho e anexos
2021,Estado,Região Norte,Rondônia,RO,Cap VII,0,H00–H59,Doenças do olho e anexos
2021,Estado,Região Norte,Acre,AC,Cap VII,1,H00–H59,Doenças do olho e anexos
2021,Estado,Região Norte,Amazonas,AM,Cap VII,2,H00–H59,Doenças do olho e anexos
2021,Estado,Região Norte,Roraima,RR,Cap VII,0,H00–H59,Doenças do olho e anexos
2021,Estado,Região Norte,Pará,PA,Cap VII,0,H00–H59,Doenças do olho e anexos
2021,Estado,Região Norte,Amapá,AP,Cap VII,0,H00–H59,Doenças do olho e anexos
2021,Estado,Região Norte,Tocantins,TO,Cap VII,0,H00–H59,Doenças do olho e anexos
2021,Regiao,Região Nordeste,,,Cap VII,7,H00–H59,Doenças do olho e anexos
2021,Estado,Região Nordeste,Maranhão,MA,Cap VII,0,H00–H59,Doenças do olho e anexos
2021,Estado,Região Nordeste,Piauí,PI,Cap VII,0,H00–H59,Doenças do olho e anexos
2021,Estado,Região Nordeste,Ceará,CE,Cap VII,0,H00–H59,Doenças do olho e anexos
2021,Estado,Região Nordeste,Rio Grande do Norte,RN,Cap VII,0,H00–H59,Doenças do olho e anexos
2021,Estado,Região Nordeste,Paraíba,PB,Cap VII,2,H00–H59,Doenças do olho e anexos
2021,Estado,Região Nordeste,Pernambuco,PE,Cap VII,0,H00–H59,Doenças do olho e anexos
2021,Estado,Região Nordeste,Alagoas,AL,Cap VII,1,H00–H59,Doenças do olho e anexos
2021,Estado,Região Nordeste,Sergipe,SE,Cap VII,0,H00–H59,Doenças do olho e anexos
2021,Estado,Região Nordeste,Bahia,BA,Cap VII,4,H00–H59,Doenças do olho e anexos
2021,Regiao,Região Sudeste,,,Cap VII,11,H00–H59,Doenças do olho e anexos
2021,Estado,Região Sudeste,Minas Gerais,MG,Cap VII,3,H00–H59,Doenças do olho e anexos
2021,Estado,Região Sudeste,Espírito Santo,ES,Cap VII,0,H00–H59,Doenças do olho e anexos
2021,Estado,Região Sudeste,Rio de Janeiro,RJ,Cap VII,2,H00–H59,Doenças do olho e anexos
2021,Estado,Região Sudeste,São Paulo,SP,Cap VII,6,H00–H59,Doenças do olho e anexos
2021,Regiao,Região Sul,,,Cap VII,2,H00–H59,Doenças do olho e anexos
2021,Estado,Região Sul,Paraná,PR,Cap VII,0,H00–H59,Doenças do olho e anexos
2021,Estado,Região Sul,Santa Catarina,SC,Cap VII,1,H00–H59,Doenças do olho e anexos
2021,Estado,Região Sul,Rio Grande do Sul,RS,Cap VII,1,H00–H59,Doenças do olho e anexos
2021,Regiao,Região Centro-Oeste,,,Cap VII,1,H00–H59,Doenças do olho e anexos
2021,Estado,Região Centro-Oeste,Mato Grosso do Sul,MS,Cap VII,1,H00–H59,Doenças do olho e anexos
2021,Estado,Região Centro-Oeste,Mato Grosso,MT,Cap VII,0,H00–H59,Doenças do olho e anexos
2021,Estado,Região Centro-Oeste,Goiás,GO,Cap VII,0,H00–H59,Doenças do olho e anexos
2021,Estado,Região Centro-Oeste,Distrito Federal,DF,Cap VII,0,H00–H59,Doenças do olho e anexos
2022,Regiao,Região Norte,,,Cap VII,1,H00–H59,Doenças do olho e anexos
2022,Estado,Região Norte,Rondônia,RO,Cap VII,0,H00–H59,Doenças do olho e anexos
2022,Estado,Região Norte,Acre,AC,Cap VII,0,H00–H59,Doenças do olho e anexos
2022,Estado,Região Norte,Amazonas,AM,Cap VII,0,H00–H59,Doenças do olho e anexos
2022,Estado,Região Norte,Roraima,RR,Cap VII,0,H00–H59,Doenças do olho e anexos
2022,Estado,Região Norte,Pará,PA,Cap VII,1,H00–H59,Doenças do olho e anexos
2022,Estado,Região Norte,Amapá,AP,Cap VII,0,H00–H59,Doenças do olho e anexos
2022,Estado,Região Norte,Tocantins,TO,Cap VII,0,H00–H59,Doenças do olho e anexos
2022,Regiao,Região Nordeste,,,Cap VII,13,H00–H59,Doenças do olho e anexos
2022,Estado,Região Nordeste,Maranhão,MA,Cap VII,1,H00–H59,Doenças do olho e anexos
2022,Estado,Região Nordeste,Piauí,PI,Cap VII,2,H00–H59,Doenças do olho e anexos
2022,Estado,Região Nordeste,Ceará,CE,Cap VII,2,H00–H59,Doenças do olho e anexos
2022,Estado,Região Nordeste,Rio Grande do Norte,RN,Cap VII,0,H00–H59,Doenças do olho e anexos
2022,Estado,Região Nordeste,Paraíba,PB,Cap VII,0,H00–H59,Doenças do olho e anexos
2022,Estado,Região Nordeste,Pernambuco,PE,Cap VII,2,H00–H59,Doenças do olho e anexos
2022,Estado,Região Nordeste,Alagoas,AL,Cap VII,1,H00–H59,Doenças do olho e anexos
2022,Estado,Região Nordeste,Sergipe,SE,Cap VII,1,H00–H59,Doenças do olho e anexos
2022,Estado,Região Nordeste,Bahia,BA,Cap VII,4,H00–H59,Doenças do olho e anexos
2022,Regiao,Região Sudeste,,,Cap VII,11,H00–H59,Doenças do olho e anexos
2022,Estado,Região Sudeste,Minas Gerais,MG,Cap VII,2,H00–H59,Doenças do olho e anexos
2022,Estado,Região Sudeste,Espírito Santo,ES,Cap VII,3,H00–H59,Doenças do olho e anexos
2022,Estado,Região Sudeste,Rio de Janeiro,RJ,Cap VII,3,H00–H59,Doenças do olho e anexos
2022,Estado,Região Sudeste,São Paulo,SP,Cap VII,3,H00–H59,Doenças do olho e anexos
2022,Regiao,Região Sul,,,Cap VII,3,H00–H59,Doenças do olho e anexos
2022,Estado,Região Sul,Paraná,PR,Cap VII,1,H00–H59,Doenças do olho e anexos
2022,Estado,Região Sul,Santa Catarina,SC,Cap VII,1,H00–H59,Doenças do olho e anexos
2022,Estado,Região Sul,Rio Grande do Sul,RS,Cap VII,1,H00–H59,Doenças do olho e anexos
2022,Regiao,Região Centro-Oeste,,,Cap VII,1,H00–H59,Doenças do olho e anexos
2022,Estado,Região Centro-Oeste,Mato Grosso do Sul,MS,Cap VII,1,H00–H59,Doenças do olho e anexos
2022,Estado,Região Centro-Oeste,Mato Grosso,MT,Cap VII,0,H00–H59,Doenças do olho e anexos
2022,Estado,Região Centro-Oeste,Goiás,GO,Cap VII,0,H00–H59,Doenças do olho e anexos
2022,Estado,Região Centro-Oeste,Distrito Federal,DF,Cap VII,0,H00–H59,Doenças do olho e anexos
2023,Regiao,Região Norte,,,Cap VII,1,H00–H59,Doenças do olho e anexos
2023,Estado,Região Norte,Rondônia,RO,Cap VII,0,H00–H59,Doenças do olho e anexos
2023,Estado,Região Norte,Acre,AC,Cap VII,1,H00–H59,Doenças do olho e anexos
2023,Estado,Região Norte,Amazonas,AM,Cap VII,0,H00–H59,Doenças do olho e anexos
2023,Estado,Região Norte,Roraima,RR,Cap VII,0,H00–H59,Doenças do olho e anexos
2023,Estado,Região Norte,Pará,PA,Cap VII,0,H00–H59,Doenças do olho e anexos
2023,Estado,Região Norte,Amapá,AP,Cap VII,0,H00–H59,Doenças do olho e anexos
2023,Estado,Região Norte,Tocantins,TO,Cap VII,0,H00–H59,Doenças do olho e anexos
2023,Regiao,Região Nordeste,,,Cap VII,19,H00–H59,Doenças do olho e anexos
2023,Estado,Região Nordeste,Maranhão,MA,Cap VII,1,H00–H59,Doenças do olho e anexos
2023,Estado,Região Nordeste,Piauí,PI,Cap VII,0,H00–H59,Doenças do olho e anexos
2023,Estado,Região Nordeste,Ceará,CE,Cap VII,3,H00–H59,Doenças do olho e anexos
2023,Estado,Região Nordeste,Rio Grande do Norte,RN,Cap VII,1,H00–H59,Doenças do olho e anexos
2023,Estado,Região Nordeste,Paraíba,PB,Cap VII,1,H00–H59,Doenças do olho e anexos
2023,Estado,Região Nordeste,Pernambuco,PE,Cap VII,6,H00–H59,Doenças do olho e anexos
2023,Estado,Região Nordeste,Alagoas,AL,Cap VII,2,H00–H59,Doenças do olho e anexos
2023,Estado,Região Nordeste,Sergipe,SE,Cap VII,0,H00–H59,Doenças do olho e anexos
2023,Estado,Região Nordeste,Bahia,BA,Cap VII,5,H00–H59,Doenças do olho e anexos
2023,Regiao,Região Sudeste,,,Cap VII,11,H00–H59,Doenças do olho e anexos
2023,Estado,Região Sudeste,Minas Gerais,MG,Cap VII,1,H00–H59,Doenças do olho e anexos
2023,Estado,Região Sudeste,Espírito Santo,ES,Cap VII,1,H00–H59,Doenças do olho e anexos
2023,Estado,Região Sudeste,Rio de Janeiro,RJ,Cap VII,5,H00–H59,Doenças do olho e anexos
2023,Estado,Região Sudeste,São Paulo,SP,Cap VII,4,H00–H59,Doenças do olho e anexos
2023,Regiao,Região Sul,,,Cap VII,1,H00–H59,Doenças do olho e anexos
2023,Estado,Região Sul,Paraná,PR,Cap VII,0,H00–H59,Doenças do olho e anexos
2023,Estado,Região Sul,Santa Catarina,SC,Cap VII,0,H00–H59,Doenças do olho e anexos
2023,Estado,Região Sul,Rio Grande do Sul,RS,Cap VII,1,H00–H59,Doenças do olho e anexos
2023,Regiao,Região Centro-Oeste,,,Cap VII,2,H00–H59,Doenças do olho e anexos
2023,Estado,Região Centro-Oeste,Mato Grosso do Sul,MS,Cap VII,1,H00–H59,Doenças do olho e anexos
2023,Estado,Região Centro-Oeste,Mato Grosso,MT,Cap VII,0,H00–H59,Doenças do olho e anexos
2023,Estado,Região Centro-Oeste,Goiás,GO,Cap VII,1,H00–H59,Doenças do olho e anexos
2023,Estado,Região Centro-Oeste,Distrito Federal,DF,Cap VII,0,H00–H59,Doenças do olho e anexos
2024,Regiao,Região Norte,,,Cap VII,4,H00–H59,Doenças do olho e anexos
2024,Estado,Região Norte,Rondônia,RO,Cap VII,0,H00–H59,Doenças do olho e anexos
2024,Estado,Região Norte,Acre,AC,Cap VII,0,H00–H59,Doenças do olho e anexos
2024,Estado,Região Norte,Amazonas,AM,Cap VII,1,H00–H59,Doenças do olho e anexos
2024,Estado,Região Norte,Roraima,RR,Cap VII,0,H00–H59,Doenças do olho e anexos
2024,Estado,Região Norte,Pará,PA,Cap VII,3,H00–H59,Doenças do olho e anexos
2024,Estado,Região Norte,Amapá,AP,Cap VII,0,H00–H59,Doenças do olho e anexos
2024,Estado,Região Norte,Tocantins,TO,Cap VII,0,H00–H59,Doenças do olho e anexos
2024,Regiao,Região Nordeste,,,Cap VII,14,H00–H59,Doenças do olho e anexos
2024,Estado,Região Nordeste,Maranhão,MA,Cap VII,1,H00–H59,Doenças do olho e anexos
2024,Estado,Região Nordeste,Piauí,PI,Cap VII,0,H00–H59,Doenças do olho e anexos
2024,Estado,Região Nordeste,Ceará,CE,Cap VII,1,H00–H59,Doenças do olho e anexos
2024,Estado,Região Nordeste,Rio Grande do Norte,RN,Cap VII,2,H00–H59,Doenças do olho e anexos
2024,Estado,Região Nordeste,Paraíba,PB,Cap VII,0,H00–H59,Doenças do olho e anexos
2024,Estado,Região Nordeste,Pernambuco,PE,Cap VII,3,H00–H59,Doenças do olho e anexos
2024,Estado,Região Nordeste,Alagoas,AL,Cap VII,2,H00–H59,Doenças do olho e anexos
2024,Estado,Região Nordeste,Sergipe,SE,Cap VII,0,H00–H59,Doenças do olho e anexos
2024,Estado,Região Nordeste,Bahia,BA,Cap VII,5,H00–H59,Doenças do olho e anexos
2024,Regiao,Região Sudeste,,,Cap VII,13,H00–H59,Doenças do olho e anexos
2024,Estado,Região Sudeste,Minas Gerais,MG,Cap VII,4,H00–H59,Doenças do olho e anexos
2024,Estado,Região Sudeste,Espírito Santo,ES,Cap VII,0,H00–H59,Doenças do olho e anexos
2024,Estado,Região Sudeste,Rio de Janeiro,RJ,Cap VII,2,H00–H59,Doenças do olho e anexos
2024,Estado,Região Sudeste,São Paulo,SP,Cap VII,7,H00–H59,Doenças do olho e anexos
2024,Regiao,Região Sul,,,Cap VII,4,H00–H59,Doenças do olho e anexos
2024,Estado,Região Sul,Paraná,PR,Cap VII,4,H00–H59,Doenças do olho e anexos
2024,Estado,Região Sul,Santa Catarina,SC,Cap VII,0,H00–H59,Doenças do olho e anexos
2024,Estado,Região Sul,Rio Grande do Sul,RS,Cap VII,0,H00–H59,Doenças do olho e anexos
2024,Regiao,Região Centro-Oeste,,,Cap VII,1,H00–H59,Doenças do olho e anexos
2024,Estado,Região Centro-Oeste,Mato Grosso do Sul,MS,Cap VII,0,H00–H59,Doenças do olho e anexos
2024,Estado,Região Centro-Oeste,Mato Grosso,MT,Cap VII,0,H00–H59,Doenças do olho e anexos
2024,Estado,Região Centro-Oeste,Goiás,GO,Cap VII,1,H00–H59,Doenças do olho e anexos
2024,Estado,Região Centro-Oeste,Distrito Federal,DF,Cap VII,0,H00–H59,Doenças do olho e anexos
2025,Regiao,Região Norte,,,Cap VII,1,H00–H59,Doenças do olho e anexos
2025,Estado,Região Norte,Rondônia,RO,Cap VII,0,H00–H59,Doenças do olho e anexos
2025,Estado,Região Norte,Acre,AC,Cap VII,0,H00–H59,Doenças do olho e anexos
2025,Estado,Região Norte,Amazonas,AM,Cap VII,0,H00–H59,Doenças do olho e anexos
2025,Estado,Região Norte,Roraima,RR,Cap VII,0,H00–H59,Doenças do olho e anexos
2025,Estado,Região Norte,Pará,PA,Cap VII,1,H00–H59,Doenças do olho e anexos
2025,Estado,Região Norte,Amapá,AP,Cap VII,0,H00–H59,Doenças do olho e anexos
2025,Estado,Região Norte,Tocantins,TO,Cap VII,0,H00–H59,Doenças do olho e anexos
2025,Regiao,Região Nordeste,,,Cap VII,11,H00–H59,Doenças do olho e anexos
2025,Estado,Região Nordeste,Maranhão,MA,Cap VII,1,H00–H59,Doenças do olho e anexos
2025,Estado,Região Nordeste,Piauí,PI,Cap VII,0,H00–H59,Doenças do olho e anexos
2025,Estado,Região Nordeste,Ceará,CE,Cap VII,2,H00–H59,Doenças do olho e anexos
2025,Estado,Região Nordeste,Rio Grande do Norte,RN,Cap VII,0,H00–H59,Doenças do olho e anexos
2025,Estado,Região Nordeste,Paraíba,PB,Cap VII,1,H00–H59,Doenças do olho e anexos
2025,Estado,Região Nordeste,Pernambuco,PE,Cap VII,2,H00–H59,Doenças do olho e anexos
2025,Estado,Região Nordeste,Alagoas,AL,Cap VII,1,H00–H59,Doenças do olho e anexos
2025,Estado,Região Nordeste,Sergipe,SE,Cap VII,0,H00–H59,Doenças do olho e anexos
2025,Estado,Região Nordeste,Bahia,BA,Cap VII,4,H00–H59,Doenças do olho e anexos
2025,Regiao,Região Sudeste,,,Cap VII,19,H00–H59,Doenças do olho e anexos
2025,Estado,Região Sudeste,Minas Gerais,MG,Cap VII,8,H00–H59,Doenças do olho e anexos
2025,Estado,Região Sudeste,Espírito Santo,ES,Cap VII,1,H00–H59,Doenças do olho e anexos
2025,Estado,Região Sudeste,Rio de Janeiro,RJ,Cap VII,4,H00–H59,Doenças do olho e anexos
2025,Estado,Região Sudeste,São Paulo,SP,Cap VII,6,H00–H59,Doenças do olho e anexos
2025,Regiao,Região Sul,,,Cap VII,3,H00–H59,Doenças do olho e anexos
2025,Estado,Região Sul,Paraná,PR,Cap VII,1,H00–H59,Doenças do olho e anexos
2025,Estado,Região Sul,Santa Catarina,SC,Cap VII,2,H00–H59,Doenças do olho e anexos
2025,Estado,Região Sul,Rio Grande do Sul,RS,Cap VII,0,H00–H59,Doenças do olho e anexos
2025,Regiao,Região Centro-Oeste,,,Cap VII,3,H00–H59,Doenças do olho e anexos
2025,Estado,Região Centro-Oeste,Mato Grosso do Sul,MS,Cap VII,1,H00–H59,Doenças do olho e anexos
2025,Estado,Região Centro-Oeste,Mato Grosso,MT,Cap VII,1,H00–H59,Doenças do olho e anexos
2025,Estado,Região Centro-Oeste,Goiás,GO,Cap VII,0,H00–H59,Doenças do olho e anexos
2025,Estado,Região Centro-Oeste,Distrito Federal,DF,Cap VII,1,H00–H59,Doenças do olho e anexos
2026,Regiao,Região Norte,,,Cap VII,1,H00–H59,Doenças do olho e anexos
2026,Estado,Região Norte,Rondônia,RO,Cap VII,0,H00–H59,Doenças do olho e anexos
2026,Estado,Região Norte,Acre,AC,Cap VII,0,H00–H59,Doenças do olho e anexos
2026,Estado,Região Norte,Amazonas,AM,Cap VII,1,H00–H59,Doenças do olho e anexos
2026,Estado,Região Norte,Roraima,RR,Cap VII,0,H00–H59,Doenças do olho e anexos
2026,Estado,Região Norte,Pará,PA,Cap VII,0,H00–H59,Doenças do olho e anexos
2026,Estado,Região Norte,Amapá,AP,Cap VII,0,H00–H59,Doenças do olho e anexos
2026,Estado,Região Norte,Tocantins,TO,Cap VII,0,H00–H59,Doenças do olho e anexos
2026,Regiao,Região Nordeste,,,Cap VII,3,H00–H59,Doenças do olho e anexos
2026,Estado,Região Nordeste,Maranhão,MA,Cap VII,0,H00–H59,Doenças do olho e anexos
2026,Estado,Região Nordeste,Piauí,PI,Cap VII,0,H00–H59,Doenças do olho e anexos
2026,Estado,Região Nordeste,Ceará,CE,Cap VII,0,H00–H59,Doenças do olho e anexos
2026,Estado,Região Nordeste,Rio Grande do Norte,RN,Cap VII,0,H00–H59,Doenças do olho e anexos
2026,Estado,Região Nordeste,Paraíba,PB,Cap VII,0,H00–H59,Doenças do olho e anexos
2026,Estado,Região Nordeste,Pernambuco,PE,Cap VII,1,H00–H59,Doenças do olho e anexos
2026,Estado,Região Nordeste,Alagoas,AL,Cap VII,2,H00–H59,Doenças do olho e anexos
2026,Estado,Região Nordeste,Sergipe,SE,Cap VII,0,H00–H59,Doenças do olho e anexos
2026,Estado,Região Nordeste,Bahia,BA,Cap VII,0,H00–H59,Doenças do olho e anexos
2026,Regiao,Região Sudeste,,,Cap VII,3,H00–H59,Doenças do olho e anexos
2026,Estado,Região Sudeste,Minas Gerais,MG,Cap VII,1,H00–H59,Doenças do olho e anexos
2026,Estado,Região Sudeste,Espírito Santo,ES,Cap VII,0,H00–H59,Doenças do olho e anexos
2026,Estado,Região Sudeste,Rio de Janeiro,RJ,Cap VII,0,H00–H59,Doenças do olho e anexos
2026,Estado,Região Sudeste,São Paulo,SP,Cap VII,2,H00–H59,Doenças do olho e anexos
2026,Regiao,Região Sul,,,Cap VII,2,H00–H59,Doenças do olho e anexos
2026,Estado,Região Sul,Paraná,PR,Cap VII,1,H00–H59,Doenças do olho e anexos
2026,Estado,Região Sul,Santa Catarina,SC,Cap VII,0,H00–H59,Doenças do olho e anexos
2026,Estado,Região Sul,Rio Grande do Sul,RS,Cap VII,1,H00–H59,Doenças do olho e anexos
2026,Regiao,Região Centro-Oeste,,,Cap VII,1,H00–H59,Doenças do olho e anexos
2026,Estado,Região Centro-Oeste,Mato Grosso do Sul,MS,Cap VII,0,H00–H59,Doenças do olho e anexos
2026,Estado,Região Centro-Oeste,Mato Grosso,MT,Cap VII,0,H00–H59,Doenças do olho e anexos
2026,Estado,Região Centro-Oeste,Goiás,GO,Cap VII,1,H00–H59,Doenças do olho e anexos
2026,Estado,Região Centro-Oeste,Distrito Federal,DF,Cap VII,0,H00–H59,Doenças do olho e anexos
2016,Regiao,Região Norte,,,Cap VIII,12,H60–H95,Doenças do ouvido e da apófise mastóide
2016,Estado,Região Norte,Rondônia,RO,Cap VIII,2,H60–H95,Doenças do ouvido e da apófise mastóide
2016,Estado,Região Norte,Acre,AC,Cap VIII,0,H60–H95,Doenças do ouvido e da apófise mastóide
2016,Estado,Região Norte,Amazonas,AM,Cap VIII,1,H60–H95,Doenças do ouvido e da apófise mastóide
2016,Estado,Região Norte,Roraima,RR,Cap VIII,0,H60–H95,Doenças do ouvido e da apófise mastóide
2016,Estado,Região Norte,Pará,PA,Cap VIII,8,H60–H95,Doenças do ouvido e da apófise mastóide
2016,Estado,Região Norte,Amapá,AP,Cap VIII,0,H60–H95,Doenças do ouvido e da apófise mastóide
2016,Estado,Região Norte,Tocantins,TO,Cap VIII,1,H60–H95,Doenças do ouvido e da apófise mastóide
2016,Regiao,Região Nordeste,,,Cap VIII,34,H60–H95,Doenças do ouvido e da apófise mastóide
2016,Estado,Região Nordeste,Maranhão,MA,Cap VIII,4,H60–H95,Doenças do ouvido e da apófise mastóide
2016,Estado,Região Nordeste,Piauí,PI,Cap VIII,1,H60–H95,Doenças do ouvido e da apófise mastóide
2016,Estado,Região Nordeste,Ceará,CE,Cap VIII,6,H60–H95,Doenças do ouvido e da apófise mastóide
2016,Estado,Região Nordeste,Rio Grande do Norte,RN,Cap VIII,6,H60–H95,Doenças do ouvido e da apófise mastóide
2016,Estado,Região Nordeste,Paraíba,PB,Cap VIII,2,H60–H95,Doenças do ouvido e da apófise mastóide
2016,Estado,Região Nordeste,Pernambuco,PE,Cap VIII,4,H60–H95,Doenças do ouvido e da apófise mastóide
2016,Estado,Região Nordeste,Alagoas,AL,Cap VIII,2,H60–H95,Doenças do ouvido e da apófise mastóide
2016,Estado,Região Nordeste,Sergipe,SE,Cap VIII,1,H60–H95,Doenças do ouvido e da apófise mastóide
2016,Estado,Região Nordeste,Bahia,BA,Cap VIII,8,H60–H95,Doenças do ouvido e da apófise mastóide
2016,Regiao,Região Sudeste,,,Cap VIII,90,H60–H95,Doenças do ouvido e da apófise mastóide
2016,Estado,Região Sudeste,Minas Gerais,MG,Cap VIII,21,H60–H95,Doenças do ouvido e da apófise mastóide
2016,Estado,Região Sudeste,Espírito Santo,ES,Cap VIII,2,H60–H95,Doenças do ouvido e da apófise mastóide
2016,Estado,Região Sudeste,Rio de Janeiro,RJ,Cap VIII,22,H60–H95,Doenças do ouvido e da apófise mastóide
2016,Estado,Região Sudeste,São Paulo,SP,Cap VIII,45,H60–H95,Doenças do ouvido e da apófise mastóide
2016,Regiao,Região Sul,,,Cap VIII,20,H60–H95,Doenças do ouvido e da apófise mastóide
2016,Estado,Região Sul,Paraná,PR,Cap VIII,8,H60–H95,Doenças do ouvido e da apófise mastóide
2016,Estado,Região Sul,Santa Catarina,SC,Cap VIII,3,H60–H95,Doenças do ouvido e da apófise mastóide
2016,Estado,Região Sul,Rio Grande do Sul,RS,Cap VIII,9,H60–H95,Doenças do ouvido e da apófise mastóide
2016,Regiao,Região Centro-Oeste,,,Cap VIII,17,H60–H95,Doenças do ouvido e da apófise mastóide
2016,Estado,Região Centro-Oeste,Mato Grosso do Sul,MS,Cap VIII,3,H60–H95,Doenças do ouvido e da apófise mastóide
2016,Estado,Região Centro-Oeste,Mato Grosso,MT,Cap VIII,6,H60–H95,Doenças do ouvido e da apófise mastóide
2016,Estado,Região Centro-Oeste,Goiás,GO,Cap VIII,7,H60–H95,Doenças do ouvido e da apófise mastóide
2016,Estado,Região Centro-Oeste,Distrito Federal,DF,Cap VIII,1,H60–H95,Doenças do ouvido e da apófise mastóide
2017,Regiao,Região Norte,,,Cap VIII,16,H60–H95,Doenças do ouvido e da apófise mastóide
2017,Estado,Região Norte,Rondônia,RO,Cap VIII,1,H60–H95,Doenças do ouvido e da apófise mastóide
2017,Estado,Região Norte,Acre,AC,Cap VIII,0,H60–H95,Doenças do ouvido e da apófise mastóide
2017,Estado,Região Norte,Amazonas,AM,Cap VIII,3,H60–H95,Doenças do ouvido e da apófise mastóide
2017,Estado,Região Norte,Roraima,RR,Cap VIII,2,H60–H95,Doenças do ouvido e da apófise mastóide
2017,Estado,Região Norte,Pará,PA,Cap VIII,6,H60–H95,Doenças do ouvido e da apófise mastóide
2017,Estado,Região Norte,Amapá,AP,Cap VIII,2,H60–H95,Doenças do ouvido e da apófise mastóide
2017,Estado,Região Norte,Tocantins,TO,Cap VIII,2,H60–H95,Doenças do ouvido e da apófise mastóide
2017,Regiao,Região Nordeste,,,Cap VIII,50,H60–H95,Doenças do ouvido e da apófise mastóide
2017,Estado,Região Nordeste,Maranhão,MA,Cap VIII,7,H60–H95,Doenças do ouvido e da apófise mastóide
2017,Estado,Região Nordeste,Piauí,PI,Cap VIII,4,H60–H95,Doenças do ouvido e da apófise mastóide
2017,Estado,Região Nordeste,Ceará,CE,Cap VIII,9,H60–H95,Doenças do ouvido e da apófise mastóide
2017,Estado,Região Nordeste,Rio Grande do Norte,RN,Cap VIII,4,H60–H95,Doenças do ouvido e da apófise mastóide
2017,Estado,Região Nordeste,Paraíba,PB,Cap VIII,4,H60–H95,Doenças do ouvido e da apófise mastóide
2017,Estado,Região Nordeste,Pernambuco,PE,Cap VIII,8,H60–H95,Doenças do ouvido e da apófise mastóide
2017,Estado,Região Nordeste,Alagoas,AL,Cap VIII,3,H60–H95,Doenças do ouvido e da apófise mastóide
2017,Estado,Região Nordeste,Sergipe,SE,Cap VIII,4,H60–H95,Doenças do ouvido e da apófise mastóide
2017,Estado,Região Nordeste,Bahia,BA,Cap VIII,7,H60–H95,Doenças do ouvido e da apófise mastóide
2017,Regiao,Região Sudeste,,,Cap VIII,82,H60–H95,Doenças do ouvido e da apófise mastóide
2017,Estado,Região Sudeste,Minas Gerais,MG,Cap VIII,19,H60–H95,Doenças do ouvido e da apófise mastóide
2017,Estado,Região Sudeste,Espírito Santo,ES,Cap VIII,5,H60–H95,Doenças do ouvido e da apófise mastóide
2017,Estado,Região Sudeste,Rio de Janeiro,RJ,Cap VIII,21,H60–H95,Doenças do ouvido e da apófise mastóide
2017,Estado,Região Sudeste,São Paulo,SP,Cap VIII,37,H60–H95,Doenças do ouvido e da apófise mastóide
2017,Regiao,Região Sul,,,Cap VIII,20,H60–H95,Doenças do ouvido e da apófise mastóide
2017,Estado,Região Sul,Paraná,PR,Cap VIII,7,H60–H95,Doenças do ouvido e da apófise mastóide
2017,Estado,Região Sul,Santa Catarina,SC,Cap VIII,8,H60–H95,Doenças do ouvido e da apófise mastóide
2017,Estado,Região Sul,Rio Grande do Sul,RS,Cap VIII,5,H60–H95,Doenças do ouvido e da apófise mastóide
2017,Regiao,Região Centro-Oeste,,,Cap VIII,11,H60–H95,Doenças do ouvido e da apófise mastóide
2017,Estado,Região Centro-Oeste,Mato Grosso do Sul,MS,Cap VIII,0,H60–H95,Doenças do ouvido e da apófise mastóide
2017,Estado,Região Centro-Oeste,Mato Grosso,MT,Cap VIII,0,H60–H95,Doenças do ouvido e da apófise mastóide
2017,Estado,Região Centro-Oeste,Goiás,GO,Cap VIII,7,H60–H95,Doenças do ouvido e da apófise mastóide
2017,Estado,Região Centro-Oeste,Distrito Federal,DF,Cap VIII,4,H60–H95,Doenças do ouvido e da apófise mastóide
2018,Regiao,Região Norte,,,Cap VIII,12,H60–H95,Doenças do ouvido e da apófise mastóide
2018,Estado,Região Norte,Rondônia,RO,Cap VIII,1,H60–H95,Doenças do ouvido e da apófise mastóide
2018,Estado,Região Norte,Acre,AC,Cap VIII,0,H60–H95,Doenças do ouvido e da apófise mastóide
2018,Estado,Região Norte,Amazonas,AM,Cap VIII,2,H60–H95,Doenças do ouvido e da apófise mastóide
2018,Estado,Região Norte,Roraima,RR,Cap VIII,0,H60–H95,Doenças do ouvido e da apófise mastóide
2018,Estado,Região Norte,Pará,PA,Cap VIII,8,H60–H95,Doenças do ouvido e da apófise mastóide
2018,Estado,Região Norte,Amapá,AP,Cap VIII,1,H60–H95,Doenças do ouvido e da apófise mastóide
2018,Estado,Região Norte,Tocantins,TO,Cap VIII,0,H60–H95,Doenças do ouvido e da apófise mastóide
2018,Regiao,Região Nordeste,,,Cap VIII,47,H60–H95,Doenças do ouvido e da apófise mastóide
2018,Estado,Região Nordeste,Maranhão,MA,Cap VIII,9,H60–H95,Doenças do ouvido e da apófise mastóide
2018,Estado,Região Nordeste,Piauí,PI,Cap VIII,5,H60–H95,Doenças do ouvido e da apófise mastóide
2018,Estado,Região Nordeste,Ceará,CE,Cap VIII,10,H60–H95,Doenças do ouvido e da apófise mastóide
2018,Estado,Região Nordeste,Rio Grande do Norte,RN,Cap VIII,4,H60–H95,Doenças do ouvido e da apófise mastóide
2018,Estado,Região Nordeste,Paraíba,PB,Cap VIII,4,H60–H95,Doenças do ouvido e da apófise mastóide
2018,Estado,Região Nordeste,Pernambuco,PE,Cap VIII,7,H60–H95,Doenças do ouvido e da apófise mastóide
2018,Estado,Região Nordeste,Alagoas,AL,Cap VIII,2,H60–H95,Doenças do ouvido e da apófise mastóide
2018,Estado,Região Nordeste,Sergipe,SE,Cap VIII,2,H60–H95,Doenças do ouvido e da apófise mastóide
2018,Estado,Região Nordeste,Bahia,BA,Cap VIII,4,H60–H95,Doenças do ouvido e da apófise mastóide
2018,Regiao,Região Sudeste,,,Cap VIII,91,H60–H95,Doenças do ouvido e da apófise mastóide
2018,Estado,Região Sudeste,Minas Gerais,MG,Cap VIII,22,H60–H95,Doenças do ouvido e da apófise mastóide
2018,Estado,Região Sudeste,Espírito Santo,ES,Cap VIII,5,H60–H95,Doenças do ouvido e da apófise mastóide
2018,Estado,Região Sudeste,Rio de Janeiro,RJ,Cap VIII,29,H60–H95,Doenças do ouvido e da apófise mastóide
2018,Estado,Região Sudeste,São Paulo,SP,Cap VIII,35,H60–H95,Doenças do ouvido e da apófise mastóide
2018,Regiao,Região Sul,,,Cap VIII,11,H60–H95,Doenças do ouvido e da apófise mastóide
2018,Estado,Região Sul,Paraná,PR,Cap VIII,5,H60–H95,Doenças do ouvido e da apófise mastóide
2018,Estado,Região Sul,Santa Catarina,SC,Cap VIII,2,H60–H95,Doenças do ouvido e da apófise mastóide
2018,Estado,Região Sul,Rio Grande do Sul,RS,Cap VIII,4,H60–H95,Doenças do ouvido e da apófise mastóide
2018,Regiao,Região Centro-Oeste,,,Cap VIII,8,H60–H95,Doenças do ouvido e da apófise mastóide
2018,Estado,Região Centro-Oeste,Mato Grosso do Sul,MS,Cap VIII,1,H60–H95,Doenças do ouvido e da apófise mastóide
2018,Estado,Região Centro-Oeste,Mato Grosso,MT,Cap VIII,5,H60–H95,Doenças do ouvido e da apófise mastóide
2018,Estado,Região Centro-Oeste,Goiás,GO,Cap VIII,2,H60–H95,Doenças do ouvido e da apófise mastóide
2018,Estado,Região Centro-Oeste,Distrito Federal,DF,Cap VIII,0,H60–H95,Doenças do ouvido e da apófise mastóide
2019,Regiao,Região Norte,,,Cap VIII,13,H60–H95,Doenças do ouvido e da apófise mastóide
2019,Estado,Região Norte,Rondônia,RO,Cap VIII,2,H60–H95,Doenças do ouvido e da apófise mastóide
2019,Estado,Região Norte,Acre,AC,Cap VIII,0,H60–H95,Doenças do ouvido e da apófise mastóide
2019,Estado,Região Norte,Amazonas,AM,Cap VIII,4,H60–H95,Doenças do ouvido e da apófise mastóide
2019,Estado,Região Norte,Roraima,RR,Cap VIII,0,H60–H95,Doenças do ouvido e da apófise mastóide
2019,Estado,Região Norte,Pará,PA,Cap VIII,3,H60–H95,Doenças do ouvido e da apófise mastóide
2019,Estado,Região Norte,Amapá,AP,Cap VIII,1,H60–H95,Doenças do ouvido e da apófise mastóide
2019,Estado,Região Norte,Tocantins,TO,Cap VIII,3,H60–H95,Doenças do ouvido e da apófise mastóide
2019,Regiao,Região Nordeste,,,Cap VIII,50,H60–H95,Doenças do ouvido e da apófise mastóide
2019,Estado,Região Nordeste,Maranhão,MA,Cap VIII,9,H60–H95,Doenças do ouvido e da apófise mastóide
2019,Estado,Região Nordeste,Piauí,PI,Cap VIII,3,H60–H95,Doenças do ouvido e da apófise mastóide
2019,Estado,Região Nordeste,Ceará,CE,Cap VIII,11,H60–H95,Doenças do ouvido e da apófise mastóide
2019,Estado,Região Nordeste,Rio Grande do Norte,RN,Cap VIII,3,H60–H95,Doenças do ouvido e da apófise mastóide
2019,Estado,Região Nordeste,Paraíba,PB,Cap VIII,2,H60–H95,Doenças do ouvido e da apófise mastóide
2019,Estado,Região Nordeste,Pernambuco,PE,Cap VIII,8,H60–H95,Doenças do ouvido e da apófise mastóide
2019,Estado,Região Nordeste,Alagoas,AL,Cap VIII,4,H60–H95,Doenças do ouvido e da apófise mastóide
2019,Estado,Região Nordeste,Sergipe,SE,Cap VIII,3,H60–H95,Doenças do ouvido e da apófise mastóide
2019,Estado,Região Nordeste,Bahia,BA,Cap VIII,7,H60–H95,Doenças do ouvido e da apófise mastóide
2019,Regiao,Região Sudeste,,,Cap VIII,105,H60–H95,Doenças do ouvido e da apófise mastóide
2019,Estado,Região Sudeste,Minas Gerais,MG,Cap VIII,22,H60–H95,Doenças do ouvido e da apófise mastóide
2019,Estado,Região Sudeste,Espírito Santo,ES,Cap VIII,5,H60–H95,Doenças do ouvido e da apófise mastóide
2019,Estado,Região Sudeste,Rio de Janeiro,RJ,Cap VIII,35,H60–H95,Doenças do ouvido e da apófise mastóide
2019,Estado,Região Sudeste,São Paulo,SP,Cap VIII,43,H60–H95,Doenças do ouvido e da apófise mastóide
2019,Regiao,Região Sul,,,Cap VIII,21,H60–H95,Doenças do ouvido e da apófise mastóide
2019,Estado,Região Sul,Paraná,PR,Cap VIII,4,H60–H95,Doenças do ouvido e da apófise mastóide
2019,Estado,Região Sul,Santa Catarina,SC,Cap VIII,5,H60–H95,Doenças do ouvido e da apófise mastóide
2019,Estado,Região Sul,Rio Grande do Sul,RS,Cap VIII,12,H60–H95,Doenças do ouvido e da apófise mastóide
2019,Regiao,Região Centro-Oeste,,,Cap VIII,17,H60–H95,Doenças do ouvido e da apófise mastóide
2019,Estado,Região Centro-Oeste,Mato Grosso do Sul,MS,Cap VIII,4,H60–H95,Doenças do ouvido e da apófise mastóide
2019,Estado,Região Centro-Oeste,Mato Grosso,MT,Cap VIII,2,H60–H95,Doenças do ouvido e da apófise mastóide
2019,Estado,Região Centro-Oeste,Goiás,GO,Cap VIII,9,H60–H95,Doenças do ouvido e da apófise mastóide
2019,Estado,Região Centro-Oeste,Distrito Federal,DF,Cap VIII,2,H60–H95,Doenças do ouvido e da apófise mastóide
2020,Regiao,Região Norte,,,Cap VIII,14,H60–H95,Doenças do ouvido e da apófise mastóide
2020,Estado,Região Norte,Rondônia,RO,Cap VIII,2,H60–H95,Doenças do ouvido e da apófise mastóide
2020,Estado,Região Norte,Acre,AC,Cap VIII,0,H60–H95,Doenças do ouvido e da apófise mastóide
2020,Estado,Região Norte,Amazonas,AM,Cap VIII,6,H60–H95,Doenças do ouvido e da apófise mastóide
2020,Estado,Região Norte,Roraima,RR,Cap VIII,2,H60–H95,Doenças do ouvido e da apófise mastóide
2020,Estado,Região Norte,Pará,PA,Cap VIII,2,H60–H95,Doenças do ouvido e da apófise mastóide
2020,Estado,Região Norte,Amapá,AP,Cap VIII,0,H60–H95,Doenças do ouvido e da apófise mastóide
2020,Estado,Região Norte,Tocantins,TO,Cap VIII,2,H60–H95,Doenças do ouvido e da apófise mastóide
2020,Regiao,Região Nordeste,,,Cap VIII,54,H60–H95,Doenças do ouvido e da apófise mastóide
2020,Estado,Região Nordeste,Maranhão,MA,Cap VIII,10,H60–H95,Doenças do ouvido e da apófise mastóide
2020,Estado,Região Nordeste,Piauí,PI,Cap VIII,1,H60–H95,Doenças do ouvido e da apófise mastóide
2020,Estado,Região Nordeste,Ceará,CE,Cap VIII,13,H60–H95,Doenças do ouvido e da apófise mastóide
2020,Estado,Região Nordeste,Rio Grande do Norte,RN,Cap VIII,7,H60–H95,Doenças do ouvido e da apófise mastóide
2020,Estado,Região Nordeste,Paraíba,PB,Cap VIII,4,H60–H95,Doenças do ouvido e da apófise mastóide
2020,Estado,Região Nordeste,Pernambuco,PE,Cap VIII,6,H60–H95,Doenças do ouvido e da apófise mastóide
2020,Estado,Região Nordeste,Alagoas,AL,Cap VIII,3,H60–H95,Doenças do ouvido e da apófise mastóide
2020,Estado,Região Nordeste,Sergipe,SE,Cap VIII,3,H60–H95,Doenças do ouvido e da apófise mastóide
2020,Estado,Região Nordeste,Bahia,BA,Cap VIII,7,H60–H95,Doenças do ouvido e da apófise mastóide
2020,Regiao,Região Sudeste,,,Cap VIII,77,H60–H95,Doenças do ouvido e da apófise mastóide
2020,Estado,Região Sudeste,Minas Gerais,MG,Cap VIII,22,H60–H95,Doenças do ouvido e da apófise mastóide
2020,Estado,Região Sudeste,Espírito Santo,ES,Cap VIII,8,H60–H95,Doenças do ouvido e da apófise mastóide
2020,Estado,Região Sudeste,Rio de Janeiro,RJ,Cap VIII,15,H60–H95,Doenças do ouvido e da apófise mastóide
2020,Estado,Região Sudeste,São Paulo,SP,Cap VIII,32,H60–H95,Doenças do ouvido e da apófise mastóide
2020,Regiao,Região Sul,,,Cap VIII,12,H60–H95,Doenças do ouvido e da apófise mastóide
2020,Estado,Região Sul,Paraná,PR,Cap VIII,4,H60–H95,Doenças do ouvido e da apófise mastóide
2020,Estado,Região Sul,Santa Catarina,SC,Cap VIII,5,H60–H95,Doenças do ouvido e da apófise mastóide
2020,Estado,Região Sul,Rio Grande do Sul,RS,Cap VIII,3,H60–H95,Doenças do ouvido e da apófise mastóide
2020,Regiao,Região Centro-Oeste,,,Cap VIII,7,H60–H95,Doenças do ouvido e da apófise mastóide
2020,Estado,Região Centro-Oeste,Mato Grosso do Sul,MS,Cap VIII,0,H60–H95,Doenças do ouvido e da apófise mastóide
2020,Estado,Região Centro-Oeste,Mato Grosso,MT,Cap VIII,2,H60–H95,Doenças do ouvido e da apófise mastóide
2020,Estado,Região Centro-Oeste,Goiás,GO,Cap VIII,2,H60–H95,Doenças do ouvido e da apófise mastóide
2020,Estado,Região Centro-Oeste,Distrito Federal,DF,Cap VIII,3,H60–H95,Doenças do ouvido e da apófise mastóide
2021,Regiao,Região Norte,,,Cap VIII,15,H60–H95,Doenças do ouvido e da apófise mastóide
2021,Estado,Região Norte,Rondônia,RO,Cap VIII,2,H60–H95,Doenças do ouvido e da apófise mastóide
2021,Estado,Região Norte,Acre,AC,Cap VIII,2,H60–H95,Doenças do ouvido e da apófise mastóide
2021,Estado,Região Norte,Amazonas,AM,Cap VIII,2,H60–H95,Doenças do ouvido e da apófise mastóide
2021,Estado,Região Norte,Roraima,RR,Cap VIII,1,H60–H95,Doenças do ouvido e da apófise mastóide
2021,Estado,Região Norte,Pará,PA,Cap VIII,7,H60–H95,Doenças do ouvido e da apófise mastóide
2021,Estado,Região Norte,Amapá,AP,Cap VIII,0,H60–H95,Doenças do ouvido e da apófise mastóide
2021,Estado,Região Norte,Tocantins,TO,Cap VIII,1,H60–H95,Doenças do ouvido e da apófise mastóide
2021,Regiao,Região Nordeste,,,Cap VIII,46,H60–H95,Doenças do ouvido e da apófise mastóide
2021,Estado,Região Nordeste,Maranhão,MA,Cap VIII,5,H60–H95,Doenças do ouvido e da apófise mastóide
2021,Estado,Região Nordeste,Piauí,PI,Cap VIII,2,H60–H95,Doenças do ouvido e da apófise mastóide
2021,Estado,Região Nordeste,Ceará,CE,Cap VIII,10,H60–H95,Doenças do ouvido e da apófise mastóide
2021,Estado,Região Nordeste,Rio Grande do Norte,RN,Cap VIII,3,H60–H95,Doenças do ouvido e da apófise mastóide
2021,Estado,Região Nordeste,Paraíba,PB,Cap VIII,1,H60–H95,Doenças do ouvido e da apófise mastóide
2021,Estado,Região Nordeste,Pernambuco,PE,Cap VIII,8,H60–H95,Doenças do ouvido e da apófise mastóide
2021,Estado,Região Nordeste,Alagoas,AL,Cap VIII,5,H60–H95,Doenças do ouvido e da apófise mastóide
2021,Estado,Região Nordeste,Sergipe,SE,Cap VIII,3,H60–H95,Doenças do ouvido e da apófise mastóide
2021,Estado,Região Nordeste,Bahia,BA,Cap VIII,9,H60–H95,Doenças do ouvido e da apófise mastóide
2021,Regiao,Região Sudeste,,,Cap VIII,73,H60–H95,Doenças do ouvido e da apófise mastóide
2021,Estado,Região Sudeste,Minas Gerais,MG,Cap VIII,14,H60–H95,Doenças do ouvido e da apófise mastóide
2021,Estado,Região Sudeste,Espírito Santo,ES,Cap VIII,5,H60–H95,Doenças do ouvido e da apófise mastóide
2021,Estado,Região Sudeste,Rio de Janeiro,RJ,Cap VIII,18,H60–H95,Doenças do ouvido e da apófise mastóide
2021,Estado,Região Sudeste,São Paulo,SP,Cap VIII,36,H60–H95,Doenças do ouvido e da apófise mastóide
2021,Regiao,Região Sul,,,Cap VIII,17,H60–H95,Doenças do ouvido e da apófise mastóide
2021,Estado,Região Sul,Paraná,PR,Cap VIII,6,H60–H95,Doenças do ouvido e da apófise mastóide
2021,Estado,Região Sul,Santa Catarina,SC,Cap VIII,6,H60–H95,Doenças do ouvido e da apófise mastóide
2021,Estado,Região Sul,Rio Grande do Sul,RS,Cap VIII,5,H60–H95,Doenças do ouvido e da apófise mastóide
2021,Regiao,Região Centro-Oeste,,,Cap VIII,5,H60–H95,Doenças do ouvido e da apófise mastóide
2021,Estado,Região Centro-Oeste,Mato Grosso do Sul,MS,Cap VIII,2,H60–H95,Doenças do ouvido e da apófise mastóide
2021,Estado,Região Centro-Oeste,Mato Grosso,MT,Cap VIII,2,H60–H95,Doenças do ouvido e da apófise mastóide
2021,Estado,Região Centro-Oeste,Goiás,GO,Cap VIII,1,H60–H95,Doenças do ouvido e da apófise mastóide
2021,Estado,Região Centro-Oeste,Distrito Federal,DF,Cap VIII,0,H60–H95,Doenças do ouvido e da apófise mastóide
2022,Regiao,Região Norte,,,Cap VIII,10,H60–H95,Doenças do ouvido e da apófise mastóide
2022,Estado,Região Norte,Rondônia,RO,Cap VIII,0,H60–H95,Doenças do ouvido e da apófise mastóide
2022,Estado,Região Norte,Acre,AC,Cap VIII,0,H60–H95,Doenças do ouvido e da apófise mastóide
2022,Estado,Região Norte,Amazonas,AM,Cap VIII,5,H60–H95,Doenças do ouvido e da apófise mastóide
2022,Estado,Região Norte,Roraima,RR,Cap VIII,0,H60–H95,Doenças do ouvido e da apófise mastóide
2022,Estado,Região Norte,Pará,PA,Cap VIII,2,H60–H95,Doenças do ouvido e da apófise mastóide
2022,Estado,Região Norte,Amapá,AP,Cap VIII,0,H60–H95,Doenças do ouvido e da apófise mastóide
2022,Estado,Região Norte,Tocantins,TO,Cap VIII,3,H60–H95,Doenças do ouvido e da apófise mastóide
2022,Regiao,Região Nordeste,,,Cap VIII,73,H60–H95,Doenças do ouvido e da apófise mastóide
2022,Estado,Região Nordeste,Maranhão,MA,Cap VIII,11,H60–H95,Doenças do ouvido e da apófise mastóide
2022,Estado,Região Nordeste,Piauí,PI,Cap VIII,2,H60–H95,Doenças do ouvido e da apófise mastóide
2022,Estado,Região Nordeste,Ceará,CE,Cap VIII,14,H60–H95,Doenças do ouvido e da apófise mastóide
2022,Estado,Região Nordeste,Rio Grande do Norte,RN,Cap VIII,9,H60–H95,Doenças do ouvido e da apófise mastóide
2022,Estado,Região Nordeste,Paraíba,PB,Cap VIII,5,H60–H95,Doenças do ouvido e da apófise mastóide
2022,Estado,Região Nordeste,Pernambuco,PE,Cap VIII,9,H60–H95,Doenças do ouvido e da apófise mastóide
2022,Estado,Região Nordeste,Alagoas,AL,Cap VIII,5,H60–H95,Doenças do ouvido e da apófise mastóide
2022,Estado,Região Nordeste,Sergipe,SE,Cap VIII,5,H60–H95,Doenças do ouvido e da apófise mastóide
2022,Estado,Região Nordeste,Bahia,BA,Cap VIII,13,H60–H95,Doenças do ouvido e da apófise mastóide
2022,Regiao,Região Sudeste,,,Cap VIII,123,H60–H95,Doenças do ouvido e da apófise mastóide
2022,Estado,Região Sudeste,Minas Gerais,MG,Cap VIII,31,H60–H95,Doenças do ouvido e da apófise mastóide
2022,Estado,Região Sudeste,Espírito Santo,ES,Cap VIII,8,H60–H95,Doenças do ouvido e da apófise mastóide
2022,Estado,Região Sudeste,Rio de Janeiro,RJ,Cap VIII,25,H60–H95,Doenças do ouvido e da apófise mastóide
2022,Estado,Região Sudeste,São Paulo,SP,Cap VIII,59,H60–H95,Doenças do ouvido e da apófise mastóide
2022,Regiao,Região Sul,,,Cap VIII,22,H60–H95,Doenças do ouvido e da apófise mastóide
2022,Estado,Região Sul,Paraná,PR,Cap VIII,10,H60–H95,Doenças do ouvido e da apófise mastóide
2022,Estado,Região Sul,Santa Catarina,SC,Cap VIII,4,H60–H95,Doenças do ouvido e da apófise mastóide
2022,Estado,Região Sul,Rio Grande do Sul,RS,Cap VIII,8,H60–H95,Doenças do ouvido e da apófise mastóide
2022,Regiao,Região Centro-Oeste,,,Cap VIII,16,H60–H95,Doenças do ouvido e da apófise mastóide
2022,Estado,Região Centro-Oeste,Mato Grosso do Sul,MS,Cap VIII,6,H60–H95,Doenças do ouvido e da apófise mastóide
2022,Estado,Região Centro-Oeste,Mato Grosso,MT,Cap VIII,0,H60–H95,Doenças do ouvido e da apófise mastóide
2022,Estado,Região Centro-Oeste,Goiás,GO,Cap VIII,8,H60–H95,Doenças do ouvido e da apófise mastóide
2022,Estado,Região Centro-Oeste,Distrito Federal,DF,Cap VIII,2,H60–H95,Doenças do ouvido e da apófise mastóide
2023,Regiao,Região Norte,,,Cap VIII,15,H60–H95,Doenças do ouvido e da apófise mastóide
2023,Estado,Região Norte,Rondônia,RO,Cap VIII,1,H60–H95,Doenças do ouvido e da apófise mastóide
2023,Estado,Região Norte,Acre,AC,Cap VIII,1,H60–H95,Doenças do ouvido e da apófise mastóide
2023,Estado,Região Norte,Amazonas,AM,Cap VIII,2,H60–H95,Doenças do ouvido e da apófise mastóide
2023,Estado,Região Norte,Roraima,RR,Cap VIII,3,H60–H95,Doenças do ouvido e da apófise mastóide
2023,Estado,Região Norte,Pará,PA,Cap VIII,5,H60–H95,Doenças do ouvido e da apófise mastóide
2023,Estado,Região Norte,Amapá,AP,Cap VIII,3,H60–H95,Doenças do ouvido e da apófise mastóide
2023,Estado,Região Norte,Tocantins,TO,Cap VIII,0,H60–H95,Doenças do ouvido e da apófise mastóide
2023,Regiao,Região Nordeste,,,Cap VIII,82,H60–H95,Doenças do ouvido e da apófise mastóide
2023,Estado,Região Nordeste,Maranhão,MA,Cap VIII,11,H60–H95,Doenças do ouvido e da apófise mastóide
2023,Estado,Região Nordeste,Piauí,PI,Cap VIII,4,H60–H95,Doenças do ouvido e da apófise mastóide
2023,Estado,Região Nordeste,Ceará,CE,Cap VIII,11,H60–H95,Doenças do ouvido e da apófise mastóide
2023,Estado,Região Nordeste,Rio Grande do Norte,RN,Cap VIII,5,H60–H95,Doenças do ouvido e da apófise mastóide
2023,Estado,Região Nordeste,Paraíba,PB,Cap VIII,6,H60–H95,Doenças do ouvido e da apófise mastóide
2023,Estado,Região Nordeste,Pernambuco,PE,Cap VIII,10,H60–H95,Doenças do ouvido e da apófise mastóide
2023,Estado,Região Nordeste,Alagoas,AL,Cap VIII,8,H60–H95,Doenças do ouvido e da apófise mastóide
2023,Estado,Região Nordeste,Sergipe,SE,Cap VIII,6,H60–H95,Doenças do ouvido e da apófise mastóide
2023,Estado,Região Nordeste,Bahia,BA,Cap VIII,21,H60–H95,Doenças do ouvido e da apófise mastóide
2023,Regiao,Região Sudeste,,,Cap VIII,143,H60–H95,Doenças do ouvido e da apófise mastóide
2023,Estado,Região Sudeste,Minas Gerais,MG,Cap VIII,42,H60–H95,Doenças do ouvido e da apófise mastóide
2023,Estado,Região Sudeste,Espírito Santo,ES,Cap VIII,3,H60–H95,Doenças do ouvido e da apófise mastóide
2023,Estado,Região Sudeste,Rio de Janeiro,RJ,Cap VIII,29,H60–H95,Doenças do ouvido e da apófise mastóide
2023,Estado,Região Sudeste,São Paulo,SP,Cap VIII,69,H60–H95,Doenças do ouvido e da apófise mastóide
2023,Regiao,Região Sul,,,Cap VIII,34,H60–H95,Doenças do ouvido e da apófise mastóide
2023,Estado,Região Sul,Paraná,PR,Cap VIII,15,H60–H95,Doenças do ouvido e da apófise mastóide
2023,Estado,Região Sul,Santa Catarina,SC,Cap VIII,8,H60–H95,Doenças do ouvido e da apófise mastóide
2023,Estado,Região Sul,Rio Grande do Sul,RS,Cap VIII,11,H60–H95,Doenças do ouvido e da apófise mastóide
2023,Regiao,Região Centro-Oeste,,,Cap VIII,20,H60–H95,Doenças do ouvido e da apófise mastóide
2023,Estado,Região Centro-Oeste,Mato Grosso do Sul,MS,Cap VIII,1,H60–H95,Doenças do ouvido e da apófise mastóide
2023,Estado,Região Centro-Oeste,Mato Grosso,MT,Cap VIII,7,H60–H95,Doenças do ouvido e da apófise mastóide
2023,Estado,Região Centro-Oeste,Goiás,GO,Cap VIII,11,H60–H95,Doenças do ouvido e da apófise mastóide
2023,Estado,Região Centro-Oeste,Distrito Federal,DF,Cap VIII,1,H60–H95,Doenças do ouvido e da apófise mastóide
2024,Regiao,Região Norte,,,Cap VIII,23,H60–H95,Doenças do ouvido e da apófise mastóide
2024,Estado,Região Norte,Rondônia,RO,Cap VIII,3,H60–H95,Doenças do ouvido e da apófise mastóide
2024,Estado,Região Norte,Acre,AC,Cap VIII,0,H60–H95,Doenças do ouvido e da apófise mastóide
2024,Estado,Região Norte,Amazonas,AM,Cap VIII,6,H60–H95,Doenças do ouvido e da apófise mastóide
2024,Estado,Região Norte,Roraima,RR,Cap VIII,3,H60–H95,Doenças do ouvido e da apófise mastóide
2024,Estado,Região Norte,Pará,PA,Cap VIII,10,H60–H95,Doenças do ouvido e da apófise mastóide
2024,Estado,Região Norte,Amapá,AP,Cap VIII,0,H60–H95,Doenças do ouvido e da apófise mastóide
2024,Estado,Região Norte,Tocantins,TO,Cap VIII,1,H60–H95,Doenças do ouvido e da apófise mastóide
2024,Regiao,Região Nordeste,,,Cap VIII,91,H60–H95,Doenças do ouvido e da apófise mastóide
2024,Estado,Região Nordeste,Maranhão,MA,Cap VIII,11,H60–H95,Doenças do ouvido e da apófise mastóide
2024,Estado,Região Nordeste,Piauí,PI,Cap VIII,2,H60–H95,Doenças do ouvido e da apófise mastóide
2024,Estado,Região Nordeste,Ceará,CE,Cap VIII,13,H60–H95,Doenças do ouvido e da apófise mastóide
2024,Estado,Região Nordeste,Rio Grande do Norte,RN,Cap VIII,4,H60–H95,Doenças do ouvido e da apófise mastóide
2024,Estado,Região Nordeste,Paraíba,PB,Cap VIII,4,H60–H95,Doenças do ouvido e da apófise mastóide
2024,Estado,Região Nordeste,Pernambuco,PE,Cap VIII,23,H60–H95,Doenças do ouvido e da apófise mastóide
2024,Estado,Região Nordeste,Alagoas,AL,Cap VIII,10,H60–H95,Doenças do ouvido e da apófise mastóide
2024,Estado,Região Nordeste,Sergipe,SE,Cap VIII,5,H60–H95,Doenças do ouvido e da apófise mastóide
2024,Estado,Região Nordeste,Bahia,BA,Cap VIII,19,H60–H95,Doenças do ouvido e da apófise mastóide
2024,Regiao,Região Sudeste,,,Cap VIII,188,H60–H95,Doenças do ouvido e da apófise mastóide
2024,Estado,Região Sudeste,Minas Gerais,MG,Cap VIII,44,H60–H95,Doenças do ouvido e da apófise mastóide
2024,Estado,Região Sudeste,Espírito Santo,ES,Cap VIII,12,H60–H95,Doenças do ouvido e da apófise mastóide
2024,Estado,Região Sudeste,Rio de Janeiro,RJ,Cap VIII,39,H60–H95,Doenças do ouvido e da apófise mastóide
2024,Estado,Região Sudeste,São Paulo,SP,Cap VIII,93,H60–H95,Doenças do ouvido e da apófise mastóide
2024,Regiao,Região Sul,,,Cap VIII,39,H60–H95,Doenças do ouvido e da apófise mastóide
2024,Estado,Região Sul,Paraná,PR,Cap VIII,14,H60–H95,Doenças do ouvido e da apófise mastóide
2024,Estado,Região Sul,Santa Catarina,SC,Cap VIII,12,H60–H95,Doenças do ouvido e da apófise mastóide
2024,Estado,Região Sul,Rio Grande do Sul,RS,Cap VIII,13,H60–H95,Doenças do ouvido e da apófise mastóide
2024,Regiao,Região Centro-Oeste,,,Cap VIII,30,H60–H95,Doenças do ouvido e da apófise mastóide
2024,Estado,Região Centro-Oeste,Mato Grosso do Sul,MS,Cap VIII,4,H60–H95,Doenças do ouvido e da apófise mastóide
2024,Estado,Região Centro-Oeste,Mato Grosso,MT,Cap VIII,13,H60–H95,Doenças do ouvido e da apófise mastóide
2024,Estado,Região Centro-Oeste,Goiás,GO,Cap VIII,11,H60–H95,Doenças do ouvido e da apófise mastóide
2024,Estado,Região Centro-Oeste,Distrito Federal,DF,Cap VIII,2,H60–H95,Doenças do ouvido e da apófise mastóide
2025,Regiao,Região Norte,,,Cap VIII,19,H60–H95,Doenças do ouvido e da apófise mastóide
2025,Estado,Região Norte,Rondônia,RO,Cap VIII,4,H60–H95,Doenças do ouvido e da apófise mastóide
2025,Estado,Região Norte,Acre,AC,Cap VIII,0,H60–H95,Doenças do ouvido e da apófise mastóide
2025,Estado,Região Norte,Amazonas,AM,Cap VIII,5,H60–H95,Doenças do ouvido e da apófise mastóide
2025,Estado,Região Norte,Roraima,RR,Cap VIII,2,H60–H95,Doenças do ouvido e da apófise mastóide
2025,Estado,Região Norte,Pará,PA,Cap VIII,5,H60–H95,Doenças do ouvido e da apófise mastóide
2025,Estado,Região Norte,Amapá,AP,Cap VIII,0,H60–H95,Doenças do ouvido e da apófise mastóide
2025,Estado,Região Norte,Tocantins,TO,Cap VIII,3,H60–H95,Doenças do ouvido e da apófise mastóide
2025,Regiao,Região Nordeste,,,Cap VIII,80,H60–H95,Doenças do ouvido e da apófise mastóide
2025,Estado,Região Nordeste,Maranhão,MA,Cap VIII,5,H60–H95,Doenças do ouvido e da apófise mastóide
2025,Estado,Região Nordeste,Piauí,PI,Cap VIII,4,H60–H95,Doenças do ouvido e da apófise mastóide
2025,Estado,Região Nordeste,Ceará,CE,Cap VIII,18,H60–H95,Doenças do ouvido e da apófise mastóide
2025,Estado,Região Nordeste,Rio Grande do Norte,RN,Cap VIII,4,H60–H95,Doenças do ouvido e da apófise mastóide
2025,Estado,Região Nordeste,Paraíba,PB,Cap VIII,8,H60–H95,Doenças do ouvido e da apófise mastóide
2025,Estado,Região Nordeste,Pernambuco,PE,Cap VIII,16,H60–H95,Doenças do ouvido e da apófise mastóide
2025,Estado,Região Nordeste,Alagoas,AL,Cap VIII,3,H60–H95,Doenças do ouvido e da apófise mastóide
2025,Estado,Região Nordeste,Sergipe,SE,Cap VIII,6,H60–H95,Doenças do ouvido e da apófise mastóide
2025,Estado,Região Nordeste,Bahia,BA,Cap VIII,16,H60–H95,Doenças do ouvido e da apófise mastóide
2025,Regiao,Região Sudeste,,,Cap VIII,154,H60–H95,Doenças do ouvido e da apófise mastóide
2025,Estado,Região Sudeste,Minas Gerais,MG,Cap VIII,34,H60–H95,Doenças do ouvido e da apófise mastóide
2025,Estado,Região Sudeste,Espírito Santo,ES,Cap VIII,10,H60–H95,Doenças do ouvido e da apófise mastóide
2025,Estado,Região Sudeste,Rio de Janeiro,RJ,Cap VIII,35,H60–H95,Doenças do ouvido e da apófise mastóide
2025,Estado,Região Sudeste,São Paulo,SP,Cap VIII,75,H60–H95,Doenças do ouvido e da apófise mastóide
2025,Regiao,Região Sul,,,Cap VIII,41,H60–H95,Doenças do ouvido e da apófise mastóide
2025,Estado,Região Sul,Paraná,PR,Cap VIII,16,H60–H95,Doenças do ouvido e da apófise mastóide
2025,Estado,Região Sul,Santa Catarina,SC,Cap VIII,4,H60–H95,Doenças do ouvido e da apófise mastóide
2025,Estado,Região Sul,Rio Grande do Sul,RS,Cap VIII,21,H60–H95,Doenças do ouvido e da apófise mastóide
2025,Regiao,Região Centro-Oeste,,,Cap VIII,30,H60–H95,Doenças do ouvido e da apófise mastóide
2025,Estado,Região Centro-Oeste,Mato Grosso do Sul,MS,Cap VIII,6,H60–H95,Doenças do ouvido e da apófise mastóide
2025,Estado,Região Centro-Oeste,Mato Grosso,MT,Cap VIII,7,H60–H95,Doenças do ouvido e da apófise mastóide
2025,Estado,Região Centro-Oeste,Goiás,GO,Cap VIII,12,H60–H95,Doenças do ouvido e da apófise mastóide
2025,Estado,Região Centro-Oeste,Distrito Federal,DF,Cap VIII,5,H60–H95,Doenças do ouvido e da apófise mastóide
2026,Regiao,Região Norte,,,Cap VIII,13,H60–H95,Doenças do ouvido e da apófise mastóide
2026,Estado,Região Norte,Rondônia,RO,Cap VIII,3,H60–H95,Doenças do ouvido e da apófise mastóide
2026,Estado,Região Norte,Acre,AC,Cap VIII,1,H60–H95,Doenças do ouvido e da apófise mastóide
2026,Estado,Região Norte,Amazonas,AM,Cap VIII,5,H60–H95,Doenças do ouvido e da apófise mastóide
2026,Estado,Região Norte,Roraima,RR,Cap VIII,1,H60–H95,Doenças do ouvido e da apófise mastóide
2026,Estado,Região Norte,Pará,PA,Cap VIII,3,H60–H95,Doenças do ouvido e da apófise mastóide
2026,Estado,Região Norte,Amapá,AP,Cap VIII,0,H60–H95,Doenças do ouvido e da apófise mastóide
2026,Estado,Região Norte,Tocantins,TO,Cap VIII,0,H60–H95,Doenças do ouvido e da apófise mastóide
2026,Regiao,Região Nordeste,,,Cap VIII,20,H60–H95,Doenças do ouvido e da apófise mastóide
2026,Estado,Região Nordeste,Maranhão,MA,Cap VIII,2,H60–H95,Doenças do ouvido e da apófise mastóide
2026,Estado,Região Nordeste,Piauí,PI,Cap VIII,2,H60–H95,Doenças do ouvido e da apófise mastóide
2026,Estado,Região Nordeste,Ceará,CE,Cap VIII,3,H60–H95,Doenças do ouvido e da apófise mastóide
2026,Estado,Região Nordeste,Rio Grande do Norte,RN,Cap VIII,2,H60–H95,Doenças do ouvido e da apófise mastóide
2026,Estado,Região Nordeste,Paraíba,PB,Cap VIII,1,H60–H95,Doenças do ouvido e da apófise mastóide
2026,Estado,Região Nordeste,Pernambuco,PE,Cap VIII,5,H60–H95,Doenças do ouvido e da apófise mastóide
2026,Estado,Região Nordeste,Alagoas,AL,Cap VIII,0,H60–H95,Doenças do ouvido e da apófise mastóide
2026,Estado,Região Nordeste,Sergipe,SE,Cap VIII,1,H60–H95,Doenças do ouvido e da apófise mastóide
2026,Estado,Região Nordeste,Bahia,BA,Cap VIII,4,H60–H95,Doenças do ouvido e da apófise mastóide
2026,Regiao,Região Sudeste,,,Cap VIII,53,H60–H95,Doenças do ouvido e da apófise mastóide
2026,Estado,Região Sudeste,Minas Gerais,MG,Cap VIII,10,H60–H95,Doenças do ouvido e da apófise mastóide
2026,Estado,Região Sudeste,Espírito Santo,ES,Cap VIII,1,H60–H95,Doenças do ouvido e da apófise mastóide
2026,Estado,Região Sudeste,Rio de Janeiro,RJ,Cap VIII,12,H60–H95,Doenças do ouvido e da apófise mastóide
2026,Estado,Região Sudeste,São Paulo,SP,Cap VIII,30,H60–H95,Doenças do ouvido e da apófise mastóide
2026,Regiao,Região Sul,,,Cap VIII,16,H60–H95,Doenças do ouvido e da apófise mastóide
2026,Estado,Região Sul,Paraná,PR,Cap VIII,8,H60–H95,Doenças do ouvido e da apófise mastóide
2026,Estado,Região Sul,Santa Catarina,SC,Cap VIII,4,H60–H95,Doenças do ouvido e da apófise mastóide
2026,Estado,Região Sul,Rio Grande do Sul,RS,Cap VIII,4,H60–H95,Doenças do ouvido e da apófise mastóide
2026,Regiao,Região Centro-Oeste,,,Cap VIII,6,H60–H95,Doenças do ouvido e da apófise mastóide
2026,Estado,Região Centro-Oeste,Mato Grosso do Sul,MS,Cap VIII,1,H60–H95,Doenças do ouvido e da apófise mastóide
2026,Estado,Região Centro-Oeste,Mato Grosso,MT,Cap VIII,3,H60–H95,Doenças do ouvido e da apófise mastóide
2026,Estado,Região Centro-Oeste,Goiás,GO,Cap VIII,2,H60–H95,Doenças do ouvido e da apófise mastóide
2026,Estado,Região Centro-Oeste,Distrito Federal,DF,Cap VIII,0,H60–H95,Doenças do ouvido e da apófise mastóide
2016,Regiao,Região Norte,,,Cap IX,18263,I00–I99,"Doenças do aparelho circulatório (ex: Infarto, Hipertensão)"
2016,Estado,Região Norte,Rondônia,RO,Cap IX,1986,I00–I99,"Doenças do aparelho circulatório (ex: Infarto, Hipertensão)"
2016,Estado,Região Norte,Acre,AC,Cap IX,834,I00–I99,"Doenças do aparelho circulatório (ex: Infarto, Hipertensão)"
2016,Estado,Região Norte,Amazonas,AM,Cap IX,3147,I00–I99,"Doenças do aparelho circulatório (ex: Infarto, Hipertensão)"
2016,Estado,Região Norte,Roraima,RR,Cap IX,415,I00–I99,"Doenças do aparelho circulatório (ex: Infarto, Hipertensão)"
2016,Estado,Região Norte,Pará,PA,Cap IX,9024,I00–I99,"Doenças do aparelho circulatório (ex: Infarto, Hipertensão)"
2016,Estado,Região Norte,Amapá,AP,Cap IX,585,I00–I99,"Doenças do aparelho circulatório (ex: Infarto, Hipertensão)"
2016,Estado,Região Norte,Tocantins,TO,Cap IX,2272,I00–I99,"Doenças do aparelho circulatório (ex: Infarto, Hipertensão)"
2016,Regiao,Região Nordeste,,,Cap IX,93833,I00–I99,"Doenças do aparelho circulatório (ex: Infarto, Hipertensão)"
2016,Estado,Região Nordeste,Maranhão,MA,Cap IX,10622,I00–I99,"Doenças do aparelho circulatório (ex: Infarto, Hipertensão)"
2016,Estado,Região Nordeste,Piauí,PI,Cap IX,6200,I00–I99,"Doenças do aparelho circulatório (ex: Infarto, Hipertensão)"
2016,Estado,Região Nordeste,Ceará,CE,Cap IX,14418,I00–I99,"Doenças do aparelho circulatório (ex: Infarto, Hipertensão)"
2016,Estado,Região Nordeste,Rio Grande do Norte,RN,Cap IX,5849,I00–I99,"Doenças do aparelho circulatório (ex: Infarto, Hipertensão)"
2016,Estado,Região Nordeste,Paraíba,PB,Cap IX,8208,I00–I99,"Doenças do aparelho circulatório (ex: Infarto, Hipertensão)"
2016,Estado,Região Nordeste,Pernambuco,PE,Cap IX,18765,I00–I99,"Doenças do aparelho circulatório (ex: Infarto, Hipertensão)"
2016,Estado,Região Nordeste,Alagoas,AL,Cap IX,6174,I00–I99,"Doenças do aparelho circulatório (ex: Infarto, Hipertensão)"
2016,Estado,Região Nordeste,Sergipe,SE,Cap IX,3198,I00–I99,"Doenças do aparelho circulatório (ex: Infarto, Hipertensão)"
2016,Estado,Região Nordeste,Bahia,BA,Cap IX,20399,I00–I99,"Doenças do aparelho circulatório (ex: Infarto, Hipertensão)"
2016,Regiao,Região Sudeste,,,Cap IX,171186,I00–I99,"Doenças do aparelho circulatório (ex: Infarto, Hipertensão)"
2016,Estado,Região Sudeste,Minas Gerais,MG,Cap IX,34478,I00–I99,"Doenças do aparelho circulatório (ex: Infarto, Hipertensão)"
2016,Estado,Região Sudeste,Espírito Santo,ES,Cap IX,6654,I00–I99,"Doenças do aparelho circulatório (ex: Infarto, Hipertensão)"
2016,Estado,Região Sudeste,Rio de Janeiro,RJ,Cap IX,41244,I00–I99,"Doenças do aparelho circulatório (ex: Infarto, Hipertensão)"
2016,Estado,Região Sudeste,São Paulo,SP,Cap IX,88810,I00–I99,"Doenças do aparelho circulatório (ex: Infarto, Hipertensão)"
2016,Regiao,Região Sul,,,Cap IX,56951,I00–I99,"Doenças do aparelho circulatório (ex: Infarto, Hipertensão)"
2016,Estado,Região Sul,Paraná,PR,Cap IX,21340,I00–I99,"Doenças do aparelho circulatório (ex: Infarto, Hipertensão)"
2016,Estado,Região Sul,Santa Catarina,SC,Cap IX,11581,I00–I99,"Doenças do aparelho circulatório (ex: Infarto, Hipertensão)"
2016,Estado,Região Sul,Rio Grande do Sul,RS,Cap IX,24030,I00–I99,"Doenças do aparelho circulatório (ex: Infarto, Hipertensão)"
2016,Regiao,Região Centro-Oeste,,,Cap IX,21858,I00–I99,"Doenças do aparelho circulatório (ex: Infarto, Hipertensão)"
2016,Estado,Região Centro-Oeste,Mato Grosso do Sul,MS,Cap IX,4960,I00–I99,"Doenças do aparelho circulatório (ex: Infarto, Hipertensão)"
2016,Estado,Região Centro-Oeste,Mato Grosso,MT,Cap IX,4211,I00–I99,"Doenças do aparelho circulatório (ex: Infarto, Hipertensão)"
2016,Estado,Região Centro-Oeste,Goiás,GO,Cap IX,9631,I00–I99,"Doenças do aparelho circulatório (ex: Infarto, Hipertensão)"
2016,Estado,Região Centro-Oeste,Distrito Federal,DF,Cap IX,3056,I00–I99,"Doenças do aparelho circulatório (ex: Infarto, Hipertensão)"
2017,Regiao,Região Norte,,,Cap IX,18976,I00–I99,"Doenças do aparelho circulatório (ex: Infarto, Hipertensão)"
2017,Estado,Região Norte,Rondônia,RO,Cap IX,1992,I00–I99,"Doenças do aparelho circulatório (ex: Infarto, Hipertensão)"
2017,Estado,Região Norte,Acre,AC,Cap IX,856,I00–I99,"Doenças do aparelho circulatório (ex: Infarto, Hipertensão)"
2017,Estado,Região Norte,Amazonas,AM,Cap IX,3136,I00–I99,"Doenças do aparelho circulatório (ex: Infarto, Hipertensão)"
2017,Estado,Região Norte,Roraima,RR,Cap IX,525,I00–I99,"Doenças do aparelho circulatório (ex: Infarto, Hipertensão)"
2017,Estado,Região Norte,Pará,PA,Cap IX,9366,I00–I99,"Doenças do aparelho circulatório (ex: Infarto, Hipertensão)"
2017,Estado,Região Norte,Amapá,AP,Cap IX,620,I00–I99,"Doenças do aparelho circulatório (ex: Infarto, Hipertensão)"
2017,Estado,Região Norte,Tocantins,TO,Cap IX,2481,I00–I99,"Doenças do aparelho circulatório (ex: Infarto, Hipertensão)"
2017,Regiao,Região Nordeste,,,Cap IX,95582,I00–I99,"Doenças do aparelho circulatório (ex: Infarto, Hipertensão)"
2017,Estado,Região Nordeste,Maranhão,MA,Cap IX,10876,I00–I99,"Doenças do aparelho circulatório (ex: Infarto, Hipertensão)"
2017,Estado,Região Nordeste,Piauí,PI,Cap IX,6443,I00–I99,"Doenças do aparelho circulatório (ex: Infarto, Hipertensão)"
2017,Estado,Região Nordeste,Ceará,CE,Cap IX,15568,I00–I99,"Doenças do aparelho circulatório (ex: Infarto, Hipertensão)"
2017,Estado,Região Nordeste,Rio Grande do Norte,RN,Cap IX,5534,I00–I99,"Doenças do aparelho circulatório (ex: Infarto, Hipertensão)"
2017,Estado,Região Nordeste,Paraíba,PB,Cap IX,7865,I00–I99,"Doenças do aparelho circulatório (ex: Infarto, Hipertensão)"
2017,Estado,Região Nordeste,Pernambuco,PE,Cap IX,18110,I00–I99,"Doenças do aparelho circulatório (ex: Infarto, Hipertensão)"
2017,Estado,Região Nordeste,Alagoas,AL,Cap IX,6236,I00–I99,"Doenças do aparelho circulatório (ex: Infarto, Hipertensão)"
2017,Estado,Região Nordeste,Sergipe,SE,Cap IX,3130,I00–I99,"Doenças do aparelho circulatório (ex: Infarto, Hipertensão)"
2017,Estado,Região Nordeste,Bahia,BA,Cap IX,21820,I00–I99,"Doenças do aparelho circulatório (ex: Infarto, Hipertensão)"
2017,Regiao,Região Sudeste,,,Cap IX,167849,I00–I99,"Doenças do aparelho circulatório (ex: Infarto, Hipertensão)"
2017,Estado,Região Sudeste,Minas Gerais,MG,Cap IX,35055,I00–I99,"Doenças do aparelho circulatório (ex: Infarto, Hipertensão)"
2017,Estado,Região Sudeste,Espírito Santo,ES,Cap IX,6942,I00–I99,"Doenças do aparelho circulatório (ex: Infarto, Hipertensão)"
2017,Estado,Região Sudeste,Rio de Janeiro,RJ,Cap IX,38127,I00–I99,"Doenças do aparelho circulatório (ex: Infarto, Hipertensão)"
2017,Estado,Região Sudeste,São Paulo,SP,Cap IX,87725,I00–I99,"Doenças do aparelho circulatório (ex: Infarto, Hipertensão)"
2017,Regiao,Região Sul,,,Cap IX,53773,I00–I99,"Doenças do aparelho circulatório (ex: Infarto, Hipertensão)"
2017,Estado,Região Sul,Paraná,PR,Cap IX,20271,I00–I99,"Doenças do aparelho circulatório (ex: Infarto, Hipertensão)"
2017,Estado,Região Sul,Santa Catarina,SC,Cap IX,10930,I00–I99,"Doenças do aparelho circulatório (ex: Infarto, Hipertensão)"
2017,Estado,Região Sul,Rio Grande do Sul,RS,Cap IX,22572,I00–I99,"Doenças do aparelho circulatório (ex: Infarto, Hipertensão)"
2017,Regiao,Região Centro-Oeste,,,Cap IX,22702,I00–I99,"Doenças do aparelho circulatório (ex: Infarto, Hipertensão)"
2017,Estado,Região Centro-Oeste,Mato Grosso do Sul,MS,Cap IX,4564,I00–I99,"Doenças do aparelho circulatório (ex: Infarto, Hipertensão)"
2017,Estado,Região Centro-Oeste,Mato Grosso,MT,Cap IX,4307,I00–I99,"Doenças do aparelho circulatório (ex: Infarto, Hipertensão)"
2017,Estado,Região Centro-Oeste,Goiás,GO,Cap IX,10484,I00–I99,"Doenças do aparelho circulatório (ex: Infarto, Hipertensão)"
2017,Estado,Região Centro-Oeste,Distrito Federal,DF,Cap IX,3347,I00–I99,"Doenças do aparelho circulatório (ex: Infarto, Hipertensão)"
2018,Regiao,Região Norte,,,Cap IX,19232,I00–I99,"Doenças do aparelho circulatório (ex: Infarto, Hipertensão)"
2018,Estado,Região Norte,Rondônia,RO,Cap IX,2090,I00–I99,"Doenças do aparelho circulatório (ex: Infarto, Hipertensão)"
2018,Estado,Região Norte,Acre,AC,Cap IX,910,I00–I99,"Doenças do aparelho circulatório (ex: Infarto, Hipertensão)"
2018,Estado,Região Norte,Amazonas,AM,Cap IX,3201,I00–I99,"Doenças do aparelho circulatório (ex: Infarto, Hipertensão)"
2018,Estado,Região Norte,Roraima,RR,Cap IX,585,I00–I99,"Doenças do aparelho circulatório (ex: Infarto, Hipertensão)"
2018,Estado,Região Norte,Pará,PA,Cap IX,9508,I00–I99,"Doenças do aparelho circulatório (ex: Infarto, Hipertensão)"
2018,Estado,Região Norte,Amapá,AP,Cap IX,690,I00–I99,"Doenças do aparelho circulatório (ex: Infarto, Hipertensão)"
2018,Estado,Região Norte,Tocantins,TO,Cap IX,2248,I00–I99,"Doenças do aparelho circulatório (ex: Infarto, Hipertensão)"
2018,Regiao,Região Nordeste,,,Cap IX,93731,I00–I99,"Doenças do aparelho circulatório (ex: Infarto, Hipertensão)"
2018,Estado,Região Nordeste,Maranhão,MA,Cap IX,10360,I00–I99,"Doenças do aparelho circulatório (ex: Infarto, Hipertensão)"
2018,Estado,Região Nordeste,Piauí,PI,Cap IX,6306,I00–I99,"Doenças do aparelho circulatório (ex: Infarto, Hipertensão)"
2018,Estado,Região Nordeste,Ceará,CE,Cap IX,15446,I00–I99,"Doenças do aparelho circulatório (ex: Infarto, Hipertensão)"
2018,Estado,Região Nordeste,Rio Grande do Norte,RN,Cap IX,5608,I00–I99,"Doenças do aparelho circulatório (ex: Infarto, Hipertensão)"
2018,Estado,Região Nordeste,Paraíba,PB,Cap IX,7635,I00–I99,"Doenças do aparelho circulatório (ex: Infarto, Hipertensão)"
2018,Estado,Região Nordeste,Pernambuco,PE,Cap IX,17211,I00–I99,"Doenças do aparelho circulatório (ex: Infarto, Hipertensão)"
2018,Estado,Região Nordeste,Alagoas,AL,Cap IX,5925,I00–I99,"Doenças do aparelho circulatório (ex: Infarto, Hipertensão)"
2018,Estado,Região Nordeste,Sergipe,SE,Cap IX,3068,I00–I99,"Doenças do aparelho circulatório (ex: Infarto, Hipertensão)"
2018,Estado,Região Nordeste,Bahia,BA,Cap IX,22172,I00–I99,"Doenças do aparelho circulatório (ex: Infarto, Hipertensão)"
2018,Regiao,Região Sudeste,,,Cap IX,167213,I00–I99,"Doenças do aparelho circulatório (ex: Infarto, Hipertensão)"
2018,Estado,Região Sudeste,Minas Gerais,MG,Cap IX,34538,I00–I99,"Doenças do aparelho circulatório (ex: Infarto, Hipertensão)"
2018,Estado,Região Sudeste,Espírito Santo,ES,Cap IX,6845,I00–I99,"Doenças do aparelho circulatório (ex: Infarto, Hipertensão)"
2018,Estado,Região Sudeste,Rio de Janeiro,RJ,Cap IX,38117,I00–I99,"Doenças do aparelho circulatório (ex: Infarto, Hipertensão)"
2018,Estado,Região Sudeste,São Paulo,SP,Cap IX,87713,I00–I99,"Doenças do aparelho circulatório (ex: Infarto, Hipertensão)"
2018,Regiao,Região Sul,,,Cap IX,54604,I00–I99,"Doenças do aparelho circulatório (ex: Infarto, Hipertensão)"
2018,Estado,Região Sul,Paraná,PR,Cap IX,20351,I00–I99,"Doenças do aparelho circulatório (ex: Infarto, Hipertensão)"
2018,Estado,Região Sul,Santa Catarina,SC,Cap IX,11251,I00–I99,"Doenças do aparelho circulatório (ex: Infarto, Hipertensão)"
2018,Estado,Região Sul,Rio Grande do Sul,RS,Cap IX,23002,I00–I99,"Doenças do aparelho circulatório (ex: Infarto, Hipertensão)"
2018,Regiao,Região Centro-Oeste,,,Cap IX,22990,I00–I99,"Doenças do aparelho circulatório (ex: Infarto, Hipertensão)"
2018,Estado,Região Centro-Oeste,Mato Grosso do Sul,MS,Cap IX,4968,I00–I99,"Doenças do aparelho circulatório (ex: Infarto, Hipertensão)"
2018,Estado,Região Centro-Oeste,Mato Grosso,MT,Cap IX,4478,I00–I99,"Doenças do aparelho circulatório (ex: Infarto, Hipertensão)"
2018,Estado,Região Centro-Oeste,Goiás,GO,Cap IX,10465,I00–I99,"Doenças do aparelho circulatório (ex: Infarto, Hipertensão)"
2018,Estado,Região Centro-Oeste,Distrito Federal,DF,Cap IX,3079,I00–I99,"Doenças do aparelho circulatório (ex: Infarto, Hipertensão)"
2019,Regiao,Região Norte,,,Cap IX,19603,I00–I99,"Doenças do aparelho circulatório (ex: Infarto, Hipertensão)"
2019,Estado,Região Norte,Rondônia,RO,Cap IX,1999,I00–I99,"Doenças do aparelho circulatório (ex: Infarto, Hipertensão)"
2019,Estado,Região Norte,Acre,AC,Cap IX,926,I00–I99,"Doenças do aparelho circulatório (ex: Infarto, Hipertensão)"
2019,Estado,Região Norte,Amazonas,AM,Cap IX,3386,I00–I99,"Doenças do aparelho circulatório (ex: Infarto, Hipertensão)"
2019,Estado,Região Norte,Roraima,RR,Cap IX,610,I00–I99,"Doenças do aparelho circulatório (ex: Infarto, Hipertensão)"
2019,Estado,Região Norte,Pará,PA,Cap IX,9644,I00–I99,"Doenças do aparelho circulatório (ex: Infarto, Hipertensão)"
2019,Estado,Região Norte,Amapá,AP,Cap IX,711,I00–I99,"Doenças do aparelho circulatório (ex: Infarto, Hipertensão)"
2019,Estado,Região Norte,Tocantins,TO,Cap IX,2327,I00–I99,"Doenças do aparelho circulatório (ex: Infarto, Hipertensão)"
2019,Regiao,Região Nordeste,,,Cap IX,96244,I00–I99,"Doenças do aparelho circulatório (ex: Infarto, Hipertensão)"
2019,Estado,Região Nordeste,Maranhão,MA,Cap IX,10726,I00–I99,"Doenças do aparelho circulatório (ex: Infarto, Hipertensão)"
2019,Estado,Região Nordeste,Piauí,PI,Cap IX,6415,I00–I99,"Doenças do aparelho circulatório (ex: Infarto, Hipertensão)"
2019,Estado,Região Nordeste,Ceará,CE,Cap IX,15490,I00–I99,"Doenças do aparelho circulatório (ex: Infarto, Hipertensão)"
2019,Estado,Região Nordeste,Rio Grande do Norte,RN,Cap IX,6132,I00–I99,"Doenças do aparelho circulatório (ex: Infarto, Hipertensão)"
2019,Estado,Região Nordeste,Paraíba,PB,Cap IX,7743,I00–I99,"Doenças do aparelho circulatório (ex: Infarto, Hipertensão)"
2019,Estado,Região Nordeste,Pernambuco,PE,Cap IX,17876,I00–I99,"Doenças do aparelho circulatório (ex: Infarto, Hipertensão)"
2019,Estado,Região Nordeste,Alagoas,AL,Cap IX,6287,I00–I99,"Doenças do aparelho circulatório (ex: Infarto, Hipertensão)"
2019,Estado,Região Nordeste,Sergipe,SE,Cap IX,3135,I00–I99,"Doenças do aparelho circulatório (ex: Infarto, Hipertensão)"
2019,Estado,Região Nordeste,Bahia,BA,Cap IX,22440,I00–I99,"Doenças do aparelho circulatório (ex: Infarto, Hipertensão)"
2019,Regiao,Região Sudeste,,,Cap IX,170916,I00–I99,"Doenças do aparelho circulatório (ex: Infarto, Hipertensão)"
2019,Estado,Região Sudeste,Minas Gerais,MG,Cap IX,35493,I00–I99,"Doenças do aparelho circulatório (ex: Infarto, Hipertensão)"
2019,Estado,Região Sudeste,Espírito Santo,ES,Cap IX,7046,I00–I99,"Doenças do aparelho circulatório (ex: Infarto, Hipertensão)"
2019,Estado,Região Sudeste,Rio de Janeiro,RJ,Cap IX,38939,I00–I99,"Doenças do aparelho circulatório (ex: Infarto, Hipertensão)"
2019,Estado,Região Sudeste,São Paulo,SP,Cap IX,89438,I00–I99,"Doenças do aparelho circulatório (ex: Infarto, Hipertensão)"
2019,Regiao,Região Sul,,,Cap IX,54161,I00–I99,"Doenças do aparelho circulatório (ex: Infarto, Hipertensão)"
2019,Estado,Região Sul,Paraná,PR,Cap IX,20294,I00–I99,"Doenças do aparelho circulatório (ex: Infarto, Hipertensão)"
2019,Estado,Região Sul,Santa Catarina,SC,Cap IX,11468,I00–I99,"Doenças do aparelho circulatório (ex: Infarto, Hipertensão)"
2019,Estado,Região Sul,Rio Grande do Sul,RS,Cap IX,22399,I00–I99,"Doenças do aparelho circulatório (ex: Infarto, Hipertensão)"
2019,Regiao,Região Centro-Oeste,,,Cap IX,23208,I00–I99,"Doenças do aparelho circulatório (ex: Infarto, Hipertensão)"
2019,Estado,Região Centro-Oeste,Mato Grosso do Sul,MS,Cap IX,4894,I00–I99,"Doenças do aparelho circulatório (ex: Infarto, Hipertensão)"
2019,Estado,Região Centro-Oeste,Mato Grosso,MT,Cap IX,4430,I00–I99,"Doenças do aparelho circulatório (ex: Infarto, Hipertensão)"
2019,Estado,Região Centro-Oeste,Goiás,GO,Cap IX,10752,I00–I99,"Doenças do aparelho circulatório (ex: Infarto, Hipertensão)"
2019,Estado,Região Centro-Oeste,Distrito Federal,DF,Cap IX,3132,I00–I99,"Doenças do aparelho circulatório (ex: Infarto, Hipertensão)"
2020,Regiao,Região Norte,,,Cap IX,20353,I00–I99,"Doenças do aparelho circulatório (ex: Infarto, Hipertensão)"
2020,Estado,Região Norte,Rondônia,RO,Cap IX,2046,I00–I99,"Doenças do aparelho circulatório (ex: Infarto, Hipertensão)"
2020,Estado,Região Norte,Acre,AC,Cap IX,771,I00–I99,"Doenças do aparelho circulatório (ex: Infarto, Hipertensão)"
2020,Estado,Região Norte,Amazonas,AM,Cap IX,3565,I00–I99,"Doenças do aparelho circulatório (ex: Infarto, Hipertensão)"
2020,Estado,Região Norte,Roraima,RR,Cap IX,601,I00–I99,"Doenças do aparelho circulatório (ex: Infarto, Hipertensão)"
2020,Estado,Região Norte,Pará,PA,Cap IX,10206,I00–I99,"Doenças do aparelho circulatório (ex: Infarto, Hipertensão)"
2020,Estado,Região Norte,Amapá,AP,Cap IX,765,I00–I99,"Doenças do aparelho circulatório (ex: Infarto, Hipertensão)"
2020,Estado,Região Norte,Tocantins,TO,Cap IX,2399,I00–I99,"Doenças do aparelho circulatório (ex: Infarto, Hipertensão)"
2020,Regiao,Região Nordeste,,,Cap IX,96649,I00–I99,"Doenças do aparelho circulatório (ex: Infarto, Hipertensão)"
2020,Estado,Região Nordeste,Maranhão,MA,Cap IX,11318,I00–I99,"Doenças do aparelho circulatório (ex: Infarto, Hipertensão)"
2020,Estado,Região Nordeste,Piauí,PI,Cap IX,6728,I00–I99,"Doenças do aparelho circulatório (ex: Infarto, Hipertensão)"
2020,Estado,Região Nordeste,Ceará,CE,Cap IX,14955,I00–I99,"Doenças do aparelho circulatório (ex: Infarto, Hipertensão)"
2020,Estado,Região Nordeste,Rio Grande do Norte,RN,Cap IX,6037,I00–I99,"Doenças do aparelho circulatório (ex: Infarto, Hipertensão)"
2020,Estado,Região Nordeste,Paraíba,PB,Cap IX,7606,I00–I99,"Doenças do aparelho circulatório (ex: Infarto, Hipertensão)"
2020,Estado,Região Nordeste,Pernambuco,PE,Cap IX,16705,I00–I99,"Doenças do aparelho circulatório (ex: Infarto, Hipertensão)"
2020,Estado,Região Nordeste,Alagoas,AL,Cap IX,6041,I00–I99,"Doenças do aparelho circulatório (ex: Infarto, Hipertensão)"
2020,Estado,Região Nordeste,Sergipe,SE,Cap IX,3156,I00–I99,"Doenças do aparelho circulatório (ex: Infarto, Hipertensão)"
2020,Estado,Região Nordeste,Bahia,BA,Cap IX,24103,I00–I99,"Doenças do aparelho circulatório (ex: Infarto, Hipertensão)"
2020,Regiao,Região Sudeste,,,Cap IX,164015,I00–I99,"Doenças do aparelho circulatório (ex: Infarto, Hipertensão)"
2020,Estado,Região Sudeste,Minas Gerais,MG,Cap IX,35595,I00–I99,"Doenças do aparelho circulatório (ex: Infarto, Hipertensão)"
2020,Estado,Região Sudeste,Espírito Santo,ES,Cap IX,6880,I00–I99,"Doenças do aparelho circulatório (ex: Infarto, Hipertensão)"
2020,Estado,Região Sudeste,Rio de Janeiro,RJ,Cap IX,37073,I00–I99,"Doenças do aparelho circulatório (ex: Infarto, Hipertensão)"
2020,Estado,Região Sudeste,São Paulo,SP,Cap IX,84467,I00–I99,"Doenças do aparelho circulatório (ex: Infarto, Hipertensão)"
2020,Regiao,Região Sul,,,Cap IX,52739,I00–I99,"Doenças do aparelho circulatório (ex: Infarto, Hipertensão)"
2020,Estado,Região Sul,Paraná,PR,Cap IX,20224,I00–I99,"Doenças do aparelho circulatório (ex: Infarto, Hipertensão)"
2020,Estado,Região Sul,Santa Catarina,SC,Cap IX,11447,I00–I99,"Doenças do aparelho circulatório (ex: Infarto, Hipertensão)"
2020,Estado,Região Sul,Rio Grande do Sul,RS,Cap IX,21068,I00–I99,"Doenças do aparelho circulatório (ex: Infarto, Hipertensão)"
2020,Regiao,Região Centro-Oeste,,,Cap IX,23985,I00–I99,"Doenças do aparelho circulatório (ex: Infarto, Hipertensão)"
2020,Estado,Região Centro-Oeste,Mato Grosso do Sul,MS,Cap IX,5157,I00–I99,"Doenças do aparelho circulatório (ex: Infarto, Hipertensão)"
2020,Estado,Região Centro-Oeste,Mato Grosso,MT,Cap IX,4570,I00–I99,"Doenças do aparelho circulatório (ex: Infarto, Hipertensão)"
2020,Estado,Região Centro-Oeste,Goiás,GO,Cap IX,11010,I00–I99,"Doenças do aparelho circulatório (ex: Infarto, Hipertensão)"
2020,Estado,Região Centro-Oeste,Distrito Federal,DF,Cap IX,3248,I00–I99,"Doenças do aparelho circulatório (ex: Infarto, Hipertensão)"
2021,Regiao,Região Norte,,,Cap IX,21279,I00–I99,"Doenças do aparelho circulatório (ex: Infarto, Hipertensão)"
2021,Estado,Região Norte,Rondônia,RO,Cap IX,2237,I00–I99,"Doenças do aparelho circulatório (ex: Infarto, Hipertensão)"
2021,Estado,Região Norte,Acre,AC,Cap IX,861,I00–I99,"Doenças do aparelho circulatório (ex: Infarto, Hipertensão)"
2021,Estado,Região Norte,Amazonas,AM,Cap IX,4009,I00–I99,"Doenças do aparelho circulatório (ex: Infarto, Hipertensão)"
2021,Estado,Região Norte,Roraima,RR,Cap IX,638,I00–I99,"Doenças do aparelho circulatório (ex: Infarto, Hipertensão)"
2021,Estado,Região Norte,Pará,PA,Cap IX,10267,I00–I99,"Doenças do aparelho circulatório (ex: Infarto, Hipertensão)"
2021,Estado,Região Norte,Amapá,AP,Cap IX,725,I00–I99,"Doenças do aparelho circulatório (ex: Infarto, Hipertensão)"
2021,Estado,Região Norte,Tocantins,TO,Cap IX,2542,I00–I99,"Doenças do aparelho circulatório (ex: Infarto, Hipertensão)"
2021,Regiao,Região Nordeste,,,Cap IX,99733,I00–I99,"Doenças do aparelho circulatório (ex: Infarto, Hipertensão)"
2021,Estado,Região Nordeste,Maranhão,MA,Cap IX,11151,I00–I99,"Doenças do aparelho circulatório (ex: Infarto, Hipertensão)"
2021,Estado,Região Nordeste,Piauí,PI,Cap IX,6887,I00–I99,"Doenças do aparelho circulatório (ex: Infarto, Hipertensão)"
2021,Estado,Região Nordeste,Ceará,CE,Cap IX,15941,I00–I99,"Doenças do aparelho circulatório (ex: Infarto, Hipertensão)"
2021,Estado,Região Nordeste,Rio Grande do Norte,RN,Cap IX,6139,I00–I99,"Doenças do aparelho circulatório (ex: Infarto, Hipertensão)"
2021,Estado,Região Nordeste,Paraíba,PB,Cap IX,8057,I00–I99,"Doenças do aparelho circulatório (ex: Infarto, Hipertensão)"
2021,Estado,Região Nordeste,Pernambuco,PE,Cap IX,17214,I00–I99,"Doenças do aparelho circulatório (ex: Infarto, Hipertensão)"
2021,Estado,Região Nordeste,Alagoas,AL,Cap IX,6177,I00–I99,"Doenças do aparelho circulatório (ex: Infarto, Hipertensão)"
2021,Estado,Região Nordeste,Sergipe,SE,Cap IX,3345,I00–I99,"Doenças do aparelho circulatório (ex: Infarto, Hipertensão)"
2021,Estado,Região Nordeste,Bahia,BA,Cap IX,24822,I00–I99,"Doenças do aparelho circulatório (ex: Infarto, Hipertensão)"
2021,Regiao,Região Sudeste,,,Cap IX,177183,I00–I99,"Doenças do aparelho circulatório (ex: Infarto, Hipertensão)"
2021,Estado,Região Sudeste,Minas Gerais,MG,Cap IX,37799,I00–I99,"Doenças do aparelho circulatório (ex: Infarto, Hipertensão)"
2021,Estado,Região Sudeste,Espírito Santo,ES,Cap IX,7146,I00–I99,"Doenças do aparelho circulatório (ex: Infarto, Hipertensão)"
2021,Estado,Região Sudeste,Rio de Janeiro,RJ,Cap IX,39123,I00–I99,"Doenças do aparelho circulatório (ex: Infarto, Hipertensão)"
2021,Estado,Região Sudeste,São Paulo,SP,Cap IX,93115,I00–I99,"Doenças do aparelho circulatório (ex: Infarto, Hipertensão)"
2021,Regiao,Região Sul,,,Cap IX,58508,I00–I99,"Doenças do aparelho circulatório (ex: Infarto, Hipertensão)"
2021,Estado,Região Sul,Paraná,PR,Cap IX,22279,I00–I99,"Doenças do aparelho circulatório (ex: Infarto, Hipertensão)"
2021,Estado,Região Sul,Santa Catarina,SC,Cap IX,12882,I00–I99,"Doenças do aparelho circulatório (ex: Infarto, Hipertensão)"
2021,Estado,Região Sul,Rio Grande do Sul,RS,Cap IX,23347,I00–I99,"Doenças do aparelho circulatório (ex: Infarto, Hipertensão)"
2021,Regiao,Região Centro-Oeste,,,Cap IX,25804,I00–I99,"Doenças do aparelho circulatório (ex: Infarto, Hipertensão)"
2021,Estado,Região Centro-Oeste,Mato Grosso do Sul,MS,Cap IX,5526,I00–I99,"Doenças do aparelho circulatório (ex: Infarto, Hipertensão)"
2021,Estado,Região Centro-Oeste,Mato Grosso,MT,Cap IX,4797,I00–I99,"Doenças do aparelho circulatório (ex: Infarto, Hipertensão)"
2021,Estado,Região Centro-Oeste,Goiás,GO,Cap IX,12192,I00–I99,"Doenças do aparelho circulatório (ex: Infarto, Hipertensão)"
2021,Estado,Região Centro-Oeste,Distrito Federal,DF,Cap IX,3289,I00–I99,"Doenças do aparelho circulatório (ex: Infarto, Hipertensão)"
2022,Regiao,Região Norte,,,Cap IX,22020,I00–I99,"Doenças do aparelho circulatório (ex: Infarto, Hipertensão)"
2022,Estado,Região Norte,Rondônia,RO,Cap IX,2286,I00–I99,"Doenças do aparelho circulatório (ex: Infarto, Hipertensão)"
2022,Estado,Região Norte,Acre,AC,Cap IX,910,I00–I99,"Doenças do aparelho circulatório (ex: Infarto, Hipertensão)"
2022,Estado,Região Norte,Amazonas,AM,Cap IX,4016,I00–I99,"Doenças do aparelho circulatório (ex: Infarto, Hipertensão)"
2022,Estado,Região Norte,Roraima,RR,Cap IX,675,I00–I99,"Doenças do aparelho circulatório (ex: Infarto, Hipertensão)"
2022,Estado,Região Norte,Pará,PA,Cap IX,10704,I00–I99,"Doenças do aparelho circulatório (ex: Infarto, Hipertensão)"
2022,Estado,Região Norte,Amapá,AP,Cap IX,826,I00–I99,"Doenças do aparelho circulatório (ex: Infarto, Hipertensão)"
2022,Estado,Região Norte,Tocantins,TO,Cap IX,2603,I00–I99,"Doenças do aparelho circulatório (ex: Infarto, Hipertensão)"
2022,Regiao,Região Nordeste,,,Cap IX,104694,I00–I99,"Doenças do aparelho circulatório (ex: Infarto, Hipertensão)"
2022,Estado,Região Nordeste,Maranhão,MA,Cap IX,11750,I00–I99,"Doenças do aparelho circulatório (ex: Infarto, Hipertensão)"
2022,Estado,Região Nordeste,Piauí,PI,Cap IX,7287,I00–I99,"Doenças do aparelho circulatório (ex: Infarto, Hipertensão)"
2022,Estado,Região Nordeste,Ceará,CE,Cap IX,16426,I00–I99,"Doenças do aparelho circulatório (ex: Infarto, Hipertensão)"
2022,Estado,Região Nordeste,Rio Grande do Norte,RN,Cap IX,6673,I00–I99,"Doenças do aparelho circulatório (ex: Infarto, Hipertensão)"
2022,Estado,Região Nordeste,Paraíba,PB,Cap IX,8623,I00–I99,"Doenças do aparelho circulatório (ex: Infarto, Hipertensão)"
2022,Estado,Região Nordeste,Pernambuco,PE,Cap IX,17215,I00–I99,"Doenças do aparelho circulatório (ex: Infarto, Hipertensão)"
2022,Estado,Região Nordeste,Alagoas,AL,Cap IX,6731,I00–I99,"Doenças do aparelho circulatório (ex: Infarto, Hipertensão)"
2022,Estado,Região Nordeste,Sergipe,SE,Cap IX,3463,I00–I99,"Doenças do aparelho circulatório (ex: Infarto, Hipertensão)"
2022,Estado,Região Nordeste,Bahia,BA,Cap IX,26526,I00–I99,"Doenças do aparelho circulatório (ex: Infarto, Hipertensão)"
2022,Regiao,Região Sudeste,,,Cap IX,184600,I00–I99,"Doenças do aparelho circulatório (ex: Infarto, Hipertensão)"
2022,Estado,Região Sudeste,Minas Gerais,MG,Cap IX,39147,I00–I99,"Doenças do aparelho circulatório (ex: Infarto, Hipertensão)"
2022,Estado,Região Sudeste,Espírito Santo,ES,Cap IX,7552,I00–I99,"Doenças do aparelho circulatório (ex: Infarto, Hipertensão)"
2022,Estado,Região Sudeste,Rio de Janeiro,RJ,Cap IX,38509,I00–I99,"Doenças do aparelho circulatório (ex: Infarto, Hipertensão)"
2022,Estado,Região Sudeste,São Paulo,SP,Cap IX,99392,I00–I99,"Doenças do aparelho circulatório (ex: Infarto, Hipertensão)"
2022,Regiao,Região Sul,,,Cap IX,62490,I00–I99,"Doenças do aparelho circulatório (ex: Infarto, Hipertensão)"
2022,Estado,Região Sul,Paraná,PR,Cap IX,23502,I00–I99,"Doenças do aparelho circulatório (ex: Infarto, Hipertensão)"
2022,Estado,Região Sul,Santa Catarina,SC,Cap IX,13523,I00–I99,"Doenças do aparelho circulatório (ex: Infarto, Hipertensão)"
2022,Estado,Região Sul,Rio Grande do Sul,RS,Cap IX,25465,I00–I99,"Doenças do aparelho circulatório (ex: Infarto, Hipertensão)"
2022,Regiao,Região Centro-Oeste,,,Cap IX,26350,I00–I99,"Doenças do aparelho circulatório (ex: Infarto, Hipertensão)"
2022,Estado,Região Centro-Oeste,Mato Grosso do Sul,MS,Cap IX,5656,I00–I99,"Doenças do aparelho circulatório (ex: Infarto, Hipertensão)"
2022,Estado,Região Centro-Oeste,Mato Grosso,MT,Cap IX,5048,I00–I99,"Doenças do aparelho circulatório (ex: Infarto, Hipertensão)"
2022,Estado,Região Centro-Oeste,Goiás,GO,Cap IX,12325,I00–I99,"Doenças do aparelho circulatório (ex: Infarto, Hipertensão)"
2022,Estado,Região Centro-Oeste,Distrito Federal,DF,Cap IX,3321,I00–I99,"Doenças do aparelho circulatório (ex: Infarto, Hipertensão)"
2023,Regiao,Região Norte,,,Cap IX,22560,I00–I99,"Doenças do aparelho circulatório (ex: Infarto, Hipertensão)"
2023,Estado,Região Norte,Rondônia,RO,Cap IX,2386,I00–I99,"Doenças do aparelho circulatório (ex: Infarto, Hipertensão)"
2023,Estado,Região Norte,Acre,AC,Cap IX,948,I00–I99,"Doenças do aparelho circulatório (ex: Infarto, Hipertensão)"
2023,Estado,Região Norte,Amazonas,AM,Cap IX,4331,I00–I99,"Doenças do aparelho circulatório (ex: Infarto, Hipertensão)"
2023,Estado,Região Norte,Roraima,RR,Cap IX,696,I00–I99,"Doenças do aparelho circulatório (ex: Infarto, Hipertensão)"
2023,Estado,Região Norte,Pará,PA,Cap IX,10851,I00–I99,"Doenças do aparelho circulatório (ex: Infarto, Hipertensão)"
2023,Estado,Região Norte,Amapá,AP,Cap IX,842,I00–I99,"Doenças do aparelho circulatório (ex: Infarto, Hipertensão)"
2023,Estado,Região Norte,Tocantins,TO,Cap IX,2506,I00–I99,"Doenças do aparelho circulatório (ex: Infarto, Hipertensão)"
2023,Regiao,Região Nordeste,,,Cap IX,102356,I00–I99,"Doenças do aparelho circulatório (ex: Infarto, Hipertensão)"
2023,Estado,Região Nordeste,Maranhão,MA,Cap IX,11455,I00–I99,"Doenças do aparelho circulatório (ex: Infarto, Hipertensão)"
2023,Estado,Região Nordeste,Piauí,PI,Cap IX,6640,I00–I99,"Doenças do aparelho circulatório (ex: Infarto, Hipertensão)"
2023,Estado,Região Nordeste,Ceará,CE,Cap IX,15229,I00–I99,"Doenças do aparelho circulatório (ex: Infarto, Hipertensão)"
2023,Estado,Região Nordeste,Rio Grande do Norte,RN,Cap IX,6143,I00–I99,"Doenças do aparelho circulatório (ex: Infarto, Hipertensão)"
2023,Estado,Região Nordeste,Paraíba,PB,Cap IX,7840,I00–I99,"Doenças do aparelho circulatório (ex: Infarto, Hipertensão)"
2023,Estado,Região Nordeste,Pernambuco,PE,Cap IX,18448,I00–I99,"Doenças do aparelho circulatório (ex: Infarto, Hipertensão)"
2023,Estado,Região Nordeste,Alagoas,AL,Cap IX,6632,I00–I99,"Doenças do aparelho circulatório (ex: Infarto, Hipertensão)"
2023,Estado,Região Nordeste,Sergipe,SE,Cap IX,3441,I00–I99,"Doenças do aparelho circulatório (ex: Infarto, Hipertensão)"
2023,Estado,Região Nordeste,Bahia,BA,Cap IX,26528,I00–I99,"Doenças do aparelho circulatório (ex: Infarto, Hipertensão)"
2023,Regiao,Região Sudeste,,,Cap IX,178646,I00–I99,"Doenças do aparelho circulatório (ex: Infarto, Hipertensão)"
2023,Estado,Região Sudeste,Minas Gerais,MG,Cap IX,37828,I00–I99,"Doenças do aparelho circulatório (ex: Infarto, Hipertensão)"
2023,Estado,Região Sudeste,Espírito Santo,ES,Cap IX,7354,I00–I99,"Doenças do aparelho circulatório (ex: Infarto, Hipertensão)"
2023,Estado,Região Sudeste,Rio de Janeiro,RJ,Cap IX,37926,I00–I99,"Doenças do aparelho circulatório (ex: Infarto, Hipertensão)"
2023,Estado,Região Sudeste,São Paulo,SP,Cap IX,95538,I00–I99,"Doenças do aparelho circulatório (ex: Infarto, Hipertensão)"
2023,Regiao,Região Sul,,,Cap IX,58393,I00–I99,"Doenças do aparelho circulatório (ex: Infarto, Hipertensão)"
2023,Estado,Região Sul,Paraná,PR,Cap IX,22083,I00–I99,"Doenças do aparelho circulatório (ex: Infarto, Hipertensão)"
2023,Estado,Região Sul,Santa Catarina,SC,Cap IX,13188,I00–I99,"Doenças do aparelho circulatório (ex: Infarto, Hipertensão)"
2023,Estado,Região Sul,Rio Grande do Sul,RS,Cap IX,23122,I00–I99,"Doenças do aparelho circulatório (ex: Infarto, Hipertensão)"
2023,Regiao,Região Centro-Oeste,,,Cap IX,26222,I00–I99,"Doenças do aparelho circulatório (ex: Infarto, Hipertensão)"
2023,Estado,Região Centro-Oeste,Mato Grosso do Sul,MS,Cap IX,5639,I00–I99,"Doenças do aparelho circulatório (ex: Infarto, Hipertensão)"
2023,Estado,Região Centro-Oeste,Mato Grosso,MT,Cap IX,5277,I00–I99,"Doenças do aparelho circulatório (ex: Infarto, Hipertensão)"
2023,Estado,Região Centro-Oeste,Goiás,GO,Cap IX,11991,I00–I99,"Doenças do aparelho circulatório (ex: Infarto, Hipertensão)"
2023,Estado,Região Centro-Oeste,Distrito Federal,DF,Cap IX,3315,I00–I99,"Doenças do aparelho circulatório (ex: Infarto, Hipertensão)"
2024,Regiao,Região Norte,,,Cap IX,23405,I00–I99,"Doenças do aparelho circulatório (ex: Infarto, Hipertensão)"
2024,Estado,Região Norte,Rondônia,RO,Cap IX,2444,I00–I99,"Doenças do aparelho circulatório (ex: Infarto, Hipertensão)"
2024,Estado,Região Norte,Acre,AC,Cap IX,985,I00–I99,"Doenças do aparelho circulatório (ex: Infarto, Hipertensão)"
2024,Estado,Região Norte,Amazonas,AM,Cap IX,4313,I00–I99,"Doenças do aparelho circulatório (ex: Infarto, Hipertensão)"
2024,Estado,Região Norte,Roraima,RR,Cap IX,688,I00–I99,"Doenças do aparelho circulatório (ex: Infarto, Hipertensão)"
2024,Estado,Região Norte,Pará,PA,Cap IX,11328,I00–I99,"Doenças do aparelho circulatório (ex: Infarto, Hipertensão)"
2024,Estado,Região Norte,Amapá,AP,Cap IX,944,I00–I99,"Doenças do aparelho circulatório (ex: Infarto, Hipertensão)"
2024,Estado,Região Norte,Tocantins,TO,Cap IX,2703,I00–I99,"Doenças do aparelho circulatório (ex: Infarto, Hipertensão)"
2024,Regiao,Região Nordeste,,,Cap IX,103815,I00–I99,"Doenças do aparelho circulatório (ex: Infarto, Hipertensão)"
2024,Estado,Região Nordeste,Maranhão,MA,Cap IX,11262,I00–I99,"Doenças do aparelho circulatório (ex: Infarto, Hipertensão)"
2024,Estado,Região Nordeste,Piauí,PI,Cap IX,6629,I00–I99,"Doenças do aparelho circulatório (ex: Infarto, Hipertensão)"
2024,Estado,Região Nordeste,Ceará,CE,Cap IX,15653,I00–I99,"Doenças do aparelho circulatório (ex: Infarto, Hipertensão)"
2024,Estado,Região Nordeste,Rio Grande do Norte,RN,Cap IX,6389,I00–I99,"Doenças do aparelho circulatório (ex: Infarto, Hipertensão)"
2024,Estado,Região Nordeste,Paraíba,PB,Cap IX,7874,I00–I99,"Doenças do aparelho circulatório (ex: Infarto, Hipertensão)"
2024,Estado,Região Nordeste,Pernambuco,PE,Cap IX,18733,I00–I99,"Doenças do aparelho circulatório (ex: Infarto, Hipertensão)"
2024,Estado,Região Nordeste,Alagoas,AL,Cap IX,6480,I00–I99,"Doenças do aparelho circulatório (ex: Infarto, Hipertensão)"
2024,Estado,Região Nordeste,Sergipe,SE,Cap IX,3392,I00–I99,"Doenças do aparelho circulatório (ex: Infarto, Hipertensão)"
2024,Estado,Região Nordeste,Bahia,BA,Cap IX,27403,I00–I99,"Doenças do aparelho circulatório (ex: Infarto, Hipertensão)"
2024,Regiao,Região Sudeste,,,Cap IX,182582,I00–I99,"Doenças do aparelho circulatório (ex: Infarto, Hipertensão)"
2024,Estado,Região Sudeste,Minas Gerais,MG,Cap IX,37548,I00–I99,"Doenças do aparelho circulatório (ex: Infarto, Hipertensão)"
2024,Estado,Região Sudeste,Espírito Santo,ES,Cap IX,8062,I00–I99,"Doenças do aparelho circulatório (ex: Infarto, Hipertensão)"
2024,Estado,Região Sudeste,Rio de Janeiro,RJ,Cap IX,38384,I00–I99,"Doenças do aparelho circulatório (ex: Infarto, Hipertensão)"
2024,Estado,Região Sudeste,São Paulo,SP,Cap IX,98588,I00–I99,"Doenças do aparelho circulatório (ex: Infarto, Hipertensão)"
2024,Regiao,Região Sul,,,Cap IX,61591,I00–I99,"Doenças do aparelho circulatório (ex: Infarto, Hipertensão)"
2024,Estado,Região Sul,Paraná,PR,Cap IX,22650,I00–I99,"Doenças do aparelho circulatório (ex: Infarto, Hipertensão)"
2024,Estado,Região Sul,Santa Catarina,SC,Cap IX,13980,I00–I99,"Doenças do aparelho circulatório (ex: Infarto, Hipertensão)"
2024,Estado,Região Sul,Rio Grande do Sul,RS,Cap IX,24961,I00–I99,"Doenças do aparelho circulatório (ex: Infarto, Hipertensão)"
2024,Regiao,Região Centro-Oeste,,,Cap IX,27212,I00–I99,"Doenças do aparelho circulatório (ex: Infarto, Hipertensão)"
2024,Estado,Região Centro-Oeste,Mato Grosso do Sul,MS,Cap IX,5519,I00–I99,"Doenças do aparelho circulatório (ex: Infarto, Hipertensão)"
2024,Estado,Região Centro-Oeste,Mato Grosso,MT,Cap IX,5532,I00–I99,"Doenças do aparelho circulatório (ex: Infarto, Hipertensão)"
2024,Estado,Região Centro-Oeste,Goiás,GO,Cap IX,12304,I00–I99,"Doenças do aparelho circulatório (ex: Infarto, Hipertensão)"
2024,Estado,Região Centro-Oeste,Distrito Federal,DF,Cap IX,3857,I00–I99,"Doenças do aparelho circulatório (ex: Infarto, Hipertensão)"
2025,Regiao,Região Norte,,,Cap IX,24085,I00–I99,"Doenças do aparelho circulatório (ex: Infarto, Hipertensão)"
2025,Estado,Região Norte,Rondônia,RO,Cap IX,2505,I00–I99,"Doenças do aparelho circulatório (ex: Infarto, Hipertensão)"
2025,Estado,Região Norte,Acre,AC,Cap IX,1007,I00–I99,"Doenças do aparelho circulatório (ex: Infarto, Hipertensão)"
2025,Estado,Região Norte,Amazonas,AM,Cap IX,4501,I00–I99,"Doenças do aparelho circulatório (ex: Infarto, Hipertensão)"
2025,Estado,Região Norte,Roraima,RR,Cap IX,679,I00–I99,"Doenças do aparelho circulatório (ex: Infarto, Hipertensão)"
2025,Estado,Região Norte,Pará,PA,Cap IX,11776,I00–I99,"Doenças do aparelho circulatório (ex: Infarto, Hipertensão)"
2025,Estado,Região Norte,Amapá,AP,Cap IX,953,I00–I99,"Doenças do aparelho circulatório (ex: Infarto, Hipertensão)"
2025,Estado,Região Norte,Tocantins,TO,Cap IX,2664,I00–I99,"Doenças do aparelho circulatório (ex: Infarto, Hipertensão)"
2025,Regiao,Região Nordeste,,,Cap IX,103347,I00–I99,"Doenças do aparelho circulatório (ex: Infarto, Hipertensão)"
2025,Estado,Região Nordeste,Maranhão,MA,Cap IX,11400,I00–I99,"Doenças do aparelho circulatório (ex: Infarto, Hipertensão)"
2025,Estado,Região Nordeste,Piauí,PI,Cap IX,6310,I00–I99,"Doenças do aparelho circulatório (ex: Infarto, Hipertensão)"
2025,Estado,Região Nordeste,Ceará,CE,Cap IX,15615,I00–I99,"Doenças do aparelho circulatório (ex: Infarto, Hipertensão)"
2025,Estado,Região Nordeste,Rio Grande do Norte,RN,Cap IX,6371,I00–I99,"Doenças do aparelho circulatório (ex: Infarto, Hipertensão)"
2025,Estado,Região Nordeste,Paraíba,PB,Cap IX,7916,I00–I99,"Doenças do aparelho circulatório (ex: Infarto, Hipertensão)"
2025,Estado,Região Nordeste,Pernambuco,PE,Cap IX,18269,I00–I99,"Doenças do aparelho circulatório (ex: Infarto, Hipertensão)"
2025,Estado,Região Nordeste,Alagoas,AL,Cap IX,6712,I00–I99,"Doenças do aparelho circulatório (ex: Infarto, Hipertensão)"
2025,Estado,Região Nordeste,Sergipe,SE,Cap IX,3636,I00–I99,"Doenças do aparelho circulatório (ex: Infarto, Hipertensão)"
2025,Estado,Região Nordeste,Bahia,BA,Cap IX,27118,I00–I99,"Doenças do aparelho circulatório (ex: Infarto, Hipertensão)"
2025,Regiao,Região Sudeste,,,Cap IX,185146,I00–I99,"Doenças do aparelho circulatório (ex: Infarto, Hipertensão)"
2025,Estado,Região Sudeste,Minas Gerais,MG,Cap IX,37218,I00–I99,"Doenças do aparelho circulatório (ex: Infarto, Hipertensão)"
2025,Estado,Região Sudeste,Espírito Santo,ES,Cap IX,8417,I00–I99,"Doenças do aparelho circulatório (ex: Infarto, Hipertensão)"
2025,Estado,Região Sudeste,Rio de Janeiro,RJ,Cap IX,40420,I00–I99,"Doenças do aparelho circulatório (ex: Infarto, Hipertensão)"
2025,Estado,Região Sudeste,São Paulo,SP,Cap IX,99091,I00–I99,"Doenças do aparelho circulatório (ex: Infarto, Hipertensão)"
2025,Regiao,Região Sul,,,Cap IX,59048,I00–I99,"Doenças do aparelho circulatório (ex: Infarto, Hipertensão)"
2025,Estado,Região Sul,Paraná,PR,Cap IX,22102,I00–I99,"Doenças do aparelho circulatório (ex: Infarto, Hipertensão)"
2025,Estado,Região Sul,Santa Catarina,SC,Cap IX,13537,I00–I99,"Doenças do aparelho circulatório (ex: Infarto, Hipertensão)"
2025,Estado,Região Sul,Rio Grande do Sul,RS,Cap IX,23409,I00–I99,"Doenças do aparelho circulatório (ex: Infarto, Hipertensão)"
2025,Regiao,Região Centro-Oeste,,,Cap IX,26496,I00–I99,"Doenças do aparelho circulatório (ex: Infarto, Hipertensão)"
2025,Estado,Região Centro-Oeste,Mato Grosso do Sul,MS,Cap IX,5385,I00–I99,"Doenças do aparelho circulatório (ex: Infarto, Hipertensão)"
2025,Estado,Região Centro-Oeste,Mato Grosso,MT,Cap IX,5512,I00–I99,"Doenças do aparelho circulatório (ex: Infarto, Hipertensão)"
2025,Estado,Região Centro-Oeste,Goiás,GO,Cap IX,11984,I00–I99,"Doenças do aparelho circulatório (ex: Infarto, Hipertensão)"
2025,Estado,Região Centro-Oeste,Distrito Federal,DF,Cap IX,3615,I00–I99,"Doenças do aparelho circulatório (ex: Infarto, Hipertensão)"
2026,Regiao,Região Norte,,,Cap IX,8170,I00–I99,"Doenças do aparelho circulatório (ex: Infarto, Hipertensão)"
2026,Estado,Região Norte,Rondônia,RO,Cap IX,908,I00–I99,"Doenças do aparelho circulatório (ex: Infarto, Hipertensão)"
2026,Estado,Região Norte,Acre,AC,Cap IX,306,I00–I99,"Doenças do aparelho circulatório (ex: Infarto, Hipertensão)"
2026,Estado,Região Norte,Amazonas,AM,Cap IX,1436,I00–I99,"Doenças do aparelho circulatório (ex: Infarto, Hipertensão)"
2026,Estado,Região Norte,Roraima,RR,Cap IX,225,I00–I99,"Doenças do aparelho circulatório (ex: Infarto, Hipertensão)"
2026,Estado,Região Norte,Pará,PA,Cap IX,4087,I00–I99,"Doenças do aparelho circulatório (ex: Infarto, Hipertensão)"
2026,Estado,Região Norte,Amapá,AP,Cap IX,313,I00–I99,"Doenças do aparelho circulatório (ex: Infarto, Hipertensão)"
2026,Estado,Região Norte,Tocantins,TO,Cap IX,895,I00–I99,"Doenças do aparelho circulatório (ex: Infarto, Hipertensão)"
2026,Regiao,Região Nordeste,,,Cap IX,34040,I00–I99,"Doenças do aparelho circulatório (ex: Infarto, Hipertensão)"
2026,Estado,Região Nordeste,Maranhão,MA,Cap IX,4171,I00–I99,"Doenças do aparelho circulatório (ex: Infarto, Hipertensão)"
2026,Estado,Região Nordeste,Piauí,PI,Cap IX,2273,I00–I99,"Doenças do aparelho circulatório (ex: Infarto, Hipertensão)"
2026,Estado,Região Nordeste,Ceará,CE,Cap IX,5475,I00–I99,"Doenças do aparelho circulatório (ex: Infarto, Hipertensão)"
2026,Estado,Região Nordeste,Rio Grande do Norte,RN,Cap IX,2133,I00–I99,"Doenças do aparelho circulatório (ex: Infarto, Hipertensão)"
2026,Estado,Região Nordeste,Paraíba,PB,Cap IX,2701,I00–I99,"Doenças do aparelho circulatório (ex: Infarto, Hipertensão)"
2026,Estado,Região Nordeste,Pernambuco,PE,Cap IX,5795,I00–I99,"Doenças do aparelho circulatório (ex: Infarto, Hipertensão)"
2026,Estado,Região Nordeste,Alagoas,AL,Cap IX,2167,I00–I99,"Doenças do aparelho circulatório (ex: Infarto, Hipertensão)"
2026,Estado,Região Nordeste,Sergipe,SE,Cap IX,1234,I00–I99,"Doenças do aparelho circulatório (ex: Infarto, Hipertensão)"
2026,Estado,Região Nordeste,Bahia,BA,Cap IX,8091,I00–I99,"Doenças do aparelho circulatório (ex: Infarto, Hipertensão)"
2026,Regiao,Região Sudeste,,,Cap IX,56274,I00–I99,"Doenças do aparelho circulatório (ex: Infarto, Hipertensão)"
2026,Estado,Região Sudeste,Minas Gerais,MG,Cap IX,11031,I00–I99,"Doenças do aparelho circulatório (ex: Infarto, Hipertensão)"
2026,Estado,Região Sudeste,Espírito Santo,ES,Cap IX,2329,I00–I99,"Doenças do aparelho circulatório (ex: Infarto, Hipertensão)"
2026,Estado,Região Sudeste,Rio de Janeiro,RJ,Cap IX,12231,I00–I99,"Doenças do aparelho circulatório (ex: Infarto, Hipertensão)"
2026,Estado,Região Sudeste,São Paulo,SP,Cap IX,30683,I00–I99,"Doenças do aparelho circulatório (ex: Infarto, Hipertensão)"
2026,Regiao,Região Sul,,,Cap IX,17990,I00–I99,"Doenças do aparelho circulatório (ex: Infarto, Hipertensão)"
2026,Estado,Região Sul,Paraná,PR,Cap IX,6997,I00–I99,"Doenças do aparelho circulatório (ex: Infarto, Hipertensão)"
2026,Estado,Região Sul,Santa Catarina,SC,Cap IX,4227,I00–I99,"Doenças do aparelho circulatório (ex: Infarto, Hipertensão)"
2026,Estado,Região Sul,Rio Grande do Sul,RS,Cap IX,6766,I00–I99,"Doenças do aparelho circulatório (ex: Infarto, Hipertensão)"
2026,Regiao,Região Centro-Oeste,,,Cap IX,8468,I00–I99,"Doenças do aparelho circulatório (ex: Infarto, Hipertensão)"
2026,Estado,Região Centro-Oeste,Mato Grosso do Sul,MS,Cap IX,1723,I00–I99,"Doenças do aparelho circulatório (ex: Infarto, Hipertensão)"
2026,Estado,Região Centro-Oeste,Mato Grosso,MT,Cap IX,1799,I00–I99,"Doenças do aparelho circulatório (ex: Infarto, Hipertensão)"
2026,Estado,Região Centro-Oeste,Goiás,GO,Cap IX,3763,I00–I99,"Doenças do aparelho circulatório (ex: Infarto, Hipertensão)"
2026,Estado,Região Centro-Oeste,Distrito Federal,DF,Cap IX,1183,I00–I99,"Doenças do aparelho circulatório (ex: Infarto, Hipertensão)"
2016,Regiao,Região Norte,,,Cap X,7720,J00–J99,"Doenças do aparelho respiratório (ex: Pneumonia, Asma)"
2016,Estado,Região Norte,Rondônia,RO,Cap X,821,J00–J99,"Doenças do aparelho respiratório (ex: Pneumonia, Asma)"
2016,Estado,Região Norte,Acre,AC,Cap X,541,J00–J99,"Doenças do aparelho respiratório (ex: Pneumonia, Asma)"
2016,Estado,Região Norte,Amazonas,AM,Cap X,1430,J00–J99,"Doenças do aparelho respiratório (ex: Pneumonia, Asma)"
2016,Estado,Região Norte,Roraima,RR,Cap X,221,J00–J99,"Doenças do aparelho respiratório (ex: Pneumonia, Asma)"
2016,Estado,Região Norte,Pará,PA,Cap X,3893,J00–J99,"Doenças do aparelho respiratório (ex: Pneumonia, Asma)"
2016,Estado,Região Norte,Amapá,AP,Cap X,276,J00–J99,"Doenças do aparelho respiratório (ex: Pneumonia, Asma)"
2016,Estado,Região Norte,Tocantins,TO,Cap X,538,J00–J99,"Doenças do aparelho respiratório (ex: Pneumonia, Asma)"
2016,Regiao,Região Nordeste,,,Cap X,35633,J00–J99,"Doenças do aparelho respiratório (ex: Pneumonia, Asma)"
2016,Estado,Região Nordeste,Maranhão,MA,Cap X,2914,J00–J99,"Doenças do aparelho respiratório (ex: Pneumonia, Asma)"
2016,Estado,Região Nordeste,Piauí,PI,Cap X,1838,J00–J99,"Doenças do aparelho respiratório (ex: Pneumonia, Asma)"
2016,Estado,Região Nordeste,Ceará,CE,Cap X,6374,J00–J99,"Doenças do aparelho respiratório (ex: Pneumonia, Asma)"
2016,Estado,Região Nordeste,Rio Grande do Norte,RN,Cap X,2267,J00–J99,"Doenças do aparelho respiratório (ex: Pneumonia, Asma)"
2016,Estado,Região Nordeste,Paraíba,PB,Cap X,3246,J00–J99,"Doenças do aparelho respiratório (ex: Pneumonia, Asma)"
2016,Estado,Região Nordeste,Pernambuco,PE,Cap X,8525,J00–J99,"Doenças do aparelho respiratório (ex: Pneumonia, Asma)"
2016,Estado,Região Nordeste,Alagoas,AL,Cap X,2128,J00–J99,"Doenças do aparelho respiratório (ex: Pneumonia, Asma)"
2016,Estado,Região Nordeste,Sergipe,SE,Cap X,1254,J00–J99,"Doenças do aparelho respiratório (ex: Pneumonia, Asma)"
2016,Estado,Região Nordeste,Bahia,BA,Cap X,7087,J00–J99,"Doenças do aparelho respiratório (ex: Pneumonia, Asma)"
2016,Regiao,Região Sudeste,,,Cap X,78956,J00–J99,"Doenças do aparelho respiratório (ex: Pneumonia, Asma)"
2016,Estado,Região Sudeste,Minas Gerais,MG,Cap X,17192,J00–J99,"Doenças do aparelho respiratório (ex: Pneumonia, Asma)"
2016,Estado,Região Sudeste,Espírito Santo,ES,Cap X,2511,J00–J99,"Doenças do aparelho respiratório (ex: Pneumonia, Asma)"
2016,Estado,Região Sudeste,Rio de Janeiro,RJ,Cap X,17724,J00–J99,"Doenças do aparelho respiratório (ex: Pneumonia, Asma)"
2016,Estado,Região Sudeste,São Paulo,SP,Cap X,41529,J00–J99,"Doenças do aparelho respiratório (ex: Pneumonia, Asma)"
2016,Regiao,Região Sul,,,Cap X,25825,J00–J99,"Doenças do aparelho respiratório (ex: Pneumonia, Asma)"
2016,Estado,Região Sul,Paraná,PR,Cap X,9396,J00–J99,"Doenças do aparelho respiratório (ex: Pneumonia, Asma)"
2016,Estado,Região Sul,Santa Catarina,SC,Cap X,4917,J00–J99,"Doenças do aparelho respiratório (ex: Pneumonia, Asma)"
2016,Estado,Região Sul,Rio Grande do Sul,RS,Cap X,11512,J00–J99,"Doenças do aparelho respiratório (ex: Pneumonia, Asma)"
2016,Regiao,Região Centro-Oeste,,,Cap X,9907,J00–J99,"Doenças do aparelho respiratório (ex: Pneumonia, Asma)"
2016,Estado,Região Centro-Oeste,Mato Grosso do Sul,MS,Cap X,2251,J00–J99,"Doenças do aparelho respiratório (ex: Pneumonia, Asma)"
2016,Estado,Região Centro-Oeste,Mato Grosso,MT,Cap X,1899,J00–J99,"Doenças do aparelho respiratório (ex: Pneumonia, Asma)"
2016,Estado,Região Centro-Oeste,Goiás,GO,Cap X,4672,J00–J99,"Doenças do aparelho respiratório (ex: Pneumonia, Asma)"
2016,Estado,Região Centro-Oeste,Distrito Federal,DF,Cap X,1085,J00–J99,"Doenças do aparelho respiratório (ex: Pneumonia, Asma)"
2017,Regiao,Região Norte,,,Cap X,8052,J00–J99,"Doenças do aparelho respiratório (ex: Pneumonia, Asma)"
2017,Estado,Região Norte,Rondônia,RO,Cap X,845,J00–J99,"Doenças do aparelho respiratório (ex: Pneumonia, Asma)"
2017,Estado,Região Norte,Acre,AC,Cap X,484,J00–J99,"Doenças do aparelho respiratório (ex: Pneumonia, Asma)"
2017,Estado,Região Norte,Amazonas,AM,Cap X,1493,J00–J99,"Doenças do aparelho respiratório (ex: Pneumonia, Asma)"
2017,Estado,Região Norte,Roraima,RR,Cap X,179,J00–J99,"Doenças do aparelho respiratório (ex: Pneumonia, Asma)"
2017,Estado,Região Norte,Pará,PA,Cap X,4164,J00–J99,"Doenças do aparelho respiratório (ex: Pneumonia, Asma)"
2017,Estado,Região Norte,Amapá,AP,Cap X,321,J00–J99,"Doenças do aparelho respiratório (ex: Pneumonia, Asma)"
2017,Estado,Região Norte,Tocantins,TO,Cap X,566,J00–J99,"Doenças do aparelho respiratório (ex: Pneumonia, Asma)"
2017,Regiao,Região Nordeste,,,Cap X,36149,J00–J99,"Doenças do aparelho respiratório (ex: Pneumonia, Asma)"
2017,Estado,Região Nordeste,Maranhão,MA,Cap X,3220,J00–J99,"Doenças do aparelho respiratório (ex: Pneumonia, Asma)"
2017,Estado,Região Nordeste,Piauí,PI,Cap X,2068,J00–J99,"Doenças do aparelho respiratório (ex: Pneumonia, Asma)"
2017,Estado,Região Nordeste,Ceará,CE,Cap X,7770,J00–J99,"Doenças do aparelho respiratório (ex: Pneumonia, Asma)"
2017,Estado,Região Nordeste,Rio Grande do Norte,RN,Cap X,2181,J00–J99,"Doenças do aparelho respiratório (ex: Pneumonia, Asma)"
2017,Estado,Região Nordeste,Paraíba,PB,Cap X,3120,J00–J99,"Doenças do aparelho respiratório (ex: Pneumonia, Asma)"
2017,Estado,Região Nordeste,Pernambuco,PE,Cap X,7588,J00–J99,"Doenças do aparelho respiratório (ex: Pneumonia, Asma)"
2017,Estado,Região Nordeste,Alagoas,AL,Cap X,1956,J00–J99,"Doenças do aparelho respiratório (ex: Pneumonia, Asma)"
2017,Estado,Região Nordeste,Sergipe,SE,Cap X,1026,J00–J99,"Doenças do aparelho respiratório (ex: Pneumonia, Asma)"
2017,Estado,Região Nordeste,Bahia,BA,Cap X,7220,J00–J99,"Doenças do aparelho respiratório (ex: Pneumonia, Asma)"
2017,Regiao,Região Sudeste,,,Cap X,77599,J00–J99,"Doenças do aparelho respiratório (ex: Pneumonia, Asma)"
2017,Estado,Região Sudeste,Minas Gerais,MG,Cap X,17738,J00–J99,"Doenças do aparelho respiratório (ex: Pneumonia, Asma)"
2017,Estado,Região Sudeste,Espírito Santo,ES,Cap X,2798,J00–J99,"Doenças do aparelho respiratório (ex: Pneumonia, Asma)"
2017,Estado,Região Sudeste,Rio de Janeiro,RJ,Cap X,16387,J00–J99,"Doenças do aparelho respiratório (ex: Pneumonia, Asma)"
2017,Estado,Região Sudeste,São Paulo,SP,Cap X,40676,J00–J99,"Doenças do aparelho respiratório (ex: Pneumonia, Asma)"
2017,Regiao,Região Sul,,,Cap X,23814,J00–J99,"Doenças do aparelho respiratório (ex: Pneumonia, Asma)"
2017,Estado,Região Sul,Paraná,PR,Cap X,8893,J00–J99,"Doenças do aparelho respiratório (ex: Pneumonia, Asma)"
2017,Estado,Região Sul,Santa Catarina,SC,Cap X,4590,J00–J99,"Doenças do aparelho respiratório (ex: Pneumonia, Asma)"
2017,Estado,Região Sul,Rio Grande do Sul,RS,Cap X,10331,J00–J99,"Doenças do aparelho respiratório (ex: Pneumonia, Asma)"
2017,Regiao,Região Centro-Oeste,,,Cap X,10006,J00–J99,"Doenças do aparelho respiratório (ex: Pneumonia, Asma)"
2017,Estado,Região Centro-Oeste,Mato Grosso do Sul,MS,Cap X,2017,J00–J99,"Doenças do aparelho respiratório (ex: Pneumonia, Asma)"
2017,Estado,Região Centro-Oeste,Mato Grosso,MT,Cap X,1681,J00–J99,"Doenças do aparelho respiratório (ex: Pneumonia, Asma)"
2017,Estado,Região Centro-Oeste,Goiás,GO,Cap X,5123,J00–J99,"Doenças do aparelho respiratório (ex: Pneumonia, Asma)"
2017,Estado,Região Centro-Oeste,Distrito Federal,DF,Cap X,1185,J00–J99,"Doenças do aparelho respiratório (ex: Pneumonia, Asma)"
2018,Regiao,Região Norte,,,Cap X,8626,J00–J99,"Doenças do aparelho respiratório (ex: Pneumonia, Asma)"
2018,Estado,Região Norte,Rondônia,RO,Cap X,882,J00–J99,"Doenças do aparelho respiratório (ex: Pneumonia, Asma)"
2018,Estado,Região Norte,Acre,AC,Cap X,539,J00–J99,"Doenças do aparelho respiratório (ex: Pneumonia, Asma)"
2018,Estado,Região Norte,Amazonas,AM,Cap X,1509,J00–J99,"Doenças do aparelho respiratório (ex: Pneumonia, Asma)"
2018,Estado,Região Norte,Roraima,RR,Cap X,244,J00–J99,"Doenças do aparelho respiratório (ex: Pneumonia, Asma)"
2018,Estado,Região Norte,Pará,PA,Cap X,4463,J00–J99,"Doenças do aparelho respiratório (ex: Pneumonia, Asma)"
2018,Estado,Região Norte,Amapá,AP,Cap X,336,J00–J99,"Doenças do aparelho respiratório (ex: Pneumonia, Asma)"
2018,Estado,Região Norte,Tocantins,TO,Cap X,653,J00–J99,"Doenças do aparelho respiratório (ex: Pneumonia, Asma)"
2018,Regiao,Região Nordeste,,,Cap X,36024,J00–J99,"Doenças do aparelho respiratório (ex: Pneumonia, Asma)"
2018,Estado,Região Nordeste,Maranhão,MA,Cap X,3107,J00–J99,"Doenças do aparelho respiratório (ex: Pneumonia, Asma)"
2018,Estado,Região Nordeste,Piauí,PI,Cap X,2203,J00–J99,"Doenças do aparelho respiratório (ex: Pneumonia, Asma)"
2018,Estado,Região Nordeste,Ceará,CE,Cap X,7081,J00–J99,"Doenças do aparelho respiratório (ex: Pneumonia, Asma)"
2018,Estado,Região Nordeste,Rio Grande do Norte,RN,Cap X,2274,J00–J99,"Doenças do aparelho respiratório (ex: Pneumonia, Asma)"
2018,Estado,Região Nordeste,Paraíba,PB,Cap X,3037,J00–J99,"Doenças do aparelho respiratório (ex: Pneumonia, Asma)"
2018,Estado,Região Nordeste,Pernambuco,PE,Cap X,7528,J00–J99,"Doenças do aparelho respiratório (ex: Pneumonia, Asma)"
2018,Estado,Região Nordeste,Alagoas,AL,Cap X,1887,J00–J99,"Doenças do aparelho respiratório (ex: Pneumonia, Asma)"
2018,Estado,Região Nordeste,Sergipe,SE,Cap X,1262,J00–J99,"Doenças do aparelho respiratório (ex: Pneumonia, Asma)"
2018,Estado,Região Nordeste,Bahia,BA,Cap X,7645,J00–J99,"Doenças do aparelho respiratório (ex: Pneumonia, Asma)"
2018,Regiao,Região Sudeste,,,Cap X,76372,J00–J99,"Doenças do aparelho respiratório (ex: Pneumonia, Asma)"
2018,Estado,Região Sudeste,Minas Gerais,MG,Cap X,17028,J00–J99,"Doenças do aparelho respiratório (ex: Pneumonia, Asma)"
2018,Estado,Região Sudeste,Espírito Santo,ES,Cap X,2395,J00–J99,"Doenças do aparelho respiratório (ex: Pneumonia, Asma)"
2018,Estado,Região Sudeste,Rio de Janeiro,RJ,Cap X,16410,J00–J99,"Doenças do aparelho respiratório (ex: Pneumonia, Asma)"
2018,Estado,Região Sudeste,São Paulo,SP,Cap X,40539,J00–J99,"Doenças do aparelho respiratório (ex: Pneumonia, Asma)"
2018,Regiao,Região Sul,,,Cap X,24477,J00–J99,"Doenças do aparelho respiratório (ex: Pneumonia, Asma)"
2018,Estado,Região Sul,Paraná,PR,Cap X,9152,J00–J99,"Doenças do aparelho respiratório (ex: Pneumonia, Asma)"
2018,Estado,Região Sul,Santa Catarina,SC,Cap X,4797,J00–J99,"Doenças do aparelho respiratório (ex: Pneumonia, Asma)"
2018,Estado,Região Sul,Rio Grande do Sul,RS,Cap X,10528,J00–J99,"Doenças do aparelho respiratório (ex: Pneumonia, Asma)"
2018,Regiao,Região Centro-Oeste,,,Cap X,9692,J00–J99,"Doenças do aparelho respiratório (ex: Pneumonia, Asma)"
2018,Estado,Região Centro-Oeste,Mato Grosso do Sul,MS,Cap X,2127,J00–J99,"Doenças do aparelho respiratório (ex: Pneumonia, Asma)"
2018,Estado,Região Centro-Oeste,Mato Grosso,MT,Cap X,1826,J00–J99,"Doenças do aparelho respiratório (ex: Pneumonia, Asma)"
2018,Estado,Região Centro-Oeste,Goiás,GO,Cap X,4735,J00–J99,"Doenças do aparelho respiratório (ex: Pneumonia, Asma)"
2018,Estado,Região Centro-Oeste,Distrito Federal,DF,Cap X,1004,J00–J99,"Doenças do aparelho respiratório (ex: Pneumonia, Asma)"
2019,Regiao,Região Norte,,,Cap X,9064,J00–J99,"Doenças do aparelho respiratório (ex: Pneumonia, Asma)"
2019,Estado,Região Norte,Rondônia,RO,Cap X,909,J00–J99,"Doenças do aparelho respiratório (ex: Pneumonia, Asma)"
2019,Estado,Região Norte,Acre,AC,Cap X,639,J00–J99,"Doenças do aparelho respiratório (ex: Pneumonia, Asma)"
2019,Estado,Região Norte,Amazonas,AM,Cap X,1574,J00–J99,"Doenças do aparelho respiratório (ex: Pneumonia, Asma)"
2019,Estado,Região Norte,Roraima,RR,Cap X,236,J00–J99,"Doenças do aparelho respiratório (ex: Pneumonia, Asma)"
2019,Estado,Região Norte,Pará,PA,Cap X,4573,J00–J99,"Doenças do aparelho respiratório (ex: Pneumonia, Asma)"
2019,Estado,Região Norte,Amapá,AP,Cap X,409,J00–J99,"Doenças do aparelho respiratório (ex: Pneumonia, Asma)"
2019,Estado,Região Norte,Tocantins,TO,Cap X,724,J00–J99,"Doenças do aparelho respiratório (ex: Pneumonia, Asma)"
2019,Regiao,Região Nordeste,,,Cap X,38807,J00–J99,"Doenças do aparelho respiratório (ex: Pneumonia, Asma)"
2019,Estado,Região Nordeste,Maranhão,MA,Cap X,3217,J00–J99,"Doenças do aparelho respiratório (ex: Pneumonia, Asma)"
2019,Estado,Região Nordeste,Piauí,PI,Cap X,2389,J00–J99,"Doenças do aparelho respiratório (ex: Pneumonia, Asma)"
2019,Estado,Região Nordeste,Ceará,CE,Cap X,7669,J00–J99,"Doenças do aparelho respiratório (ex: Pneumonia, Asma)"
2019,Estado,Região Nordeste,Rio Grande do Norte,RN,Cap X,2445,J00–J99,"Doenças do aparelho respiratório (ex: Pneumonia, Asma)"
2019,Estado,Região Nordeste,Paraíba,PB,Cap X,3266,J00–J99,"Doenças do aparelho respiratório (ex: Pneumonia, Asma)"
2019,Estado,Região Nordeste,Pernambuco,PE,Cap X,8017,J00–J99,"Doenças do aparelho respiratório (ex: Pneumonia, Asma)"
2019,Estado,Região Nordeste,Alagoas,AL,Cap X,2074,J00–J99,"Doenças do aparelho respiratório (ex: Pneumonia, Asma)"
2019,Estado,Região Nordeste,Sergipe,SE,Cap X,1275,J00–J99,"Doenças do aparelho respiratório (ex: Pneumonia, Asma)"
2019,Estado,Região Nordeste,Bahia,BA,Cap X,8455,J00–J99,"Doenças do aparelho respiratório (ex: Pneumonia, Asma)"
2019,Regiao,Região Sudeste,,,Cap X,78472,J00–J99,"Doenças do aparelho respiratório (ex: Pneumonia, Asma)"
2019,Estado,Região Sudeste,Minas Gerais,MG,Cap X,18192,J00–J99,"Doenças do aparelho respiratório (ex: Pneumonia, Asma)"
2019,Estado,Região Sudeste,Espírito Santo,ES,Cap X,2510,J00–J99,"Doenças do aparelho respiratório (ex: Pneumonia, Asma)"
2019,Estado,Região Sudeste,Rio de Janeiro,RJ,Cap X,17253,J00–J99,"Doenças do aparelho respiratório (ex: Pneumonia, Asma)"
2019,Estado,Região Sudeste,São Paulo,SP,Cap X,40517,J00–J99,"Doenças do aparelho respiratório (ex: Pneumonia, Asma)"
2019,Regiao,Região Sul,,,Cap X,25044,J00–J99,"Doenças do aparelho respiratório (ex: Pneumonia, Asma)"
2019,Estado,Região Sul,Paraná,PR,Cap X,9155,J00–J99,"Doenças do aparelho respiratório (ex: Pneumonia, Asma)"
2019,Estado,Região Sul,Santa Catarina,SC,Cap X,5219,J00–J99,"Doenças do aparelho respiratório (ex: Pneumonia, Asma)"
2019,Estado,Região Sul,Rio Grande do Sul,RS,Cap X,10670,J00–J99,"Doenças do aparelho respiratório (ex: Pneumonia, Asma)"
2019,Regiao,Região Centro-Oeste,,,Cap X,10618,J00–J99,"Doenças do aparelho respiratório (ex: Pneumonia, Asma)"
2019,Estado,Região Centro-Oeste,Mato Grosso do Sul,MS,Cap X,2248,J00–J99,"Doenças do aparelho respiratório (ex: Pneumonia, Asma)"
2019,Estado,Região Centro-Oeste,Mato Grosso,MT,Cap X,1927,J00–J99,"Doenças do aparelho respiratório (ex: Pneumonia, Asma)"
2019,Estado,Região Centro-Oeste,Goiás,GO,Cap X,5189,J00–J99,"Doenças do aparelho respiratório (ex: Pneumonia, Asma)"
2019,Estado,Região Centro-Oeste,Distrito Federal,DF,Cap X,1254,J00–J99,"Doenças do aparelho respiratório (ex: Pneumonia, Asma)"
2020,Regiao,Região Norte,,,Cap X,10427,J00–J99,"Doenças do aparelho respiratório (ex: Pneumonia, Asma)"
2020,Estado,Região Norte,Rondônia,RO,Cap X,711,J00–J99,"Doenças do aparelho respiratório (ex: Pneumonia, Asma)"
2020,Estado,Região Norte,Acre,AC,Cap X,488,J00–J99,"Doenças do aparelho respiratório (ex: Pneumonia, Asma)"
2020,Estado,Região Norte,Amazonas,AM,Cap X,1747,J00–J99,"Doenças do aparelho respiratório (ex: Pneumonia, Asma)"
2020,Estado,Região Norte,Roraima,RR,Cap X,225,J00–J99,"Doenças do aparelho respiratório (ex: Pneumonia, Asma)"
2020,Estado,Região Norte,Pará,PA,Cap X,6260,J00–J99,"Doenças do aparelho respiratório (ex: Pneumonia, Asma)"
2020,Estado,Região Norte,Amapá,AP,Cap X,329,J00–J99,"Doenças do aparelho respiratório (ex: Pneumonia, Asma)"
2020,Estado,Região Norte,Tocantins,TO,Cap X,667,J00–J99,"Doenças do aparelho respiratório (ex: Pneumonia, Asma)"
2020,Regiao,Região Nordeste,,,Cap X,35431,J00–J99,"Doenças do aparelho respiratório (ex: Pneumonia, Asma)"
2020,Estado,Região Nordeste,Maranhão,MA,Cap X,4204,J00–J99,"Doenças do aparelho respiratório (ex: Pneumonia, Asma)"
2020,Estado,Região Nordeste,Piauí,PI,Cap X,2071,J00–J99,"Doenças do aparelho respiratório (ex: Pneumonia, Asma)"
2020,Estado,Região Nordeste,Ceará,CE,Cap X,6553,J00–J99,"Doenças do aparelho respiratório (ex: Pneumonia, Asma)"
2020,Estado,Região Nordeste,Rio Grande do Norte,RN,Cap X,2179,J00–J99,"Doenças do aparelho respiratório (ex: Pneumonia, Asma)"
2020,Estado,Região Nordeste,Paraíba,PB,Cap X,2991,J00–J99,"Doenças do aparelho respiratório (ex: Pneumonia, Asma)"
2020,Estado,Região Nordeste,Pernambuco,PE,Cap X,7598,J00–J99,"Doenças do aparelho respiratório (ex: Pneumonia, Asma)"
2020,Estado,Região Nordeste,Alagoas,AL,Cap X,1670,J00–J99,"Doenças do aparelho respiratório (ex: Pneumonia, Asma)"
2020,Estado,Região Nordeste,Sergipe,SE,Cap X,1129,J00–J99,"Doenças do aparelho respiratório (ex: Pneumonia, Asma)"
2020,Estado,Região Nordeste,Bahia,BA,Cap X,7036,J00–J99,"Doenças do aparelho respiratório (ex: Pneumonia, Asma)"
2020,Regiao,Região Sudeste,,,Cap X,74233,J00–J99,"Doenças do aparelho respiratório (ex: Pneumonia, Asma)"
2020,Estado,Região Sudeste,Minas Gerais,MG,Cap X,15592,J00–J99,"Doenças do aparelho respiratório (ex: Pneumonia, Asma)"
2020,Estado,Região Sudeste,Espírito Santo,ES,Cap X,2193,J00–J99,"Doenças do aparelho respiratório (ex: Pneumonia, Asma)"
2020,Estado,Região Sudeste,Rio de Janeiro,RJ,Cap X,16039,J00–J99,"Doenças do aparelho respiratório (ex: Pneumonia, Asma)"
2020,Estado,Região Sudeste,São Paulo,SP,Cap X,40409,J00–J99,"Doenças do aparelho respiratório (ex: Pneumonia, Asma)"
2020,Regiao,Região Sul,,,Cap X,19396,J00–J99,"Doenças do aparelho respiratório (ex: Pneumonia, Asma)"
2020,Estado,Região Sul,Paraná,PR,Cap X,7293,J00–J99,"Doenças do aparelho respiratório (ex: Pneumonia, Asma)"
2020,Estado,Região Sul,Santa Catarina,SC,Cap X,4123,J00–J99,"Doenças do aparelho respiratório (ex: Pneumonia, Asma)"
2020,Estado,Região Sul,Rio Grande do Sul,RS,Cap X,7980,J00–J99,"Doenças do aparelho respiratório (ex: Pneumonia, Asma)"
2020,Regiao,Região Centro-Oeste,,,Cap X,9286,J00–J99,"Doenças do aparelho respiratório (ex: Pneumonia, Asma)"
2020,Estado,Região Centro-Oeste,Mato Grosso do Sul,MS,Cap X,2008,J00–J99,"Doenças do aparelho respiratório (ex: Pneumonia, Asma)"
2020,Estado,Região Centro-Oeste,Mato Grosso,MT,Cap X,1734,J00–J99,"Doenças do aparelho respiratório (ex: Pneumonia, Asma)"
2020,Estado,Região Centro-Oeste,Goiás,GO,Cap X,4374,J00–J99,"Doenças do aparelho respiratório (ex: Pneumonia, Asma)"
2020,Estado,Região Centro-Oeste,Distrito Federal,DF,Cap X,1170,J00–J99,"Doenças do aparelho respiratório (ex: Pneumonia, Asma)"
2021,Regiao,Região Norte,,,Cap X,9085,J00–J99,"Doenças do aparelho respiratório (ex: Pneumonia, Asma)"
2021,Estado,Região Norte,Rondônia,RO,Cap X,794,J00–J99,"Doenças do aparelho respiratório (ex: Pneumonia, Asma)"
2021,Estado,Região Norte,Acre,AC,Cap X,616,J00–J99,"Doenças do aparelho respiratório (ex: Pneumonia, Asma)"
2021,Estado,Região Norte,Amazonas,AM,Cap X,1940,J00–J99,"Doenças do aparelho respiratório (ex: Pneumonia, Asma)"
2021,Estado,Região Norte,Roraima,RR,Cap X,266,J00–J99,"Doenças do aparelho respiratório (ex: Pneumonia, Asma)"
2021,Estado,Região Norte,Pará,PA,Cap X,4399,J00–J99,"Doenças do aparelho respiratório (ex: Pneumonia, Asma)"
2021,Estado,Região Norte,Amapá,AP,Cap X,356,J00–J99,"Doenças do aparelho respiratório (ex: Pneumonia, Asma)"
2021,Estado,Região Norte,Tocantins,TO,Cap X,714,J00–J99,"Doenças do aparelho respiratório (ex: Pneumonia, Asma)"
2021,Regiao,Região Nordeste,,,Cap X,34453,J00–J99,"Doenças do aparelho respiratório (ex: Pneumonia, Asma)"
2021,Estado,Região Nordeste,Maranhão,MA,Cap X,3308,J00–J99,"Doenças do aparelho respiratório (ex: Pneumonia, Asma)"
2021,Estado,Região Nordeste,Piauí,PI,Cap X,2048,J00–J99,"Doenças do aparelho respiratório (ex: Pneumonia, Asma)"
2021,Estado,Região Nordeste,Ceará,CE,Cap X,6345,J00–J99,"Doenças do aparelho respiratório (ex: Pneumonia, Asma)"
2021,Estado,Região Nordeste,Rio Grande do Norte,RN,Cap X,2151,J00–J99,"Doenças do aparelho respiratório (ex: Pneumonia, Asma)"
2021,Estado,Região Nordeste,Paraíba,PB,Cap X,3008,J00–J99,"Doenças do aparelho respiratório (ex: Pneumonia, Asma)"
2021,Estado,Região Nordeste,Pernambuco,PE,Cap X,7764,J00–J99,"Doenças do aparelho respiratório (ex: Pneumonia, Asma)"
2021,Estado,Região Nordeste,Alagoas,AL,Cap X,1712,J00–J99,"Doenças do aparelho respiratório (ex: Pneumonia, Asma)"
2021,Estado,Região Nordeste,Sergipe,SE,Cap X,903,J00–J99,"Doenças do aparelho respiratório (ex: Pneumonia, Asma)"
2021,Estado,Região Nordeste,Bahia,BA,Cap X,7214,J00–J99,"Doenças do aparelho respiratório (ex: Pneumonia, Asma)"
2021,Regiao,Região Sudeste,,,Cap X,69906,J00–J99,"Doenças do aparelho respiratório (ex: Pneumonia, Asma)"
2021,Estado,Região Sudeste,Minas Gerais,MG,Cap X,15096,J00–J99,"Doenças do aparelho respiratório (ex: Pneumonia, Asma)"
2021,Estado,Região Sudeste,Espírito Santo,ES,Cap X,1878,J00–J99,"Doenças do aparelho respiratório (ex: Pneumonia, Asma)"
2021,Estado,Região Sudeste,Rio de Janeiro,RJ,Cap X,16548,J00–J99,"Doenças do aparelho respiratório (ex: Pneumonia, Asma)"
2021,Estado,Região Sudeste,São Paulo,SP,Cap X,36384,J00–J99,"Doenças do aparelho respiratório (ex: Pneumonia, Asma)"
2021,Regiao,Região Sul,,,Cap X,20089,J00–J99,"Doenças do aparelho respiratório (ex: Pneumonia, Asma)"
2021,Estado,Região Sul,Paraná,PR,Cap X,7415,J00–J99,"Doenças do aparelho respiratório (ex: Pneumonia, Asma)"
2021,Estado,Região Sul,Santa Catarina,SC,Cap X,4329,J00–J99,"Doenças do aparelho respiratório (ex: Pneumonia, Asma)"
2021,Estado,Região Sul,Rio Grande do Sul,RS,Cap X,8345,J00–J99,"Doenças do aparelho respiratório (ex: Pneumonia, Asma)"
2021,Regiao,Região Centro-Oeste,,,Cap X,8935,J00–J99,"Doenças do aparelho respiratório (ex: Pneumonia, Asma)"
2021,Estado,Região Centro-Oeste,Mato Grosso do Sul,MS,Cap X,2062,J00–J99,"Doenças do aparelho respiratório (ex: Pneumonia, Asma)"
2021,Estado,Região Centro-Oeste,Mato Grosso,MT,Cap X,1544,J00–J99,"Doenças do aparelho respiratório (ex: Pneumonia, Asma)"
2021,Estado,Região Centro-Oeste,Goiás,GO,Cap X,4313,J00–J99,"Doenças do aparelho respiratório (ex: Pneumonia, Asma)"
2021,Estado,Região Centro-Oeste,Distrito Federal,DF,Cap X,1016,J00–J99,"Doenças do aparelho respiratório (ex: Pneumonia, Asma)"
2022,Regiao,Região Norte,,,Cap X,10485,J00–J99,"Doenças do aparelho respiratório (ex: Pneumonia, Asma)"
2022,Estado,Região Norte,Rondônia,RO,Cap X,975,J00–J99,"Doenças do aparelho respiratório (ex: Pneumonia, Asma)"
2022,Estado,Região Norte,Acre,AC,Cap X,629,J00–J99,"Doenças do aparelho respiratório (ex: Pneumonia, Asma)"
2022,Estado,Região Norte,Amazonas,AM,Cap X,1877,J00–J99,"Doenças do aparelho respiratório (ex: Pneumonia, Asma)"
2022,Estado,Região Norte,Roraima,RR,Cap X,320,J00–J99,"Doenças do aparelho respiratório (ex: Pneumonia, Asma)"
2022,Estado,Região Norte,Pará,PA,Cap X,5319,J00–J99,"Doenças do aparelho respiratório (ex: Pneumonia, Asma)"
2022,Estado,Região Norte,Amapá,AP,Cap X,460,J00–J99,"Doenças do aparelho respiratório (ex: Pneumonia, Asma)"
2022,Estado,Região Norte,Tocantins,TO,Cap X,905,J00–J99,"Doenças do aparelho respiratório (ex: Pneumonia, Asma)"
2022,Regiao,Região Nordeste,,,Cap X,44971,J00–J99,"Doenças do aparelho respiratório (ex: Pneumonia, Asma)"
2022,Estado,Região Nordeste,Maranhão,MA,Cap X,4013,J00–J99,"Doenças do aparelho respiratório (ex: Pneumonia, Asma)"
2022,Estado,Região Nordeste,Piauí,PI,Cap X,2637,J00–J99,"Doenças do aparelho respiratório (ex: Pneumonia, Asma)"
2022,Estado,Região Nordeste,Ceará,CE,Cap X,8618,J00–J99,"Doenças do aparelho respiratório (ex: Pneumonia, Asma)"
2022,Estado,Região Nordeste,Rio Grande do Norte,RN,Cap X,2771,J00–J99,"Doenças do aparelho respiratório (ex: Pneumonia, Asma)"
2022,Estado,Região Nordeste,Paraíba,PB,Cap X,4025,J00–J99,"Doenças do aparelho respiratório (ex: Pneumonia, Asma)"
2022,Estado,Região Nordeste,Pernambuco,PE,Cap X,8764,J00–J99,"Doenças do aparelho respiratório (ex: Pneumonia, Asma)"
2022,Estado,Região Nordeste,Alagoas,AL,Cap X,2351,J00–J99,"Doenças do aparelho respiratório (ex: Pneumonia, Asma)"
2022,Estado,Região Nordeste,Sergipe,SE,Cap X,1515,J00–J99,"Doenças do aparelho respiratório (ex: Pneumonia, Asma)"
2022,Estado,Região Nordeste,Bahia,BA,Cap X,10277,J00–J99,"Doenças do aparelho respiratório (ex: Pneumonia, Asma)"
2022,Regiao,Região Sudeste,,,Cap X,81611,J00–J99,"Doenças do aparelho respiratório (ex: Pneumonia, Asma)"
2022,Estado,Região Sudeste,Minas Gerais,MG,Cap X,19660,J00–J99,"Doenças do aparelho respiratório (ex: Pneumonia, Asma)"
2022,Estado,Região Sudeste,Espírito Santo,ES,Cap X,2441,J00–J99,"Doenças do aparelho respiratório (ex: Pneumonia, Asma)"
2022,Estado,Região Sudeste,Rio de Janeiro,RJ,Cap X,16856,J00–J99,"Doenças do aparelho respiratório (ex: Pneumonia, Asma)"
2022,Estado,Região Sudeste,São Paulo,SP,Cap X,42654,J00–J99,"Doenças do aparelho respiratório (ex: Pneumonia, Asma)"
2022,Regiao,Região Sul,,,Cap X,27473,J00–J99,"Doenças do aparelho respiratório (ex: Pneumonia, Asma)"
2022,Estado,Região Sul,Paraná,PR,Cap X,10069,J00–J99,"Doenças do aparelho respiratório (ex: Pneumonia, Asma)"
2022,Estado,Região Sul,Santa Catarina,SC,Cap X,5985,J00–J99,"Doenças do aparelho respiratório (ex: Pneumonia, Asma)"
2022,Estado,Região Sul,Rio Grande do Sul,RS,Cap X,11419,J00–J99,"Doenças do aparelho respiratório (ex: Pneumonia, Asma)"
2022,Regiao,Região Centro-Oeste,,,Cap X,11533,J00–J99,"Doenças do aparelho respiratório (ex: Pneumonia, Asma)"
2022,Estado,Região Centro-Oeste,Mato Grosso do Sul,MS,Cap X,2648,J00–J99,"Doenças do aparelho respiratório (ex: Pneumonia, Asma)"
2022,Estado,Região Centro-Oeste,Mato Grosso,MT,Cap X,1940,J00–J99,"Doenças do aparelho respiratório (ex: Pneumonia, Asma)"
2022,Estado,Região Centro-Oeste,Goiás,GO,Cap X,5645,J00–J99,"Doenças do aparelho respiratório (ex: Pneumonia, Asma)"
2022,Estado,Região Centro-Oeste,Distrito Federal,DF,Cap X,1300,J00–J99,"Doenças do aparelho respiratório (ex: Pneumonia, Asma)"
2023,Regiao,Região Norte,,,Cap X,10546,J00–J99,"Doenças do aparelho respiratório (ex: Pneumonia, Asma)"
2023,Estado,Região Norte,Rondônia,RO,Cap X,1085,J00–J99,"Doenças do aparelho respiratório (ex: Pneumonia, Asma)"
2023,Estado,Região Norte,Acre,AC,Cap X,634,J00–J99,"Doenças do aparelho respiratório (ex: Pneumonia, Asma)"
2023,Estado,Região Norte,Amazonas,AM,Cap X,2034,J00–J99,"Doenças do aparelho respiratório (ex: Pneumonia, Asma)"
2023,Estado,Região Norte,Roraima,RR,Cap X,356,J00–J99,"Doenças do aparelho respiratório (ex: Pneumonia, Asma)"
2023,Estado,Região Norte,Pará,PA,Cap X,5055,J00–J99,"Doenças do aparelho respiratório (ex: Pneumonia, Asma)"
2023,Estado,Região Norte,Amapá,AP,Cap X,525,J00–J99,"Doenças do aparelho respiratório (ex: Pneumonia, Asma)"
2023,Estado,Região Norte,Tocantins,TO,Cap X,857,J00–J99,"Doenças do aparelho respiratório (ex: Pneumonia, Asma)"
2023,Regiao,Região Nordeste,,,Cap X,41912,J00–J99,"Doenças do aparelho respiratório (ex: Pneumonia, Asma)"
2023,Estado,Região Nordeste,Maranhão,MA,Cap X,3884,J00–J99,"Doenças do aparelho respiratório (ex: Pneumonia, Asma)"
2023,Estado,Região Nordeste,Piauí,PI,Cap X,2487,J00–J99,"Doenças do aparelho respiratório (ex: Pneumonia, Asma)"
2023,Estado,Região Nordeste,Ceará,CE,Cap X,8521,J00–J99,"Doenças do aparelho respiratório (ex: Pneumonia, Asma)"
2023,Estado,Região Nordeste,Rio Grande do Norte,RN,Cap X,2544,J00–J99,"Doenças do aparelho respiratório (ex: Pneumonia, Asma)"
2023,Estado,Região Nordeste,Paraíba,PB,Cap X,3437,J00–J99,"Doenças do aparelho respiratório (ex: Pneumonia, Asma)"
2023,Estado,Região Nordeste,Pernambuco,PE,Cap X,8093,J00–J99,"Doenças do aparelho respiratório (ex: Pneumonia, Asma)"
2023,Estado,Região Nordeste,Alagoas,AL,Cap X,2198,J00–J99,"Doenças do aparelho respiratório (ex: Pneumonia, Asma)"
2023,Estado,Região Nordeste,Sergipe,SE,Cap X,1271,J00–J99,"Doenças do aparelho respiratório (ex: Pneumonia, Asma)"
2023,Estado,Região Nordeste,Bahia,BA,Cap X,9477,J00–J99,"Doenças do aparelho respiratório (ex: Pneumonia, Asma)"
2023,Regiao,Região Sudeste,,,Cap X,81455,J00–J99,"Doenças do aparelho respiratório (ex: Pneumonia, Asma)"
2023,Estado,Região Sudeste,Minas Gerais,MG,Cap X,20018,J00–J99,"Doenças do aparelho respiratório (ex: Pneumonia, Asma)"
2023,Estado,Região Sudeste,Espírito Santo,ES,Cap X,2178,J00–J99,"Doenças do aparelho respiratório (ex: Pneumonia, Asma)"
2023,Estado,Região Sudeste,Rio de Janeiro,RJ,Cap X,16984,J00–J99,"Doenças do aparelho respiratório (ex: Pneumonia, Asma)"
2023,Estado,Região Sudeste,São Paulo,SP,Cap X,42275,J00–J99,"Doenças do aparelho respiratório (ex: Pneumonia, Asma)"
2023,Regiao,Região Sul,,,Cap X,24583,J00–J99,"Doenças do aparelho respiratório (ex: Pneumonia, Asma)"
2023,Estado,Região Sul,Paraná,PR,Cap X,9323,J00–J99,"Doenças do aparelho respiratório (ex: Pneumonia, Asma)"
2023,Estado,Região Sul,Santa Catarina,SC,Cap X,5263,J00–J99,"Doenças do aparelho respiratório (ex: Pneumonia, Asma)"
2023,Estado,Região Sul,Rio Grande do Sul,RS,Cap X,9997,J00–J99,"Doenças do aparelho respiratório (ex: Pneumonia, Asma)"
2023,Regiao,Região Centro-Oeste,,,Cap X,11636,J00–J99,"Doenças do aparelho respiratório (ex: Pneumonia, Asma)"
2023,Estado,Região Centro-Oeste,Mato Grosso do Sul,MS,Cap X,2487,J00–J99,"Doenças do aparelho respiratório (ex: Pneumonia, Asma)"
2023,Estado,Região Centro-Oeste,Mato Grosso,MT,Cap X,1983,J00–J99,"Doenças do aparelho respiratório (ex: Pneumonia, Asma)"
2023,Estado,Região Centro-Oeste,Goiás,GO,Cap X,5668,J00–J99,"Doenças do aparelho respiratório (ex: Pneumonia, Asma)"
2023,Estado,Região Centro-Oeste,Distrito Federal,DF,Cap X,1498,J00–J99,"Doenças do aparelho respiratório (ex: Pneumonia, Asma)"
2024,Regiao,Região Norte,,,Cap X,10760,J00–J99,"Doenças do aparelho respiratório (ex: Pneumonia, Asma)"
2024,Estado,Região Norte,Rondônia,RO,Cap X,1123,J00–J99,"Doenças do aparelho respiratório (ex: Pneumonia, Asma)"
2024,Estado,Região Norte,Acre,AC,Cap X,611,J00–J99,"Doenças do aparelho respiratório (ex: Pneumonia, Asma)"
2024,Estado,Região Norte,Amazonas,AM,Cap X,1891,J00–J99,"Doenças do aparelho respiratório (ex: Pneumonia, Asma)"
2024,Estado,Região Norte,Roraima,RR,Cap X,290,J00–J99,"Doenças do aparelho respiratório (ex: Pneumonia, Asma)"
2024,Estado,Região Norte,Pará,PA,Cap X,5336,J00–J99,"Doenças do aparelho respiratório (ex: Pneumonia, Asma)"
2024,Estado,Região Norte,Amapá,AP,Cap X,468,J00–J99,"Doenças do aparelho respiratório (ex: Pneumonia, Asma)"
2024,Estado,Região Norte,Tocantins,TO,Cap X,1041,J00–J99,"Doenças do aparelho respiratório (ex: Pneumonia, Asma)"
2024,Regiao,Região Nordeste,,,Cap X,46179,J00–J99,"Doenças do aparelho respiratório (ex: Pneumonia, Asma)"
2024,Estado,Região Nordeste,Maranhão,MA,Cap X,4156,J00–J99,"Doenças do aparelho respiratório (ex: Pneumonia, Asma)"
2024,Estado,Região Nordeste,Piauí,PI,Cap X,2790,J00–J99,"Doenças do aparelho respiratório (ex: Pneumonia, Asma)"
2024,Estado,Região Nordeste,Ceará,CE,Cap X,8696,J00–J99,"Doenças do aparelho respiratório (ex: Pneumonia, Asma)"
2024,Estado,Região Nordeste,Rio Grande do Norte,RN,Cap X,2832,J00–J99,"Doenças do aparelho respiratório (ex: Pneumonia, Asma)"
2024,Estado,Região Nordeste,Paraíba,PB,Cap X,4099,J00–J99,"Doenças do aparelho respiratório (ex: Pneumonia, Asma)"
2024,Estado,Região Nordeste,Pernambuco,PE,Cap X,8970,J00–J99,"Doenças do aparelho respiratório (ex: Pneumonia, Asma)"
2024,Estado,Região Nordeste,Alagoas,AL,Cap X,2628,J00–J99,"Doenças do aparelho respiratório (ex: Pneumonia, Asma)"
2024,Estado,Região Nordeste,Sergipe,SE,Cap X,1531,J00–J99,"Doenças do aparelho respiratório (ex: Pneumonia, Asma)"
2024,Estado,Região Nordeste,Bahia,BA,Cap X,10477,J00–J99,"Doenças do aparelho respiratório (ex: Pneumonia, Asma)"
2024,Regiao,Região Sudeste,,,Cap X,93894,J00–J99,"Doenças do aparelho respiratório (ex: Pneumonia, Asma)"
2024,Estado,Região Sudeste,Minas Gerais,MG,Cap X,22611,J00–J99,"Doenças do aparelho respiratório (ex: Pneumonia, Asma)"
2024,Estado,Região Sudeste,Espírito Santo,ES,Cap X,2127,J00–J99,"Doenças do aparelho respiratório (ex: Pneumonia, Asma)"
2024,Estado,Região Sudeste,Rio de Janeiro,RJ,Cap X,19526,J00–J99,"Doenças do aparelho respiratório (ex: Pneumonia, Asma)"
2024,Estado,Região Sudeste,São Paulo,SP,Cap X,49630,J00–J99,"Doenças do aparelho respiratório (ex: Pneumonia, Asma)"
2024,Regiao,Região Sul,,,Cap X,30036,J00–J99,"Doenças do aparelho respiratório (ex: Pneumonia, Asma)"
2024,Estado,Região Sul,Paraná,PR,Cap X,11521,J00–J99,"Doenças do aparelho respiratório (ex: Pneumonia, Asma)"
2024,Estado,Região Sul,Santa Catarina,SC,Cap X,6203,J00–J99,"Doenças do aparelho respiratório (ex: Pneumonia, Asma)"
2024,Estado,Região Sul,Rio Grande do Sul,RS,Cap X,12312,J00–J99,"Doenças do aparelho respiratório (ex: Pneumonia, Asma)"
2024,Regiao,Região Centro-Oeste,,,Cap X,13194,J00–J99,"Doenças do aparelho respiratório (ex: Pneumonia, Asma)"
2024,Estado,Região Centro-Oeste,Mato Grosso do Sul,MS,Cap X,2488,J00–J99,"Doenças do aparelho respiratório (ex: Pneumonia, Asma)"
2024,Estado,Região Centro-Oeste,Mato Grosso,MT,Cap X,2454,J00–J99,"Doenças do aparelho respiratório (ex: Pneumonia, Asma)"
2024,Estado,Região Centro-Oeste,Goiás,GO,Cap X,6450,J00–J99,"Doenças do aparelho respiratório (ex: Pneumonia, Asma)"
2024,Estado,Região Centro-Oeste,Distrito Federal,DF,Cap X,1802,J00–J99,"Doenças do aparelho respiratório (ex: Pneumonia, Asma)"
2025,Regiao,Região Norte,,,Cap X,11144,J00–J99,"Doenças do aparelho respiratório (ex: Pneumonia, Asma)"
2025,Estado,Região Norte,Rondônia,RO,Cap X,1190,J00–J99,"Doenças do aparelho respiratório (ex: Pneumonia, Asma)"
2025,Estado,Região Norte,Acre,AC,Cap X,568,J00–J99,"Doenças do aparelho respiratório (ex: Pneumonia, Asma)"
2025,Estado,Região Norte,Amazonas,AM,Cap X,2063,J00–J99,"Doenças do aparelho respiratório (ex: Pneumonia, Asma)"
2025,Estado,Região Norte,Roraima,RR,Cap X,377,J00–J99,"Doenças do aparelho respiratório (ex: Pneumonia, Asma)"
2025,Estado,Região Norte,Pará,PA,Cap X,5421,J00–J99,"Doenças do aparelho respiratório (ex: Pneumonia, Asma)"
2025,Estado,Região Norte,Amapá,AP,Cap X,521,J00–J99,"Doenças do aparelho respiratório (ex: Pneumonia, Asma)"
2025,Estado,Região Norte,Tocantins,TO,Cap X,1004,J00–J99,"Doenças do aparelho respiratório (ex: Pneumonia, Asma)"
2025,Regiao,Região Nordeste,,,Cap X,47710,J00–J99,"Doenças do aparelho respiratório (ex: Pneumonia, Asma)"
2025,Estado,Região Nordeste,Maranhão,MA,Cap X,4643,J00–J99,"Doenças do aparelho respiratório (ex: Pneumonia, Asma)"
2025,Estado,Região Nordeste,Piauí,PI,Cap X,2855,J00–J99,"Doenças do aparelho respiratório (ex: Pneumonia, Asma)"
2025,Estado,Região Nordeste,Ceará,CE,Cap X,8707,J00–J99,"Doenças do aparelho respiratório (ex: Pneumonia, Asma)"
2025,Estado,Região Nordeste,Rio Grande do Norte,RN,Cap X,2857,J00–J99,"Doenças do aparelho respiratório (ex: Pneumonia, Asma)"
2025,Estado,Região Nordeste,Paraíba,PB,Cap X,4241,J00–J99,"Doenças do aparelho respiratório (ex: Pneumonia, Asma)"
2025,Estado,Região Nordeste,Pernambuco,PE,Cap X,8915,J00–J99,"Doenças do aparelho respiratório (ex: Pneumonia, Asma)"
2025,Estado,Região Nordeste,Alagoas,AL,Cap X,2731,J00–J99,"Doenças do aparelho respiratório (ex: Pneumonia, Asma)"
2025,Estado,Região Nordeste,Sergipe,SE,Cap X,1594,J00–J99,"Doenças do aparelho respiratório (ex: Pneumonia, Asma)"
2025,Estado,Região Nordeste,Bahia,BA,Cap X,11167,J00–J99,"Doenças do aparelho respiratório (ex: Pneumonia, Asma)"
2025,Regiao,Região Sudeste,,,Cap X,97312,J00–J99,"Doenças do aparelho respiratório (ex: Pneumonia, Asma)"
2025,Estado,Região Sudeste,Minas Gerais,MG,Cap X,22782,J00–J99,"Doenças do aparelho respiratório (ex: Pneumonia, Asma)"
2025,Estado,Região Sudeste,Espírito Santo,ES,Cap X,2174,J00–J99,"Doenças do aparelho respiratório (ex: Pneumonia, Asma)"
2025,Estado,Região Sudeste,Rio de Janeiro,RJ,Cap X,19835,J00–J99,"Doenças do aparelho respiratório (ex: Pneumonia, Asma)"
2025,Estado,Região Sudeste,São Paulo,SP,Cap X,52521,J00–J99,"Doenças do aparelho respiratório (ex: Pneumonia, Asma)"
2025,Regiao,Região Sul,,,Cap X,29515,J00–J99,"Doenças do aparelho respiratório (ex: Pneumonia, Asma)"
2025,Estado,Região Sul,Paraná,PR,Cap X,11146,J00–J99,"Doenças do aparelho respiratório (ex: Pneumonia, Asma)"
2025,Estado,Região Sul,Santa Catarina,SC,Cap X,6200,J00–J99,"Doenças do aparelho respiratório (ex: Pneumonia, Asma)"
2025,Estado,Região Sul,Rio Grande do Sul,RS,Cap X,12169,J00–J99,"Doenças do aparelho respiratório (ex: Pneumonia, Asma)"
2025,Regiao,Região Centro-Oeste,,,Cap X,13469,J00–J99,"Doenças do aparelho respiratório (ex: Pneumonia, Asma)"
2025,Estado,Região Centro-Oeste,Mato Grosso do Sul,MS,Cap X,2677,J00–J99,"Doenças do aparelho respiratório (ex: Pneumonia, Asma)"
2025,Estado,Região Centro-Oeste,Mato Grosso,MT,Cap X,2673,J00–J99,"Doenças do aparelho respiratório (ex: Pneumonia, Asma)"
2025,Estado,Região Centro-Oeste,Goiás,GO,Cap X,6298,J00–J99,"Doenças do aparelho respiratório (ex: Pneumonia, Asma)"
2025,Estado,Região Centro-Oeste,Distrito Federal,DF,Cap X,1821,J00–J99,"Doenças do aparelho respiratório (ex: Pneumonia, Asma)"
2026,Regiao,Região Norte,,,Cap X,4218,J00–J99,"Doenças do aparelho respiratório (ex: Pneumonia, Asma)"
2026,Estado,Região Norte,Rondônia,RO,Cap X,433,J00–J99,"Doenças do aparelho respiratório (ex: Pneumonia, Asma)"
2026,Estado,Região Norte,Acre,AC,Cap X,197,J00–J99,"Doenças do aparelho respiratório (ex: Pneumonia, Asma)"
2026,Estado,Região Norte,Amazonas,AM,Cap X,735,J00–J99,"Doenças do aparelho respiratório (ex: Pneumonia, Asma)"
2026,Estado,Região Norte,Roraima,RR,Cap X,100,J00–J99,"Doenças do aparelho respiratório (ex: Pneumonia, Asma)"
2026,Estado,Região Norte,Pará,PA,Cap X,2161,J00–J99,"Doenças do aparelho respiratório (ex: Pneumonia, Asma)"
2026,Estado,Região Norte,Amapá,AP,Cap X,188,J00–J99,"Doenças do aparelho respiratório (ex: Pneumonia, Asma)"
2026,Estado,Região Norte,Tocantins,TO,Cap X,404,J00–J99,"Doenças do aparelho respiratório (ex: Pneumonia, Asma)"
2026,Regiao,Região Nordeste,,,Cap X,16984,J00–J99,"Doenças do aparelho respiratório (ex: Pneumonia, Asma)"
2026,Estado,Região Nordeste,Maranhão,MA,Cap X,1913,J00–J99,"Doenças do aparelho respiratório (ex: Pneumonia, Asma)"
2026,Estado,Região Nordeste,Piauí,PI,Cap X,1090,J00–J99,"Doenças do aparelho respiratório (ex: Pneumonia, Asma)"
2026,Estado,Região Nordeste,Ceará,CE,Cap X,3383,J00–J99,"Doenças do aparelho respiratório (ex: Pneumonia, Asma)"
2026,Estado,Região Nordeste,Rio Grande do Norte,RN,Cap X,997,J00–J99,"Doenças do aparelho respiratório (ex: Pneumonia, Asma)"
2026,Estado,Região Nordeste,Paraíba,PB,Cap X,1544,J00–J99,"Doenças do aparelho respiratório (ex: Pneumonia, Asma)"
2026,Estado,Região Nordeste,Pernambuco,PE,Cap X,3088,J00–J99,"Doenças do aparelho respiratório (ex: Pneumonia, Asma)"
2026,Estado,Região Nordeste,Alagoas,AL,Cap X,854,J00–J99,"Doenças do aparelho respiratório (ex: Pneumonia, Asma)"
2026,Estado,Região Nordeste,Sergipe,SE,Cap X,616,J00–J99,"Doenças do aparelho respiratório (ex: Pneumonia, Asma)"
2026,Estado,Região Nordeste,Bahia,BA,Cap X,3499,J00–J99,"Doenças do aparelho respiratório (ex: Pneumonia, Asma)"
2026,Regiao,Região Sudeste,,,Cap X,28001,J00–J99,"Doenças do aparelho respiratório (ex: Pneumonia, Asma)"
2026,Estado,Região Sudeste,Minas Gerais,MG,Cap X,6739,J00–J99,"Doenças do aparelho respiratório (ex: Pneumonia, Asma)"
2026,Estado,Região Sudeste,Espírito Santo,ES,Cap X,845,J00–J99,"Doenças do aparelho respiratório (ex: Pneumonia, Asma)"
2026,Estado,Região Sudeste,Rio de Janeiro,RJ,Cap X,5843,J00–J99,"Doenças do aparelho respiratório (ex: Pneumonia, Asma)"
2026,Estado,Região Sudeste,São Paulo,SP,Cap X,14574,J00–J99,"Doenças do aparelho respiratório (ex: Pneumonia, Asma)"
2026,Regiao,Região Sul,,,Cap X,8216,J00–J99,"Doenças do aparelho respiratório (ex: Pneumonia, Asma)"
2026,Estado,Região Sul,Paraná,PR,Cap X,3388,J00–J99,"Doenças do aparelho respiratório (ex: Pneumonia, Asma)"
2026,Estado,Região Sul,Santa Catarina,SC,Cap X,1697,J00–J99,"Doenças do aparelho respiratório (ex: Pneumonia, Asma)"
2026,Estado,Região Sul,Rio Grande do Sul,RS,Cap X,3131,J00–J99,"Doenças do aparelho respiratório (ex: Pneumonia, Asma)"
2026,Regiao,Região Centro-Oeste,,,Cap X,4207,J00–J99,"Doenças do aparelho respiratório (ex: Pneumonia, Asma)"
2026,Estado,Região Centro-Oeste,Mato Grosso do Sul,MS,Cap X,758,J00–J99,"Doenças do aparelho respiratório (ex: Pneumonia, Asma)"
2026,Estado,Região Centro-Oeste,Mato Grosso,MT,Cap X,1015,J00–J99,"Doenças do aparelho respiratório (ex: Pneumonia, Asma)"
2026,Estado,Região Centro-Oeste,Goiás,GO,Cap X,1908,J00–J99,"Doenças do aparelho respiratório (ex: Pneumonia, Asma)"
2026,Estado,Região Centro-Oeste,Distrito Federal,DF,Cap X,526,J00–J99,"Doenças do aparelho respiratório (ex: Pneumonia, Asma)"
2016,Regiao,Região Norte,,,Cap XI,3565,K00–K93,Doenças do aparelho digestivo
2016,Estado,Região Norte,Rondônia,RO,Cap XI,380,K00–K93,Doenças do aparelho digestivo
2016,Estado,Região Norte,Acre,AC,Cap XI,162,K00–K93,Doenças do aparelho digestivo
2016,Estado,Região Norte,Amazonas,AM,Cap XI,708,K00–K93,Doenças do aparelho digestivo
2016,Estado,Região Norte,Roraima,RR,Cap XI,72,K00–K93,Doenças do aparelho digestivo
2016,Estado,Região Norte,Pará,PA,Cap XI,1746,K00–K93,Doenças do aparelho digestivo
2016,Estado,Região Norte,Amapá,AP,Cap XI,117,K00–K93,Doenças do aparelho digestivo
2016,Estado,Região Norte,Tocantins,TO,Cap XI,380,K00–K93,Doenças do aparelho digestivo
2016,Regiao,Região Nordeste,,,Cap XI,17641,K00–K93,Doenças do aparelho digestivo
2016,Estado,Região Nordeste,Maranhão,MA,Cap XI,1759,K00–K93,Doenças do aparelho digestivo
2016,Estado,Região Nordeste,Piauí,PI,Cap XI,978,K00–K93,Doenças do aparelho digestivo
2016,Estado,Região Nordeste,Ceará,CE,Cap XI,2562,K00–K93,Doenças do aparelho digestivo
2016,Estado,Região Nordeste,Rio Grande do Norte,RN,Cap XI,1128,K00–K93,Doenças do aparelho digestivo
2016,Estado,Região Nordeste,Paraíba,PB,Cap XI,1427,K00–K93,Doenças do aparelho digestivo
2016,Estado,Região Nordeste,Pernambuco,PE,Cap XI,3694,K00–K93,Doenças do aparelho digestivo
2016,Estado,Região Nordeste,Alagoas,AL,Cap XI,1206,K00–K93,Doenças do aparelho digestivo
2016,Estado,Região Nordeste,Sergipe,SE,Cap XI,672,K00–K93,Doenças do aparelho digestivo
2016,Estado,Região Nordeste,Bahia,BA,Cap XI,4215,K00–K93,Doenças do aparelho digestivo
2016,Regiao,Região Sudeste,,,Cap XI,30598,K00–K93,Doenças do aparelho digestivo
2016,Estado,Região Sudeste,Minas Gerais,MG,Cap XI,6667,K00–K93,Doenças do aparelho digestivo
2016,Estado,Região Sudeste,Espírito Santo,ES,Cap XI,1190,K00–K93,Doenças do aparelho digestivo
2016,Estado,Região Sudeste,Rio de Janeiro,RJ,Cap XI,5966,K00–K93,Doenças do aparelho digestivo
2016,Estado,Região Sudeste,São Paulo,SP,Cap XI,16775,K00–K93,Doenças do aparelho digestivo
2016,Regiao,Região Sul,,,Cap XI,9585,K00–K93,Doenças do aparelho digestivo
2016,Estado,Região Sul,Paraná,PR,Cap XI,3903,K00–K93,Doenças do aparelho digestivo
2016,Estado,Região Sul,Santa Catarina,SC,Cap XI,1859,K00–K93,Doenças do aparelho digestivo
2016,Estado,Região Sul,Rio Grande do Sul,RS,Cap XI,3823,K00–K93,Doenças do aparelho digestivo
2016,Regiao,Região Centro-Oeste,,,Cap XI,4655,K00–K93,Doenças do aparelho digestivo
2016,Estado,Região Centro-Oeste,Mato Grosso do Sul,MS,Cap XI,912,K00–K93,Doenças do aparelho digestivo
2016,Estado,Região Centro-Oeste,Mato Grosso,MT,Cap XI,825,K00–K93,Doenças do aparelho digestivo
2016,Estado,Região Centro-Oeste,Goiás,GO,Cap XI,2182,K00–K93,Doenças do aparelho digestivo
2016,Estado,Região Centro-Oeste,Distrito Federal,DF,Cap XI,736,K00–K93,Doenças do aparelho digestivo
2017,Regiao,Região Norte,,,Cap XI,3627,K00–K93,Doenças do aparelho digestivo
2017,Estado,Região Norte,Rondônia,RO,Cap XI,350,K00–K93,Doenças do aparelho digestivo
2017,Estado,Região Norte,Acre,AC,Cap XI,168,K00–K93,Doenças do aparelho digestivo
2017,Estado,Região Norte,Amazonas,AM,Cap XI,697,K00–K93,Doenças do aparelho digestivo
2017,Estado,Região Norte,Roraima,RR,Cap XI,129,K00–K93,Doenças do aparelho digestivo
2017,Estado,Região Norte,Pará,PA,Cap XI,1788,K00–K93,Doenças do aparelho digestivo
2017,Estado,Região Norte,Amapá,AP,Cap XI,130,K00–K93,Doenças do aparelho digestivo
2017,Estado,Região Norte,Tocantins,TO,Cap XI,365,K00–K93,Doenças do aparelho digestivo
2017,Regiao,Região Nordeste,,,Cap XI,17637,K00–K93,Doenças do aparelho digestivo
2017,Estado,Região Nordeste,Maranhão,MA,Cap XI,1699,K00–K93,Doenças do aparelho digestivo
2017,Estado,Região Nordeste,Piauí,PI,Cap XI,1023,K00–K93,Doenças do aparelho digestivo
2017,Estado,Região Nordeste,Ceará,CE,Cap XI,2855,K00–K93,Doenças do aparelho digestivo
2017,Estado,Região Nordeste,Rio Grande do Norte,RN,Cap XI,1124,K00–K93,Doenças do aparelho digestivo
2017,Estado,Região Nordeste,Paraíba,PB,Cap XI,1336,K00–K93,Doenças do aparelho digestivo
2017,Estado,Região Nordeste,Pernambuco,PE,Cap XI,3443,K00–K93,Doenças do aparelho digestivo
2017,Estado,Região Nordeste,Alagoas,AL,Cap XI,1151,K00–K93,Doenças do aparelho digestivo
2017,Estado,Região Nordeste,Sergipe,SE,Cap XI,664,K00–K93,Doenças do aparelho digestivo
2017,Estado,Região Nordeste,Bahia,BA,Cap XI,4342,K00–K93,Doenças do aparelho digestivo
2017,Regiao,Região Sudeste,,,Cap XI,30518,K00–K93,Doenças do aparelho digestivo
2017,Estado,Região Sudeste,Minas Gerais,MG,Cap XI,6809,K00–K93,Doenças do aparelho digestivo
2017,Estado,Região Sudeste,Espírito Santo,ES,Cap XI,1142,K00–K93,Doenças do aparelho digestivo
2017,Estado,Região Sudeste,Rio de Janeiro,RJ,Cap XI,5708,K00–K93,Doenças do aparelho digestivo
2017,Estado,Região Sudeste,São Paulo,SP,Cap XI,16859,K00–K93,Doenças do aparelho digestivo
2017,Regiao,Região Sul,,,Cap XI,9518,K00–K93,Doenças do aparelho digestivo
2017,Estado,Região Sul,Paraná,PR,Cap XI,3785,K00–K93,Doenças do aparelho digestivo
2017,Estado,Região Sul,Santa Catarina,SC,Cap XI,1900,K00–K93,Doenças do aparelho digestivo
2017,Estado,Região Sul,Rio Grande do Sul,RS,Cap XI,3833,K00–K93,Doenças do aparelho digestivo
2017,Regiao,Região Centro-Oeste,,,Cap XI,4752,K00–K93,Doenças do aparelho digestivo
2017,Estado,Região Centro-Oeste,Mato Grosso do Sul,MS,Cap XI,892,K00–K93,Doenças do aparelho digestivo
2017,Estado,Região Centro-Oeste,Mato Grosso,MT,Cap XI,875,K00–K93,Doenças do aparelho digestivo
2017,Estado,Região Centro-Oeste,Goiás,GO,Cap XI,2283,K00–K93,Doenças do aparelho digestivo
2017,Estado,Região Centro-Oeste,Distrito Federal,DF,Cap XI,702,K00–K93,Doenças do aparelho digestivo
2018,Regiao,Região Norte,,,Cap XI,3625,K00–K93,Doenças do aparelho digestivo
2018,Estado,Região Norte,Rondônia,RO,Cap XI,328,K00–K93,Doenças do aparelho digestivo
2018,Estado,Região Norte,Acre,AC,Cap XI,181,K00–K93,Doenças do aparelho digestivo
2018,Estado,Região Norte,Amazonas,AM,Cap XI,734,K00–K93,Doenças do aparelho digestivo
2018,Estado,Região Norte,Roraima,RR,Cap XI,98,K00–K93,Doenças do aparelho digestivo
2018,Estado,Região Norte,Pará,PA,Cap XI,1726,K00–K93,Doenças do aparelho digestivo
2018,Estado,Região Norte,Amapá,AP,Cap XI,164,K00–K93,Doenças do aparelho digestivo
2018,Estado,Região Norte,Tocantins,TO,Cap XI,394,K00–K93,Doenças do aparelho digestivo
2018,Regiao,Região Nordeste,,,Cap XI,17717,K00–K93,Doenças do aparelho digestivo
2018,Estado,Região Nordeste,Maranhão,MA,Cap XI,1732,K00–K93,Doenças do aparelho digestivo
2018,Estado,Região Nordeste,Piauí,PI,Cap XI,1040,K00–K93,Doenças do aparelho digestivo
2018,Estado,Região Nordeste,Ceará,CE,Cap XI,2883,K00–K93,Doenças do aparelho digestivo
2018,Estado,Região Nordeste,Rio Grande do Norte,RN,Cap XI,1088,K00–K93,Doenças do aparelho digestivo
2018,Estado,Região Nordeste,Paraíba,PB,Cap XI,1341,K00–K93,Doenças do aparelho digestivo
2018,Estado,Região Nordeste,Pernambuco,PE,Cap XI,3519,K00–K93,Doenças do aparelho digestivo
2018,Estado,Região Nordeste,Alagoas,AL,Cap XI,1130,K00–K93,Doenças do aparelho digestivo
2018,Estado,Região Nordeste,Sergipe,SE,Cap XI,637,K00–K93,Doenças do aparelho digestivo
2018,Estado,Região Nordeste,Bahia,BA,Cap XI,4347,K00–K93,Doenças do aparelho digestivo
2018,Regiao,Região Sudeste,,,Cap XI,31200,K00–K93,Doenças do aparelho digestivo
2018,Estado,Região Sudeste,Minas Gerais,MG,Cap XI,7072,K00–K93,Doenças do aparelho digestivo
2018,Estado,Região Sudeste,Espírito Santo,ES,Cap XI,1205,K00–K93,Doenças do aparelho digestivo
2018,Estado,Região Sudeste,Rio de Janeiro,RJ,Cap XI,5854,K00–K93,Doenças do aparelho digestivo
2018,Estado,Região Sudeste,São Paulo,SP,Cap XI,17069,K00–K93,Doenças do aparelho digestivo
2018,Regiao,Região Sul,,,Cap XI,10087,K00–K93,Doenças do aparelho digestivo
2018,Estado,Região Sul,Paraná,PR,Cap XI,3975,K00–K93,Doenças do aparelho digestivo
2018,Estado,Região Sul,Santa Catarina,SC,Cap XI,2001,K00–K93,Doenças do aparelho digestivo
2018,Estado,Região Sul,Rio Grande do Sul,RS,Cap XI,4111,K00–K93,Doenças do aparelho digestivo
2018,Regiao,Região Centro-Oeste,,,Cap XI,4687,K00–K93,Doenças do aparelho digestivo
2018,Estado,Região Centro-Oeste,Mato Grosso do Sul,MS,Cap XI,806,K00–K93,Doenças do aparelho digestivo
2018,Estado,Região Centro-Oeste,Mato Grosso,MT,Cap XI,897,K00–K93,Doenças do aparelho digestivo
2018,Estado,Região Centro-Oeste,Goiás,GO,Cap XI,2291,K00–K93,Doenças do aparelho digestivo
2018,Estado,Região Centro-Oeste,Distrito Federal,DF,Cap XI,693,K00–K93,Doenças do aparelho digestivo
2019,Regiao,Região Norte,,,Cap XI,3858,K00–K93,Doenças do aparelho digestivo
2019,Estado,Região Norte,Rondônia,RO,Cap XI,353,K00–K93,Doenças do aparelho digestivo
2019,Estado,Região Norte,Acre,AC,Cap XI,174,K00–K93,Doenças do aparelho digestivo
2019,Estado,Região Norte,Amazonas,AM,Cap XI,805,K00–K93,Doenças do aparelho digestivo
2019,Estado,Região Norte,Roraima,RR,Cap XI,114,K00–K93,Doenças do aparelho digestivo
2019,Estado,Região Norte,Pará,PA,Cap XI,1847,K00–K93,Doenças do aparelho digestivo
2019,Estado,Região Norte,Amapá,AP,Cap XI,160,K00–K93,Doenças do aparelho digestivo
2019,Estado,Região Norte,Tocantins,TO,Cap XI,405,K00–K93,Doenças do aparelho digestivo
2019,Regiao,Região Nordeste,,,Cap XI,18158,K00–K93,Doenças do aparelho digestivo
2019,Estado,Região Nordeste,Maranhão,MA,Cap XI,1846,K00–K93,Doenças do aparelho digestivo
2019,Estado,Região Nordeste,Piauí,PI,Cap XI,1002,K00–K93,Doenças do aparelho digestivo
2019,Estado,Região Nordeste,Ceará,CE,Cap XI,3019,K00–K93,Doenças do aparelho digestivo
2019,Estado,Região Nordeste,Rio Grande do Norte,RN,Cap XI,1148,K00–K93,Doenças do aparelho digestivo
2019,Estado,Região Nordeste,Paraíba,PB,Cap XI,1305,K00–K93,Doenças do aparelho digestivo
2019,Estado,Região Nordeste,Pernambuco,PE,Cap XI,3596,K00–K93,Doenças do aparelho digestivo
2019,Estado,Região Nordeste,Alagoas,AL,Cap XI,1177,K00–K93,Doenças do aparelho digestivo
2019,Estado,Região Nordeste,Sergipe,SE,Cap XI,676,K00–K93,Doenças do aparelho digestivo
2019,Estado,Região Nordeste,Bahia,BA,Cap XI,4389,K00–K93,Doenças do aparelho digestivo
2019,Regiao,Região Sudeste,,,Cap XI,31583,K00–K93,Doenças do aparelho digestivo
2019,Estado,Região Sudeste,Minas Gerais,MG,Cap XI,7124,K00–K93,Doenças do aparelho digestivo
2019,Estado,Região Sudeste,Espírito Santo,ES,Cap XI,1212,K00–K93,Doenças do aparelho digestivo
2019,Estado,Região Sudeste,Rio de Janeiro,RJ,Cap XI,6081,K00–K93,Doenças do aparelho digestivo
2019,Estado,Região Sudeste,São Paulo,SP,Cap XI,17166,K00–K93,Doenças do aparelho digestivo
2019,Regiao,Região Sul,,,Cap XI,10276,K00–K93,Doenças do aparelho digestivo
2019,Estado,Região Sul,Paraná,PR,Cap XI,4200,K00–K93,Doenças do aparelho digestivo
2019,Estado,Região Sul,Santa Catarina,SC,Cap XI,2035,K00–K93,Doenças do aparelho digestivo
2019,Estado,Região Sul,Rio Grande do Sul,RS,Cap XI,4041,K00–K93,Doenças do aparelho digestivo
2019,Regiao,Região Centro-Oeste,,,Cap XI,4895,K00–K93,Doenças do aparelho digestivo
2019,Estado,Região Centro-Oeste,Mato Grosso do Sul,MS,Cap XI,912,K00–K93,Doenças do aparelho digestivo
2019,Estado,Região Centro-Oeste,Mato Grosso,MT,Cap XI,868,K00–K93,Doenças do aparelho digestivo
2019,Estado,Região Centro-Oeste,Goiás,GO,Cap XI,2342,K00–K93,Doenças do aparelho digestivo
2019,Estado,Região Centro-Oeste,Distrito Federal,DF,Cap XI,773,K00–K93,Doenças do aparelho digestivo
2020,Regiao,Região Norte,,,Cap XI,3682,K00–K93,Doenças do aparelho digestivo
2020,Estado,Região Norte,Rondônia,RO,Cap XI,362,K00–K93,Doenças do aparelho digestivo
2020,Estado,Região Norte,Acre,AC,Cap XI,163,K00–K93,Doenças do aparelho digestivo
2020,Estado,Região Norte,Amazonas,AM,Cap XI,749,K00–K93,Doenças do aparelho digestivo
2020,Estado,Região Norte,Roraima,RR,Cap XI,134,K00–K93,Doenças do aparelho digestivo
2020,Estado,Região Norte,Pará,PA,Cap XI,1717,K00–K93,Doenças do aparelho digestivo
2020,Estado,Região Norte,Amapá,AP,Cap XI,160,K00–K93,Doenças do aparelho digestivo
2020,Estado,Região Norte,Tocantins,TO,Cap XI,397,K00–K93,Doenças do aparelho digestivo
2020,Regiao,Região Nordeste,,,Cap XI,17897,K00–K93,Doenças do aparelho digestivo
2020,Estado,Região Nordeste,Maranhão,MA,Cap XI,1884,K00–K93,Doenças do aparelho digestivo
2020,Estado,Região Nordeste,Piauí,PI,Cap XI,1055,K00–K93,Doenças do aparelho digestivo
2020,Estado,Região Nordeste,Ceará,CE,Cap XI,2795,K00–K93,Doenças do aparelho digestivo
2020,Estado,Região Nordeste,Rio Grande do Norte,RN,Cap XI,1105,K00–K93,Doenças do aparelho digestivo
2020,Estado,Região Nordeste,Paraíba,PB,Cap XI,1349,K00–K93,Doenças do aparelho digestivo
2020,Estado,Região Nordeste,Pernambuco,PE,Cap XI,3371,K00–K93,Doenças do aparelho digestivo
2020,Estado,Região Nordeste,Alagoas,AL,Cap XI,1168,K00–K93,Doenças do aparelho digestivo
2020,Estado,Região Nordeste,Sergipe,SE,Cap XI,638,K00–K93,Doenças do aparelho digestivo
2020,Estado,Região Nordeste,Bahia,BA,Cap XI,4532,K00–K93,Doenças do aparelho digestivo
2020,Regiao,Região Sudeste,,,Cap XI,29883,K00–K93,Doenças do aparelho digestivo
2020,Estado,Região Sudeste,Minas Gerais,MG,Cap XI,7083,K00–K93,Doenças do aparelho digestivo
2020,Estado,Região Sudeste,Espírito Santo,ES,Cap XI,1111,K00–K93,Doenças do aparelho digestivo
2020,Estado,Região Sudeste,Rio de Janeiro,RJ,Cap XI,5584,K00–K93,Doenças do aparelho digestivo
2020,Estado,Região Sudeste,São Paulo,SP,Cap XI,16105,K00–K93,Doenças do aparelho digestivo
2020,Regiao,Região Sul,,,Cap XI,10286,K00–K93,Doenças do aparelho digestivo
2020,Estado,Região Sul,Paraná,PR,Cap XI,4280,K00–K93,Doenças do aparelho digestivo
2020,Estado,Região Sul,Santa Catarina,SC,Cap XI,2097,K00–K93,Doenças do aparelho digestivo
2020,Estado,Região Sul,Rio Grande do Sul,RS,Cap XI,3909,K00–K93,Doenças do aparelho digestivo
2020,Regiao,Região Centro-Oeste,,,Cap XI,4919,K00–K93,Doenças do aparelho digestivo
2020,Estado,Região Centro-Oeste,Mato Grosso do Sul,MS,Cap XI,918,K00–K93,Doenças do aparelho digestivo
2020,Estado,Região Centro-Oeste,Mato Grosso,MT,Cap XI,822,K00–K93,Doenças do aparelho digestivo
2020,Estado,Região Centro-Oeste,Goiás,GO,Cap XI,2392,K00–K93,Doenças do aparelho digestivo
2020,Estado,Região Centro-Oeste,Distrito Federal,DF,Cap XI,787,K00–K93,Doenças do aparelho digestivo
2021,Regiao,Região Norte,,,Cap XI,4150,K00–K93,Doenças do aparelho digestivo
2021,Estado,Região Norte,Rondônia,RO,Cap XI,363,K00–K93,Doenças do aparelho digestivo
2021,Estado,Região Norte,Acre,AC,Cap XI,156,K00–K93,Doenças do aparelho digestivo
2021,Estado,Região Norte,Amazonas,AM,Cap XI,829,K00–K93,Doenças do aparelho digestivo
2021,Estado,Região Norte,Roraima,RR,Cap XI,164,K00–K93,Doenças do aparelho digestivo
2021,Estado,Região Norte,Pará,PA,Cap XI,1952,K00–K93,Doenças do aparelho digestivo
2021,Estado,Região Norte,Amapá,AP,Cap XI,159,K00–K93,Doenças do aparelho digestivo
2021,Estado,Região Norte,Tocantins,TO,Cap XI,527,K00–K93,Doenças do aparelho digestivo
2021,Regiao,Região Nordeste,,,Cap XI,18893,K00–K93,Doenças do aparelho digestivo
2021,Estado,Região Nordeste,Maranhão,MA,Cap XI,2038,K00–K93,Doenças do aparelho digestivo
2021,Estado,Região Nordeste,Piauí,PI,Cap XI,1065,K00–K93,Doenças do aparelho digestivo
2021,Estado,Região Nordeste,Ceará,CE,Cap XI,3053,K00–K93,Doenças do aparelho digestivo
2021,Estado,Região Nordeste,Rio Grande do Norte,RN,Cap XI,1127,K00–K93,Doenças do aparelho digestivo
2021,Estado,Região Nordeste,Paraíba,PB,Cap XI,1396,K00–K93,Doenças do aparelho digestivo
2021,Estado,Região Nordeste,Pernambuco,PE,Cap XI,3601,K00–K93,Doenças do aparelho digestivo
2021,Estado,Região Nordeste,Alagoas,AL,Cap XI,1131,K00–K93,Doenças do aparelho digestivo
2021,Estado,Região Nordeste,Sergipe,SE,Cap XI,671,K00–K93,Doenças do aparelho digestivo
2021,Estado,Região Nordeste,Bahia,BA,Cap XI,4811,K00–K93,Doenças do aparelho digestivo
2021,Regiao,Região Sudeste,,,Cap XI,32820,K00–K93,Doenças do aparelho digestivo
2021,Estado,Região Sudeste,Minas Gerais,MG,Cap XI,7682,K00–K93,Doenças do aparelho digestivo
2021,Estado,Região Sudeste,Espírito Santo,ES,Cap XI,1212,K00–K93,Doenças do aparelho digestivo
2021,Estado,Região Sudeste,Rio de Janeiro,RJ,Cap XI,5884,K00–K93,Doenças do aparelho digestivo
2021,Estado,Região Sudeste,São Paulo,SP,Cap XI,18042,K00–K93,Doenças do aparelho digestivo
2021,Regiao,Região Sul,,,Cap XI,10965,K00–K93,Doenças do aparelho digestivo
2021,Estado,Região Sul,Paraná,PR,Cap XI,4583,K00–K93,Doenças do aparelho digestivo
2021,Estado,Região Sul,Santa Catarina,SC,Cap XI,2227,K00–K93,Doenças do aparelho digestivo
2021,Estado,Região Sul,Rio Grande do Sul,RS,Cap XI,4155,K00–K93,Doenças do aparelho digestivo
2021,Regiao,Região Centro-Oeste,,,Cap XI,5489,K00–K93,Doenças do aparelho digestivo
2021,Estado,Região Centro-Oeste,Mato Grosso do Sul,MS,Cap XI,973,K00–K93,Doenças do aparelho digestivo
2021,Estado,Região Centro-Oeste,Mato Grosso,MT,Cap XI,946,K00–K93,Doenças do aparelho digestivo
2021,Estado,Região Centro-Oeste,Goiás,GO,Cap XI,2722,K00–K93,Doenças do aparelho digestivo
2021,Estado,Região Centro-Oeste,Distrito Federal,DF,Cap XI,848,K00–K93,Doenças do aparelho digestivo
2022,Regiao,Região Norte,,,Cap XI,4296,K00–K93,Doenças do aparelho digestivo
2022,Estado,Região Norte,Rondônia,RO,Cap XI,382,K00–K93,Doenças do aparelho digestivo
2022,Estado,Região Norte,Acre,AC,Cap XI,152,K00–K93,Doenças do aparelho digestivo
2022,Estado,Região Norte,Amazonas,AM,Cap XI,906,K00–K93,Doenças do aparelho digestivo
2022,Estado,Região Norte,Roraima,RR,Cap XI,136,K00–K93,Doenças do aparelho digestivo
2022,Estado,Região Norte,Pará,PA,Cap XI,2110,K00–K93,Doenças do aparelho digestivo
2022,Estado,Região Norte,Amapá,AP,Cap XI,142,K00–K93,Doenças do aparelho digestivo
2022,Estado,Região Norte,Tocantins,TO,Cap XI,468,K00–K93,Doenças do aparelho digestivo
2022,Regiao,Região Nordeste,,,Cap XI,20474,K00–K93,Doenças do aparelho digestivo
2022,Estado,Região Nordeste,Maranhão,MA,Cap XI,2226,K00–K93,Doenças do aparelho digestivo
2022,Estado,Região Nordeste,Piauí,PI,Cap XI,1245,K00–K93,Doenças do aparelho digestivo
2022,Estado,Região Nordeste,Ceará,CE,Cap XI,3451,K00–K93,Doenças do aparelho digestivo
2022,Estado,Região Nordeste,Rio Grande do Norte,RN,Cap XI,1196,K00–K93,Doenças do aparelho digestivo
2022,Estado,Região Nordeste,Paraíba,PB,Cap XI,1519,K00–K93,Doenças do aparelho digestivo
2022,Estado,Região Nordeste,Pernambuco,PE,Cap XI,3846,K00–K93,Doenças do aparelho digestivo
2022,Estado,Região Nordeste,Alagoas,AL,Cap XI,1121,K00–K93,Doenças do aparelho digestivo
2022,Estado,Região Nordeste,Sergipe,SE,Cap XI,739,K00–K93,Doenças do aparelho digestivo
2022,Estado,Região Nordeste,Bahia,BA,Cap XI,5131,K00–K93,Doenças do aparelho digestivo
2022,Regiao,Região Sudeste,,,Cap XI,34176,K00–K93,Doenças do aparelho digestivo
2022,Estado,Região Sudeste,Minas Gerais,MG,Cap XI,7969,K00–K93,Doenças do aparelho digestivo
2022,Estado,Região Sudeste,Espírito Santo,ES,Cap XI,1253,K00–K93,Doenças do aparelho digestivo
2022,Estado,Região Sudeste,Rio de Janeiro,RJ,Cap XI,6039,K00–K93,Doenças do aparelho digestivo
2022,Estado,Região Sudeste,São Paulo,SP,Cap XI,18915,K00–K93,Doenças do aparelho digestivo
2022,Regiao,Região Sul,,,Cap XI,11692,K00–K93,Doenças do aparelho digestivo
2022,Estado,Região Sul,Paraná,PR,Cap XI,4921,K00–K93,Doenças do aparelho digestivo
2022,Estado,Região Sul,Santa Catarina,SC,Cap XI,2397,K00–K93,Doenças do aparelho digestivo
2022,Estado,Região Sul,Rio Grande do Sul,RS,Cap XI,4374,K00–K93,Doenças do aparelho digestivo
2022,Regiao,Região Centro-Oeste,,,Cap XI,5847,K00–K93,Doenças do aparelho digestivo
2022,Estado,Região Centro-Oeste,Mato Grosso do Sul,MS,Cap XI,1120,K00–K93,Doenças do aparelho digestivo
2022,Estado,Região Centro-Oeste,Mato Grosso,MT,Cap XI,1068,K00–K93,Doenças do aparelho digestivo
2022,Estado,Região Centro-Oeste,Goiás,GO,Cap XI,2765,K00–K93,Doenças do aparelho digestivo
2022,Estado,Região Centro-Oeste,Distrito Federal,DF,Cap XI,894,K00–K93,Doenças do aparelho digestivo
2023,Regiao,Região Norte,,,Cap XI,4493,K00–K93,Doenças do aparelho digestivo
2023,Estado,Região Norte,Rondônia,RO,Cap XI,416,K00–K93,Doenças do aparelho digestivo
2023,Estado,Região Norte,Acre,AC,Cap XI,186,K00–K93,Doenças do aparelho digestivo
2023,Estado,Região Norte,Amazonas,AM,Cap XI,974,K00–K93,Doenças do aparelho digestivo
2023,Estado,Região Norte,Roraima,RR,Cap XI,154,K00–K93,Doenças do aparelho digestivo
2023,Estado,Região Norte,Pará,PA,Cap XI,2154,K00–K93,Doenças do aparelho digestivo
2023,Estado,Região Norte,Amapá,AP,Cap XI,130,K00–K93,Doenças do aparelho digestivo
2023,Estado,Região Norte,Tocantins,TO,Cap XI,479,K00–K93,Doenças do aparelho digestivo
2023,Regiao,Região Nordeste,,,Cap XI,20703,K00–K93,Doenças do aparelho digestivo
2023,Estado,Região Nordeste,Maranhão,MA,Cap XI,2112,K00–K93,Doenças do aparelho digestivo
2023,Estado,Região Nordeste,Piauí,PI,Cap XI,1164,K00–K93,Doenças do aparelho digestivo
2023,Estado,Região Nordeste,Ceará,CE,Cap XI,3296,K00–K93,Doenças do aparelho digestivo
2023,Estado,Região Nordeste,Rio Grande do Norte,RN,Cap XI,1193,K00–K93,Doenças do aparelho digestivo
2023,Estado,Região Nordeste,Paraíba,PB,Cap XI,1688,K00–K93,Doenças do aparelho digestivo
2023,Estado,Região Nordeste,Pernambuco,PE,Cap XI,4065,K00–K93,Doenças do aparelho digestivo
2023,Estado,Região Nordeste,Alagoas,AL,Cap XI,1216,K00–K93,Doenças do aparelho digestivo
2023,Estado,Região Nordeste,Sergipe,SE,Cap XI,723,K00–K93,Doenças do aparelho digestivo
2023,Estado,Região Nordeste,Bahia,BA,Cap XI,5246,K00–K93,Doenças do aparelho digestivo
2023,Regiao,Região Sudeste,,,Cap XI,34249,K00–K93,Doenças do aparelho digestivo
2023,Estado,Região Sudeste,Minas Gerais,MG,Cap XI,8003,K00–K93,Doenças do aparelho digestivo
2023,Estado,Região Sudeste,Espírito Santo,ES,Cap XI,1454,K00–K93,Doenças do aparelho digestivo
2023,Estado,Região Sudeste,Rio de Janeiro,RJ,Cap XI,6033,K00–K93,Doenças do aparelho digestivo
2023,Estado,Região Sudeste,São Paulo,SP,Cap XI,18759,K00–K93,Doenças do aparelho digestivo
2023,Regiao,Região Sul,,,Cap XI,11512,K00–K93,Doenças do aparelho digestivo
2023,Estado,Região Sul,Paraná,PR,Cap XI,4902,K00–K93,Doenças do aparelho digestivo
2023,Estado,Região Sul,Santa Catarina,SC,Cap XI,2373,K00–K93,Doenças do aparelho digestivo
2023,Estado,Região Sul,Rio Grande do Sul,RS,Cap XI,4237,K00–K93,Doenças do aparelho digestivo
2023,Regiao,Região Centro-Oeste,,,Cap XI,5915,K00–K93,Doenças do aparelho digestivo
2023,Estado,Região Centro-Oeste,Mato Grosso do Sul,MS,Cap XI,1105,K00–K93,Doenças do aparelho digestivo
2023,Estado,Região Centro-Oeste,Mato Grosso,MT,Cap XI,1066,K00–K93,Doenças do aparelho digestivo
2023,Estado,Região Centro-Oeste,Goiás,GO,Cap XI,2833,K00–K93,Doenças do aparelho digestivo
2023,Estado,Região Centro-Oeste,Distrito Federal,DF,Cap XI,911,K00–K93,Doenças do aparelho digestivo
2024,Regiao,Região Norte,,,Cap XI,4820,K00–K93,Doenças do aparelho digestivo
2024,Estado,Região Norte,Rondônia,RO,Cap XI,424,K00–K93,Doenças do aparelho digestivo
2024,Estado,Região Norte,Acre,AC,Cap XI,210,K00–K93,Doenças do aparelho digestivo
2024,Estado,Região Norte,Amazonas,AM,Cap XI,1024,K00–K93,Doenças do aparelho digestivo
2024,Estado,Região Norte,Roraima,RR,Cap XI,157,K00–K93,Doenças do aparelho digestivo
2024,Estado,Região Norte,Pará,PA,Cap XI,2347,K00–K93,Doenças do aparelho digestivo
2024,Estado,Região Norte,Amapá,AP,Cap XI,141,K00–K93,Doenças do aparelho digestivo
2024,Estado,Região Norte,Tocantins,TO,Cap XI,517,K00–K93,Doenças do aparelho digestivo
2024,Regiao,Região Nordeste,,,Cap XI,21956,K00–K93,Doenças do aparelho digestivo
2024,Estado,Região Nordeste,Maranhão,MA,Cap XI,2276,K00–K93,Doenças do aparelho digestivo
2024,Estado,Região Nordeste,Piauí,PI,Cap XI,1278,K00–K93,Doenças do aparelho digestivo
2024,Estado,Região Nordeste,Ceará,CE,Cap XI,3546,K00–K93,Doenças do aparelho digestivo
2024,Estado,Região Nordeste,Rio Grande do Norte,RN,Cap XI,1230,K00–K93,Doenças do aparelho digestivo
2024,Estado,Região Nordeste,Paraíba,PB,Cap XI,1603,K00–K93,Doenças do aparelho digestivo
2024,Estado,Região Nordeste,Pernambuco,PE,Cap XI,4274,K00–K93,Doenças do aparelho digestivo
2024,Estado,Região Nordeste,Alagoas,AL,Cap XI,1292,K00–K93,Doenças do aparelho digestivo
2024,Estado,Região Nordeste,Sergipe,SE,Cap XI,753,K00–K93,Doenças do aparelho digestivo
2024,Estado,Região Nordeste,Bahia,BA,Cap XI,5704,K00–K93,Doenças do aparelho digestivo
2024,Regiao,Região Sudeste,,,Cap XI,36204,K00–K93,Doenças do aparelho digestivo
2024,Estado,Região Sudeste,Minas Gerais,MG,Cap XI,8473,K00–K93,Doenças do aparelho digestivo
2024,Estado,Região Sudeste,Espírito Santo,ES,Cap XI,1343,K00–K93,Doenças do aparelho digestivo
2024,Estado,Região Sudeste,Rio de Janeiro,RJ,Cap XI,6328,K00–K93,Doenças do aparelho digestivo
2024,Estado,Região Sudeste,São Paulo,SP,Cap XI,20060,K00–K93,Doenças do aparelho digestivo
2024,Regiao,Região Sul,,,Cap XI,12352,K00–K93,Doenças do aparelho digestivo
2024,Estado,Região Sul,Paraná,PR,Cap XI,5176,K00–K93,Doenças do aparelho digestivo
2024,Estado,Região Sul,Santa Catarina,SC,Cap XI,2587,K00–K93,Doenças do aparelho digestivo
2024,Estado,Região Sul,Rio Grande do Sul,RS,Cap XI,4589,K00–K93,Doenças do aparelho digestivo
2024,Regiao,Região Centro-Oeste,,,Cap XI,6211,K00–K93,Doenças do aparelho digestivo
2024,Estado,Região Centro-Oeste,Mato Grosso do Sul,MS,Cap XI,1147,K00–K93,Doenças do aparelho digestivo
2024,Estado,Região Centro-Oeste,Mato Grosso,MT,Cap XI,1173,K00–K93,Doenças do aparelho digestivo
2024,Estado,Região Centro-Oeste,Goiás,GO,Cap XI,2924,K00–K93,Doenças do aparelho digestivo
2024,Estado,Região Centro-Oeste,Distrito Federal,DF,Cap XI,967,K00–K93,Doenças do aparelho digestivo
2025,Regiao,Região Norte,,,Cap XI,4964,K00–K93,Doenças do aparelho digestivo
2025,Estado,Região Norte,Rondônia,RO,Cap XI,425,K00–K93,Doenças do aparelho digestivo
2025,Estado,Região Norte,Acre,AC,Cap XI,227,K00–K93,Doenças do aparelho digestivo
2025,Estado,Região Norte,Amazonas,AM,Cap XI,991,K00–K93,Doenças do aparelho digestivo
2025,Estado,Região Norte,Roraima,RR,Cap XI,174,K00–K93,Doenças do aparelho digestivo
2025,Estado,Região Norte,Pará,PA,Cap XI,2426,K00–K93,Doenças do aparelho digestivo
2025,Estado,Região Norte,Amapá,AP,Cap XI,172,K00–K93,Doenças do aparelho digestivo
2025,Estado,Região Norte,Tocantins,TO,Cap XI,549,K00–K93,Doenças do aparelho digestivo
2025,Regiao,Região Nordeste,,,Cap XI,22901,K00–K93,Doenças do aparelho digestivo
2025,Estado,Região Nordeste,Maranhão,MA,Cap XI,2343,K00–K93,Doenças do aparelho digestivo
2025,Estado,Região Nordeste,Piauí,PI,Cap XI,1233,K00–K93,Doenças do aparelho digestivo
2025,Estado,Região Nordeste,Ceará,CE,Cap XI,3685,K00–K93,Doenças do aparelho digestivo
2025,Estado,Região Nordeste,Rio Grande do Norte,RN,Cap XI,1348,K00–K93,Doenças do aparelho digestivo
2025,Estado,Região Nordeste,Paraíba,PB,Cap XI,1709,K00–K93,Doenças do aparelho digestivo
2025,Estado,Região Nordeste,Pernambuco,PE,Cap XI,4584,K00–K93,Doenças do aparelho digestivo
2025,Estado,Região Nordeste,Alagoas,AL,Cap XI,1436,K00–K93,Doenças do aparelho digestivo
2025,Estado,Região Nordeste,Sergipe,SE,Cap XI,828,K00–K93,Doenças do aparelho digestivo
2025,Estado,Região Nordeste,Bahia,BA,Cap XI,5735,K00–K93,Doenças do aparelho digestivo
2025,Regiao,Região Sudeste,,,Cap XI,36942,K00–K93,Doenças do aparelho digestivo
2025,Estado,Região Sudeste,Minas Gerais,MG,Cap XI,8468,K00–K93,Doenças do aparelho digestivo
2025,Estado,Região Sudeste,Espírito Santo,ES,Cap XI,1387,K00–K93,Doenças do aparelho digestivo
2025,Estado,Região Sudeste,Rio de Janeiro,RJ,Cap XI,6584,K00–K93,Doenças do aparelho digestivo
2025,Estado,Região Sudeste,São Paulo,SP,Cap XI,20503,K00–K93,Doenças do aparelho digestivo
2025,Regiao,Região Sul,,,Cap XI,12498,K00–K93,Doenças do aparelho digestivo
2025,Estado,Região Sul,Paraná,PR,Cap XI,5359,K00–K93,Doenças do aparelho digestivo
2025,Estado,Região Sul,Santa Catarina,SC,Cap XI,2654,K00–K93,Doenças do aparelho digestivo
2025,Estado,Região Sul,Rio Grande do Sul,RS,Cap XI,4485,K00–K93,Doenças do aparelho digestivo
2025,Regiao,Região Centro-Oeste,,,Cap XI,6181,K00–K93,Doenças do aparelho digestivo
2025,Estado,Região Centro-Oeste,Mato Grosso do Sul,MS,Cap XI,1161,K00–K93,Doenças do aparelho digestivo
2025,Estado,Região Centro-Oeste,Mato Grosso,MT,Cap XI,1222,K00–K93,Doenças do aparelho digestivo
2025,Estado,Região Centro-Oeste,Goiás,GO,Cap XI,2934,K00–K93,Doenças do aparelho digestivo
2025,Estado,Região Centro-Oeste,Distrito Federal,DF,Cap XI,864,K00–K93,Doenças do aparelho digestivo
2026,Regiao,Região Norte,,,Cap XI,1812,K00–K93,Doenças do aparelho digestivo
2026,Estado,Região Norte,Rondônia,RO,Cap XI,205,K00–K93,Doenças do aparelho digestivo
2026,Estado,Região Norte,Acre,AC,Cap XI,68,K00–K93,Doenças do aparelho digestivo
2026,Estado,Região Norte,Amazonas,AM,Cap XI,351,K00–K93,Doenças do aparelho digestivo
2026,Estado,Região Norte,Roraima,RR,Cap XI,49,K00–K93,Doenças do aparelho digestivo
2026,Estado,Região Norte,Pará,PA,Cap XI,894,K00–K93,Doenças do aparelho digestivo
2026,Estado,Região Norte,Amapá,AP,Cap XI,61,K00–K93,Doenças do aparelho digestivo
2026,Estado,Região Norte,Tocantins,TO,Cap XI,184,K00–K93,Doenças do aparelho digestivo
2026,Regiao,Região Nordeste,,,Cap XI,8057,K00–K93,Doenças do aparelho digestivo
2026,Estado,Região Nordeste,Maranhão,MA,Cap XI,951,K00–K93,Doenças do aparelho digestivo
2026,Estado,Região Nordeste,Piauí,PI,Cap XI,450,K00–K93,Doenças do aparelho digestivo
2026,Estado,Região Nordeste,Ceará,CE,Cap XI,1361,K00–K93,Doenças do aparelho digestivo
2026,Estado,Região Nordeste,Rio Grande do Norte,RN,Cap XI,444,K00–K93,Doenças do aparelho digestivo
2026,Estado,Região Nordeste,Paraíba,PB,Cap XI,625,K00–K93,Doenças do aparelho digestivo
2026,Estado,Região Nordeste,Pernambuco,PE,Cap XI,1502,K00–K93,Doenças do aparelho digestivo
2026,Estado,Região Nordeste,Alagoas,AL,Cap XI,499,K00–K93,Doenças do aparelho digestivo
2026,Estado,Região Nordeste,Sergipe,SE,Cap XI,289,K00–K93,Doenças do aparelho digestivo
2026,Estado,Região Nordeste,Bahia,BA,Cap XI,1936,K00–K93,Doenças do aparelho digestivo
2026,Regiao,Região Sudeste,,,Cap XI,12412,K00–K93,Doenças do aparelho digestivo
2026,Estado,Região Sudeste,Minas Gerais,MG,Cap XI,2872,K00–K93,Doenças do aparelho digestivo
2026,Estado,Região Sudeste,Espírito Santo,ES,Cap XI,465,K00–K93,Doenças do aparelho digestivo
2026,Estado,Região Sudeste,Rio de Janeiro,RJ,Cap XI,2081,K00–K93,Doenças do aparelho digestivo
2026,Estado,Região Sudeste,São Paulo,SP,Cap XI,6994,K00–K93,Doenças do aparelho digestivo
2026,Regiao,Região Sul,,,Cap XI,4260,K00–K93,Doenças do aparelho digestivo
2026,Estado,Região Sul,Paraná,PR,Cap XI,1923,K00–K93,Doenças do aparelho digestivo
2026,Estado,Região Sul,Santa Catarina,SC,Cap XI,913,K00–K93,Doenças do aparelho digestivo
2026,Estado,Região Sul,Rio Grande do Sul,RS,Cap XI,1424,K00–K93,Doenças do aparelho digestivo
2026,Regiao,Região Centro-Oeste,,,Cap XI,2115,K00–K93,Doenças do aparelho digestivo
2026,Estado,Região Centro-Oeste,Mato Grosso do Sul,MS,Cap XI,491,K00–K93,Doenças do aparelho digestivo
2026,Estado,Região Centro-Oeste,Mato Grosso,MT,Cap XI,461,K00–K93,Doenças do aparelho digestivo
2026,Estado,Região Centro-Oeste,Goiás,GO,Cap XI,887,K00–K93,Doenças do aparelho digestivo
2026,Estado,Região Centro-Oeste,Distrito Federal,DF,Cap XI,276,K00–K93,Doenças do aparelho digestivo
2016,Regiao,Região Norte,,,Cap XII,237,L00–L99,Doenças da pele e do tecido subcutâneo
2016,Estado,Região Norte,Rondônia,RO,Cap XII,14,L00–L99,Doenças da pele e do tecido subcutâneo
2016,Estado,Região Norte,Acre,AC,Cap XII,11,L00–L99,Doenças da pele e do tecido subcutâneo
2016,Estado,Região Norte,Amazonas,AM,Cap XII,27,L00–L99,Doenças da pele e do tecido subcutâneo
2016,Estado,Região Norte,Roraima,RR,Cap XII,5,L00–L99,Doenças da pele e do tecido subcutâneo
2016,Estado,Região Norte,Pará,PA,Cap XII,142,L00–L99,Doenças da pele e do tecido subcutâneo
2016,Estado,Região Norte,Amapá,AP,Cap XII,16,L00–L99,Doenças da pele e do tecido subcutâneo
2016,Estado,Região Norte,Tocantins,TO,Cap XII,22,L00–L99,Doenças da pele e do tecido subcutâneo
2016,Regiao,Região Nordeste,,,Cap XII,1780,L00–L99,Doenças da pele e do tecido subcutâneo
2016,Estado,Região Nordeste,Maranhão,MA,Cap XII,134,L00–L99,Doenças da pele e do tecido subcutâneo
2016,Estado,Região Nordeste,Piauí,PI,Cap XII,67,L00–L99,Doenças da pele e do tecido subcutâneo
2016,Estado,Região Nordeste,Ceará,CE,Cap XII,318,L00–L99,Doenças da pele e do tecido subcutâneo
2016,Estado,Região Nordeste,Rio Grande do Norte,RN,Cap XII,133,L00–L99,Doenças da pele e do tecido subcutâneo
2016,Estado,Região Nordeste,Paraíba,PB,Cap XII,128,L00–L99,Doenças da pele e do tecido subcutâneo
2016,Estado,Região Nordeste,Pernambuco,PE,Cap XII,376,L00–L99,Doenças da pele e do tecido subcutâneo
2016,Estado,Região Nordeste,Alagoas,AL,Cap XII,119,L00–L99,Doenças da pele e do tecido subcutâneo
2016,Estado,Região Nordeste,Sergipe,SE,Cap XII,85,L00–L99,Doenças da pele e do tecido subcutâneo
2016,Estado,Região Nordeste,Bahia,BA,Cap XII,420,L00–L99,Doenças da pele e do tecido subcutâneo
2016,Regiao,Região Sudeste,,,Cap XII,3110,L00–L99,Doenças da pele e do tecido subcutâneo
2016,Estado,Região Sudeste,Minas Gerais,MG,Cap XII,617,L00–L99,Doenças da pele e do tecido subcutâneo
2016,Estado,Região Sudeste,Espírito Santo,ES,Cap XII,103,L00–L99,Doenças da pele e do tecido subcutâneo
2016,Estado,Região Sudeste,Rio de Janeiro,RJ,Cap XII,1013,L00–L99,Doenças da pele e do tecido subcutâneo
2016,Estado,Região Sudeste,São Paulo,SP,Cap XII,1377,L00–L99,Doenças da pele e do tecido subcutâneo
2016,Regiao,Região Sul,,,Cap XII,502,L00–L99,Doenças da pele e do tecido subcutâneo
2016,Estado,Região Sul,Paraná,PR,Cap XII,165,L00–L99,Doenças da pele e do tecido subcutâneo
2016,Estado,Região Sul,Santa Catarina,SC,Cap XII,121,L00–L99,Doenças da pele e do tecido subcutâneo
2016,Estado,Região Sul,Rio Grande do Sul,RS,Cap XII,216,L00–L99,Doenças da pele e do tecido subcutâneo
2016,Regiao,Região Centro-Oeste,,,Cap XII,245,L00–L99,Doenças da pele e do tecido subcutâneo
2016,Estado,Região Centro-Oeste,Mato Grosso do Sul,MS,Cap XII,63,L00–L99,Doenças da pele e do tecido subcutâneo
2016,Estado,Região Centro-Oeste,Mato Grosso,MT,Cap XII,35,L00–L99,Doenças da pele e do tecido subcutâneo
2016,Estado,Região Centro-Oeste,Goiás,GO,Cap XII,124,L00–L99,Doenças da pele e do tecido subcutâneo
2016,Estado,Região Centro-Oeste,Distrito Federal,DF,Cap XII,23,L00–L99,Doenças da pele e do tecido subcutâneo
2017,Regiao,Região Norte,,,Cap XII,317,L00–L99,Doenças da pele e do tecido subcutâneo
2017,Estado,Região Norte,Rondônia,RO,Cap XII,13,L00–L99,Doenças da pele e do tecido subcutâneo
2017,Estado,Região Norte,Acre,AC,Cap XII,12,L00–L99,Doenças da pele e do tecido subcutâneo
2017,Estado,Região Norte,Amazonas,AM,Cap XII,55,L00–L99,Doenças da pele e do tecido subcutâneo
2017,Estado,Região Norte,Roraima,RR,Cap XII,15,L00–L99,Doenças da pele e do tecido subcutâneo
2017,Estado,Região Norte,Pará,PA,Cap XII,184,L00–L99,Doenças da pele e do tecido subcutâneo
2017,Estado,Região Norte,Amapá,AP,Cap XII,12,L00–L99,Doenças da pele e do tecido subcutâneo
2017,Estado,Região Norte,Tocantins,TO,Cap XII,26,L00–L99,Doenças da pele e do tecido subcutâneo
2017,Regiao,Região Nordeste,,,Cap XII,1951,L00–L99,Doenças da pele e do tecido subcutâneo
2017,Estado,Região Nordeste,Maranhão,MA,Cap XII,166,L00–L99,Doenças da pele e do tecido subcutâneo
2017,Estado,Região Nordeste,Piauí,PI,Cap XII,89,L00–L99,Doenças da pele e do tecido subcutâneo
2017,Estado,Região Nordeste,Ceará,CE,Cap XII,425,L00–L99,Doenças da pele e do tecido subcutâneo
2017,Estado,Região Nordeste,Rio Grande do Norte,RN,Cap XII,151,L00–L99,Doenças da pele e do tecido subcutâneo
2017,Estado,Região Nordeste,Paraíba,PB,Cap XII,150,L00–L99,Doenças da pele e do tecido subcutâneo
2017,Estado,Região Nordeste,Pernambuco,PE,Cap XII,330,L00–L99,Doenças da pele e do tecido subcutâneo
2017,Estado,Região Nordeste,Alagoas,AL,Cap XII,83,L00–L99,Doenças da pele e do tecido subcutâneo
2017,Estado,Região Nordeste,Sergipe,SE,Cap XII,113,L00–L99,Doenças da pele e do tecido subcutâneo
2017,Estado,Região Nordeste,Bahia,BA,Cap XII,444,L00–L99,Doenças da pele e do tecido subcutâneo
2017,Regiao,Região Sudeste,,,Cap XII,3096,L00–L99,Doenças da pele e do tecido subcutâneo
2017,Estado,Região Sudeste,Minas Gerais,MG,Cap XII,622,L00–L99,Doenças da pele e do tecido subcutâneo
2017,Estado,Região Sudeste,Espírito Santo,ES,Cap XII,106,L00–L99,Doenças da pele e do tecido subcutâneo
2017,Estado,Região Sudeste,Rio de Janeiro,RJ,Cap XII,907,L00–L99,Doenças da pele e do tecido subcutâneo
2017,Estado,Região Sudeste,São Paulo,SP,Cap XII,1461,L00–L99,Doenças da pele e do tecido subcutâneo
2017,Regiao,Região Sul,,,Cap XII,500,L00–L99,Doenças da pele e do tecido subcutâneo
2017,Estado,Região Sul,Paraná,PR,Cap XII,156,L00–L99,Doenças da pele e do tecido subcutâneo
2017,Estado,Região Sul,Santa Catarina,SC,Cap XII,118,L00–L99,Doenças da pele e do tecido subcutâneo
2017,Estado,Região Sul,Rio Grande do Sul,RS,Cap XII,226,L00–L99,Doenças da pele e do tecido subcutâneo
2017,Regiao,Região Centro-Oeste,,,Cap XII,236,L00–L99,Doenças da pele e do tecido subcutâneo
2017,Estado,Região Centro-Oeste,Mato Grosso do Sul,MS,Cap XII,80,L00–L99,Doenças da pele e do tecido subcutâneo
2017,Estado,Região Centro-Oeste,Mato Grosso,MT,Cap XII,40,L00–L99,Doenças da pele e do tecido subcutâneo
2017,Estado,Região Centro-Oeste,Goiás,GO,Cap XII,97,L00–L99,Doenças da pele e do tecido subcutâneo
2017,Estado,Região Centro-Oeste,Distrito Federal,DF,Cap XII,19,L00–L99,Doenças da pele e do tecido subcutâneo
2018,Regiao,Região Norte,,,Cap XII,258,L00–L99,Doenças da pele e do tecido subcutâneo
2018,Estado,Região Norte,Rondônia,RO,Cap XII,10,L00–L99,Doenças da pele e do tecido subcutâneo
2018,Estado,Região Norte,Acre,AC,Cap XII,5,L00–L99,Doenças da pele e do tecido subcutâneo
2018,Estado,Região Norte,Amazonas,AM,Cap XII,39,L00–L99,Doenças da pele e do tecido subcutâneo
2018,Estado,Região Norte,Roraima,RR,Cap XII,10,L00–L99,Doenças da pele e do tecido subcutâneo
2018,Estado,Região Norte,Pará,PA,Cap XII,171,L00–L99,Doenças da pele e do tecido subcutâneo
2018,Estado,Região Norte,Amapá,AP,Cap XII,9,L00–L99,Doenças da pele e do tecido subcutâneo
2018,Estado,Região Norte,Tocantins,TO,Cap XII,14,L00–L99,Doenças da pele e do tecido subcutâneo
2018,Regiao,Região Nordeste,,,Cap XII,1838,L00–L99,Doenças da pele e do tecido subcutâneo
2018,Estado,Região Nordeste,Maranhão,MA,Cap XII,168,L00–L99,Doenças da pele e do tecido subcutâneo
2018,Estado,Região Nordeste,Piauí,PI,Cap XII,102,L00–L99,Doenças da pele e do tecido subcutâneo
2018,Estado,Região Nordeste,Ceará,CE,Cap XII,363,L00–L99,Doenças da pele e do tecido subcutâneo
2018,Estado,Região Nordeste,Rio Grande do Norte,RN,Cap XII,115,L00–L99,Doenças da pele e do tecido subcutâneo
2018,Estado,Região Nordeste,Paraíba,PB,Cap XII,124,L00–L99,Doenças da pele e do tecido subcutâneo
2018,Estado,Região Nordeste,Pernambuco,PE,Cap XII,304,L00–L99,Doenças da pele e do tecido subcutâneo
2018,Estado,Região Nordeste,Alagoas,AL,Cap XII,89,L00–L99,Doenças da pele e do tecido subcutâneo
2018,Estado,Região Nordeste,Sergipe,SE,Cap XII,109,L00–L99,Doenças da pele e do tecido subcutâneo
2018,Estado,Região Nordeste,Bahia,BA,Cap XII,464,L00–L99,Doenças da pele e do tecido subcutâneo
2018,Regiao,Região Sudeste,,,Cap XII,3251,L00–L99,Doenças da pele e do tecido subcutâneo
2018,Estado,Região Sudeste,Minas Gerais,MG,Cap XII,689,L00–L99,Doenças da pele e do tecido subcutâneo
2018,Estado,Região Sudeste,Espírito Santo,ES,Cap XII,121,L00–L99,Doenças da pele e do tecido subcutâneo
2018,Estado,Região Sudeste,Rio de Janeiro,RJ,Cap XII,947,L00–L99,Doenças da pele e do tecido subcutâneo
2018,Estado,Região Sudeste,São Paulo,SP,Cap XII,1494,L00–L99,Doenças da pele e do tecido subcutâneo
2018,Regiao,Região Sul,,,Cap XII,636,L00–L99,Doenças da pele e do tecido subcutâneo
2018,Estado,Região Sul,Paraná,PR,Cap XII,202,L00–L99,Doenças da pele e do tecido subcutâneo
2018,Estado,Região Sul,Santa Catarina,SC,Cap XII,132,L00–L99,Doenças da pele e do tecido subcutâneo
2018,Estado,Região Sul,Rio Grande do Sul,RS,Cap XII,302,L00–L99,Doenças da pele e do tecido subcutâneo
2018,Regiao,Região Centro-Oeste,,,Cap XII,290,L00–L99,Doenças da pele e do tecido subcutâneo
2018,Estado,Região Centro-Oeste,Mato Grosso do Sul,MS,Cap XII,82,L00–L99,Doenças da pele e do tecido subcutâneo
2018,Estado,Região Centro-Oeste,Mato Grosso,MT,Cap XII,52,L00–L99,Doenças da pele e do tecido subcutâneo
2018,Estado,Região Centro-Oeste,Goiás,GO,Cap XII,131,L00–L99,Doenças da pele e do tecido subcutâneo
2018,Estado,Região Centro-Oeste,Distrito Federal,DF,Cap XII,25,L00–L99,Doenças da pele e do tecido subcutâneo
2019,Regiao,Região Norte,,,Cap XII,318,L00–L99,Doenças da pele e do tecido subcutâneo
2019,Estado,Região Norte,Rondônia,RO,Cap XII,17,L00–L99,Doenças da pele e do tecido subcutâneo
2019,Estado,Região Norte,Acre,AC,Cap XII,6,L00–L99,Doenças da pele e do tecido subcutâneo
2019,Estado,Região Norte,Amazonas,AM,Cap XII,46,L00–L99,Doenças da pele e do tecido subcutâneo
2019,Estado,Região Norte,Roraima,RR,Cap XII,35,L00–L99,Doenças da pele e do tecido subcutâneo
2019,Estado,Região Norte,Pará,PA,Cap XII,190,L00–L99,Doenças da pele e do tecido subcutâneo
2019,Estado,Região Norte,Amapá,AP,Cap XII,10,L00–L99,Doenças da pele e do tecido subcutâneo
2019,Estado,Região Norte,Tocantins,TO,Cap XII,14,L00–L99,Doenças da pele e do tecido subcutâneo
2019,Regiao,Região Nordeste,,,Cap XII,2247,L00–L99,Doenças da pele e do tecido subcutâneo
2019,Estado,Região Nordeste,Maranhão,MA,Cap XII,197,L00–L99,Doenças da pele e do tecido subcutâneo
2019,Estado,Região Nordeste,Piauí,PI,Cap XII,126,L00–L99,Doenças da pele e do tecido subcutâneo
2019,Estado,Região Nordeste,Ceará,CE,Cap XII,412,L00–L99,Doenças da pele e do tecido subcutâneo
2019,Estado,Região Nordeste,Rio Grande do Norte,RN,Cap XII,132,L00–L99,Doenças da pele e do tecido subcutâneo
2019,Estado,Região Nordeste,Paraíba,PB,Cap XII,167,L00–L99,Doenças da pele e do tecido subcutâneo
2019,Estado,Região Nordeste,Pernambuco,PE,Cap XII,457,L00–L99,Doenças da pele e do tecido subcutâneo
2019,Estado,Região Nordeste,Alagoas,AL,Cap XII,127,L00–L99,Doenças da pele e do tecido subcutâneo
2019,Estado,Região Nordeste,Sergipe,SE,Cap XII,131,L00–L99,Doenças da pele e do tecido subcutâneo
2019,Estado,Região Nordeste,Bahia,BA,Cap XII,498,L00–L99,Doenças da pele e do tecido subcutâneo
2019,Regiao,Região Sudeste,,,Cap XII,3613,L00–L99,Doenças da pele e do tecido subcutâneo
2019,Estado,Região Sudeste,Minas Gerais,MG,Cap XII,664,L00–L99,Doenças da pele e do tecido subcutâneo
2019,Estado,Região Sudeste,Espírito Santo,ES,Cap XII,108,L00–L99,Doenças da pele e do tecido subcutâneo
2019,Estado,Região Sudeste,Rio de Janeiro,RJ,Cap XII,1067,L00–L99,Doenças da pele e do tecido subcutâneo
2019,Estado,Região Sudeste,São Paulo,SP,Cap XII,1774,L00–L99,Doenças da pele e do tecido subcutâneo
2019,Regiao,Região Sul,,,Cap XII,674,L00–L99,Doenças da pele e do tecido subcutâneo
2019,Estado,Região Sul,Paraná,PR,Cap XII,215,L00–L99,Doenças da pele e do tecido subcutâneo
2019,Estado,Região Sul,Santa Catarina,SC,Cap XII,148,L00–L99,Doenças da pele e do tecido subcutâneo
2019,Estado,Região Sul,Rio Grande do Sul,RS,Cap XII,311,L00–L99,Doenças da pele e do tecido subcutâneo
2019,Regiao,Região Centro-Oeste,,,Cap XII,300,L00–L99,Doenças da pele e do tecido subcutâneo
2019,Estado,Região Centro-Oeste,Mato Grosso do Sul,MS,Cap XII,82,L00–L99,Doenças da pele e do tecido subcutâneo
2019,Estado,Região Centro-Oeste,Mato Grosso,MT,Cap XII,51,L00–L99,Doenças da pele e do tecido subcutâneo
2019,Estado,Região Centro-Oeste,Goiás,GO,Cap XII,139,L00–L99,Doenças da pele e do tecido subcutâneo
2019,Estado,Região Centro-Oeste,Distrito Federal,DF,Cap XII,28,L00–L99,Doenças da pele e do tecido subcutâneo
2020,Regiao,Região Norte,,,Cap XII,299,L00–L99,Doenças da pele e do tecido subcutâneo
2020,Estado,Região Norte,Rondônia,RO,Cap XII,17,L00–L99,Doenças da pele e do tecido subcutâneo
2020,Estado,Região Norte,Acre,AC,Cap XII,2,L00–L99,Doenças da pele e do tecido subcutâneo
2020,Estado,Região Norte,Amazonas,AM,Cap XII,53,L00–L99,Doenças da pele e do tecido subcutâneo
2020,Estado,Região Norte,Roraima,RR,Cap XII,13,L00–L99,Doenças da pele e do tecido subcutâneo
2020,Estado,Região Norte,Pará,PA,Cap XII,177,L00–L99,Doenças da pele e do tecido subcutâneo
2020,Estado,Região Norte,Amapá,AP,Cap XII,6,L00–L99,Doenças da pele e do tecido subcutâneo
2020,Estado,Região Norte,Tocantins,TO,Cap XII,31,L00–L99,Doenças da pele e do tecido subcutâneo
2020,Regiao,Região Nordeste,,,Cap XII,2163,L00–L99,Doenças da pele e do tecido subcutâneo
2020,Estado,Região Nordeste,Maranhão,MA,Cap XII,181,L00–L99,Doenças da pele e do tecido subcutâneo
2020,Estado,Região Nordeste,Piauí,PI,Cap XII,119,L00–L99,Doenças da pele e do tecido subcutâneo
2020,Estado,Região Nordeste,Ceará,CE,Cap XII,409,L00–L99,Doenças da pele e do tecido subcutâneo
2020,Estado,Região Nordeste,Rio Grande do Norte,RN,Cap XII,142,L00–L99,Doenças da pele e do tecido subcutâneo
2020,Estado,Região Nordeste,Paraíba,PB,Cap XII,148,L00–L99,Doenças da pele e do tecido subcutâneo
2020,Estado,Região Nordeste,Pernambuco,PE,Cap XII,415,L00–L99,Doenças da pele e do tecido subcutâneo
2020,Estado,Região Nordeste,Alagoas,AL,Cap XII,98,L00–L99,Doenças da pele e do tecido subcutâneo
2020,Estado,Região Nordeste,Sergipe,SE,Cap XII,120,L00–L99,Doenças da pele e do tecido subcutâneo
2020,Estado,Região Nordeste,Bahia,BA,Cap XII,531,L00–L99,Doenças da pele e do tecido subcutâneo
2020,Regiao,Região Sudeste,,,Cap XII,3309,L00–L99,Doenças da pele e do tecido subcutâneo
2020,Estado,Região Sudeste,Minas Gerais,MG,Cap XII,650,L00–L99,Doenças da pele e do tecido subcutâneo
2020,Estado,Região Sudeste,Espírito Santo,ES,Cap XII,128,L00–L99,Doenças da pele e do tecido subcutâneo
2020,Estado,Região Sudeste,Rio de Janeiro,RJ,Cap XII,908,L00–L99,Doenças da pele e do tecido subcutâneo
2020,Estado,Região Sudeste,São Paulo,SP,Cap XII,1623,L00–L99,Doenças da pele e do tecido subcutâneo
2020,Regiao,Região Sul,,,Cap XII,723,L00–L99,Doenças da pele e do tecido subcutâneo
2020,Estado,Região Sul,Paraná,PR,Cap XII,281,L00–L99,Doenças da pele e do tecido subcutâneo
2020,Estado,Região Sul,Santa Catarina,SC,Cap XII,150,L00–L99,Doenças da pele e do tecido subcutâneo
2020,Estado,Região Sul,Rio Grande do Sul,RS,Cap XII,292,L00–L99,Doenças da pele e do tecido subcutâneo
2020,Regiao,Região Centro-Oeste,,,Cap XII,302,L00–L99,Doenças da pele e do tecido subcutâneo
2020,Estado,Região Centro-Oeste,Mato Grosso do Sul,MS,Cap XII,96,L00–L99,Doenças da pele e do tecido subcutâneo
2020,Estado,Região Centro-Oeste,Mato Grosso,MT,Cap XII,43,L00–L99,Doenças da pele e do tecido subcutâneo
2020,Estado,Região Centro-Oeste,Goiás,GO,Cap XII,113,L00–L99,Doenças da pele e do tecido subcutâneo
2020,Estado,Região Centro-Oeste,Distrito Federal,DF,Cap XII,50,L00–L99,Doenças da pele e do tecido subcutâneo
2021,Regiao,Região Norte,,,Cap XII,320,L00–L99,Doenças da pele e do tecido subcutâneo
2021,Estado,Região Norte,Rondônia,RO,Cap XII,14,L00–L99,Doenças da pele e do tecido subcutâneo
2021,Estado,Região Norte,Acre,AC,Cap XII,5,L00–L99,Doenças da pele e do tecido subcutâneo
2021,Estado,Região Norte,Amazonas,AM,Cap XII,81,L00–L99,Doenças da pele e do tecido subcutâneo
2021,Estado,Região Norte,Roraima,RR,Cap XII,10,L00–L99,Doenças da pele e do tecido subcutâneo
2021,Estado,Região Norte,Pará,PA,Cap XII,186,L00–L99,Doenças da pele e do tecido subcutâneo
2021,Estado,Região Norte,Amapá,AP,Cap XII,10,L00–L99,Doenças da pele e do tecido subcutâneo
2021,Estado,Região Norte,Tocantins,TO,Cap XII,14,L00–L99,Doenças da pele e do tecido subcutâneo
2021,Regiao,Região Nordeste,,,Cap XII,2551,L00–L99,Doenças da pele e do tecido subcutâneo
2021,Estado,Região Nordeste,Maranhão,MA,Cap XII,212,L00–L99,Doenças da pele e do tecido subcutâneo
2021,Estado,Região Nordeste,Piauí,PI,Cap XII,134,L00–L99,Doenças da pele e do tecido subcutâneo
2021,Estado,Região Nordeste,Ceará,CE,Cap XII,410,L00–L99,Doenças da pele e do tecido subcutâneo
2021,Estado,Região Nordeste,Rio Grande do Norte,RN,Cap XII,192,L00–L99,Doenças da pele e do tecido subcutâneo
2021,Estado,Região Nordeste,Paraíba,PB,Cap XII,182,L00–L99,Doenças da pele e do tecido subcutâneo
2021,Estado,Região Nordeste,Pernambuco,PE,Cap XII,617,L00–L99,Doenças da pele e do tecido subcutâneo
2021,Estado,Região Nordeste,Alagoas,AL,Cap XII,137,L00–L99,Doenças da pele e do tecido subcutâneo
2021,Estado,Região Nordeste,Sergipe,SE,Cap XII,105,L00–L99,Doenças da pele e do tecido subcutâneo
2021,Estado,Região Nordeste,Bahia,BA,Cap XII,562,L00–L99,Doenças da pele e do tecido subcutâneo
2021,Regiao,Região Sudeste,,,Cap XII,4092,L00–L99,Doenças da pele e do tecido subcutâneo
2021,Estado,Região Sudeste,Minas Gerais,MG,Cap XII,769,L00–L99,Doenças da pele e do tecido subcutâneo
2021,Estado,Região Sudeste,Espírito Santo,ES,Cap XII,165,L00–L99,Doenças da pele e do tecido subcutâneo
2021,Estado,Região Sudeste,Rio de Janeiro,RJ,Cap XII,1093,L00–L99,Doenças da pele e do tecido subcutâneo
2021,Estado,Região Sudeste,São Paulo,SP,Cap XII,2065,L00–L99,Doenças da pele e do tecido subcutâneo
2021,Regiao,Região Sul,,,Cap XII,848,L00–L99,Doenças da pele e do tecido subcutâneo
2021,Estado,Região Sul,Paraná,PR,Cap XII,298,L00–L99,Doenças da pele e do tecido subcutâneo
2021,Estado,Região Sul,Santa Catarina,SC,Cap XII,167,L00–L99,Doenças da pele e do tecido subcutâneo
2021,Estado,Região Sul,Rio Grande do Sul,RS,Cap XII,383,L00–L99,Doenças da pele e do tecido subcutâneo
2021,Regiao,Região Centro-Oeste,,,Cap XII,358,L00–L99,Doenças da pele e do tecido subcutâneo
2021,Estado,Região Centro-Oeste,Mato Grosso do Sul,MS,Cap XII,107,L00–L99,Doenças da pele e do tecido subcutâneo
2021,Estado,Região Centro-Oeste,Mato Grosso,MT,Cap XII,46,L00–L99,Doenças da pele e do tecido subcutâneo
2021,Estado,Região Centro-Oeste,Goiás,GO,Cap XII,160,L00–L99,Doenças da pele e do tecido subcutâneo
2021,Estado,Região Centro-Oeste,Distrito Federal,DF,Cap XII,45,L00–L99,Doenças da pele e do tecido subcutâneo
2022,Regiao,Região Norte,,,Cap XII,470,L00–L99,Doenças da pele e do tecido subcutâneo
2022,Estado,Região Norte,Rondônia,RO,Cap XII,22,L00–L99,Doenças da pele e do tecido subcutâneo
2022,Estado,Região Norte,Acre,AC,Cap XII,13,L00–L99,Doenças da pele e do tecido subcutâneo
2022,Estado,Região Norte,Amazonas,AM,Cap XII,77,L00–L99,Doenças da pele e do tecido subcutâneo
2022,Estado,Região Norte,Roraima,RR,Cap XII,20,L00–L99,Doenças da pele e do tecido subcutâneo
2022,Estado,Região Norte,Pará,PA,Cap XII,290,L00–L99,Doenças da pele e do tecido subcutâneo
2022,Estado,Região Norte,Amapá,AP,Cap XII,10,L00–L99,Doenças da pele e do tecido subcutâneo
2022,Estado,Região Norte,Tocantins,TO,Cap XII,38,L00–L99,Doenças da pele e do tecido subcutâneo
2022,Regiao,Região Nordeste,,,Cap XII,3167,L00–L99,Doenças da pele e do tecido subcutâneo
2022,Estado,Região Nordeste,Maranhão,MA,Cap XII,267,L00–L99,Doenças da pele e do tecido subcutâneo
2022,Estado,Região Nordeste,Piauí,PI,Cap XII,169,L00–L99,Doenças da pele e do tecido subcutâneo
2022,Estado,Região Nordeste,Ceará,CE,Cap XII,567,L00–L99,Doenças da pele e do tecido subcutâneo
2022,Estado,Região Nordeste,Rio Grande do Norte,RN,Cap XII,214,L00–L99,Doenças da pele e do tecido subcutâneo
2022,Estado,Região Nordeste,Paraíba,PB,Cap XII,220,L00–L99,Doenças da pele e do tecido subcutâneo
2022,Estado,Região Nordeste,Pernambuco,PE,Cap XII,752,L00–L99,Doenças da pele e do tecido subcutâneo
2022,Estado,Região Nordeste,Alagoas,AL,Cap XII,148,L00–L99,Doenças da pele e do tecido subcutâneo
2022,Estado,Região Nordeste,Sergipe,SE,Cap XII,128,L00–L99,Doenças da pele e do tecido subcutâneo
2022,Estado,Região Nordeste,Bahia,BA,Cap XII,702,L00–L99,Doenças da pele e do tecido subcutâneo
2022,Regiao,Região Sudeste,,,Cap XII,4477,L00–L99,Doenças da pele e do tecido subcutâneo
2022,Estado,Região Sudeste,Minas Gerais,MG,Cap XII,894,L00–L99,Doenças da pele e do tecido subcutâneo
2022,Estado,Região Sudeste,Espírito Santo,ES,Cap XII,152,L00–L99,Doenças da pele e do tecido subcutâneo
2022,Estado,Região Sudeste,Rio de Janeiro,RJ,Cap XII,1238,L00–L99,Doenças da pele e do tecido subcutâneo
2022,Estado,Região Sudeste,São Paulo,SP,Cap XII,2193,L00–L99,Doenças da pele e do tecido subcutâneo
2022,Regiao,Região Sul,,,Cap XII,948,L00–L99,Doenças da pele e do tecido subcutâneo
2022,Estado,Região Sul,Paraná,PR,Cap XII,364,L00–L99,Doenças da pele e do tecido subcutâneo
2022,Estado,Região Sul,Santa Catarina,SC,Cap XII,217,L00–L99,Doenças da pele e do tecido subcutâneo
2022,Estado,Região Sul,Rio Grande do Sul,RS,Cap XII,367,L00–L99,Doenças da pele e do tecido subcutâneo
2022,Regiao,Região Centro-Oeste,,,Cap XII,452,L00–L99,Doenças da pele e do tecido subcutâneo
2022,Estado,Região Centro-Oeste,Mato Grosso do Sul,MS,Cap XII,116,L00–L99,Doenças da pele e do tecido subcutâneo
2022,Estado,Região Centro-Oeste,Mato Grosso,MT,Cap XII,63,L00–L99,Doenças da pele e do tecido subcutâneo
2022,Estado,Região Centro-Oeste,Goiás,GO,Cap XII,204,L00–L99,Doenças da pele e do tecido subcutâneo
2022,Estado,Região Centro-Oeste,Distrito Federal,DF,Cap XII,69,L00–L99,Doenças da pele e do tecido subcutâneo
2023,Regiao,Região Norte,,,Cap XII,446,L00–L99,Doenças da pele e do tecido subcutâneo
2023,Estado,Região Norte,Rondônia,RO,Cap XII,19,L00–L99,Doenças da pele e do tecido subcutâneo
2023,Estado,Região Norte,Acre,AC,Cap XII,6,L00–L99,Doenças da pele e do tecido subcutâneo
2023,Estado,Região Norte,Amazonas,AM,Cap XII,55,L00–L99,Doenças da pele e do tecido subcutâneo
2023,Estado,Região Norte,Roraima,RR,Cap XII,15,L00–L99,Doenças da pele e do tecido subcutâneo
2023,Estado,Região Norte,Pará,PA,Cap XII,300,L00–L99,Doenças da pele e do tecido subcutâneo
2023,Estado,Região Norte,Amapá,AP,Cap XII,18,L00–L99,Doenças da pele e do tecido subcutâneo
2023,Estado,Região Norte,Tocantins,TO,Cap XII,33,L00–L99,Doenças da pele e do tecido subcutâneo
2023,Regiao,Região Nordeste,,,Cap XII,3211,L00–L99,Doenças da pele e do tecido subcutâneo
2023,Estado,Região Nordeste,Maranhão,MA,Cap XII,309,L00–L99,Doenças da pele e do tecido subcutâneo
2023,Estado,Região Nordeste,Piauí,PI,Cap XII,159,L00–L99,Doenças da pele e do tecido subcutâneo
2023,Estado,Região Nordeste,Ceará,CE,Cap XII,488,L00–L99,Doenças da pele e do tecido subcutâneo
2023,Estado,Região Nordeste,Rio Grande do Norte,RN,Cap XII,197,L00–L99,Doenças da pele e do tecido subcutâneo
2023,Estado,Região Nordeste,Paraíba,PB,Cap XII,246,L00–L99,Doenças da pele e do tecido subcutâneo
2023,Estado,Região Nordeste,Pernambuco,PE,Cap XII,710,L00–L99,Doenças da pele e do tecido subcutâneo
2023,Estado,Região Nordeste,Alagoas,AL,Cap XII,178,L00–L99,Doenças da pele e do tecido subcutâneo
2023,Estado,Região Nordeste,Sergipe,SE,Cap XII,132,L00–L99,Doenças da pele e do tecido subcutâneo
2023,Estado,Região Nordeste,Bahia,BA,Cap XII,792,L00–L99,Doenças da pele e do tecido subcutâneo
2023,Regiao,Região Sudeste,,,Cap XII,5060,L00–L99,Doenças da pele e do tecido subcutâneo
2023,Estado,Região Sudeste,Minas Gerais,MG,Cap XII,997,L00–L99,Doenças da pele e do tecido subcutâneo
2023,Estado,Região Sudeste,Espírito Santo,ES,Cap XII,203,L00–L99,Doenças da pele e do tecido subcutâneo
2023,Estado,Região Sudeste,Rio de Janeiro,RJ,Cap XII,1330,L00–L99,Doenças da pele e do tecido subcutâneo
2023,Estado,Região Sudeste,São Paulo,SP,Cap XII,2530,L00–L99,Doenças da pele e do tecido subcutâneo
2023,Regiao,Região Sul,,,Cap XII,1020,L00–L99,Doenças da pele e do tecido subcutâneo
2023,Estado,Região Sul,Paraná,PR,Cap XII,419,L00–L99,Doenças da pele e do tecido subcutâneo
2023,Estado,Região Sul,Santa Catarina,SC,Cap XII,210,L00–L99,Doenças da pele e do tecido subcutâneo
2023,Estado,Região Sul,Rio Grande do Sul,RS,Cap XII,391,L00–L99,Doenças da pele e do tecido subcutâneo
2023,Regiao,Região Centro-Oeste,,,Cap XII,510,L00–L99,Doenças da pele e do tecido subcutâneo
2023,Estado,Região Centro-Oeste,Mato Grosso do Sul,MS,Cap XII,144,L00–L99,Doenças da pele e do tecido subcutâneo
2023,Estado,Região Centro-Oeste,Mato Grosso,MT,Cap XII,72,L00–L99,Doenças da pele e do tecido subcutâneo
2023,Estado,Região Centro-Oeste,Goiás,GO,Cap XII,202,L00–L99,Doenças da pele e do tecido subcutâneo
2023,Estado,Região Centro-Oeste,Distrito Federal,DF,Cap XII,92,L00–L99,Doenças da pele e do tecido subcutâneo
2024,Regiao,Região Norte,,,Cap XII,624,L00–L99,Doenças da pele e do tecido subcutâneo
2024,Estado,Região Norte,Rondônia,RO,Cap XII,37,L00–L99,Doenças da pele e do tecido subcutâneo
2024,Estado,Região Norte,Acre,AC,Cap XII,16,L00–L99,Doenças da pele e do tecido subcutâneo
2024,Estado,Região Norte,Amazonas,AM,Cap XII,79,L00–L99,Doenças da pele e do tecido subcutâneo
2024,Estado,Região Norte,Roraima,RR,Cap XII,25,L00–L99,Doenças da pele e do tecido subcutâneo
2024,Estado,Região Norte,Pará,PA,Cap XII,410,L00–L99,Doenças da pele e do tecido subcutâneo
2024,Estado,Região Norte,Amapá,AP,Cap XII,17,L00–L99,Doenças da pele e do tecido subcutâneo
2024,Estado,Região Norte,Tocantins,TO,Cap XII,40,L00–L99,Doenças da pele e do tecido subcutâneo
2024,Regiao,Região Nordeste,,,Cap XII,3957,L00–L99,Doenças da pele e do tecido subcutâneo
2024,Estado,Região Nordeste,Maranhão,MA,Cap XII,381,L00–L99,Doenças da pele e do tecido subcutâneo
2024,Estado,Região Nordeste,Piauí,PI,Cap XII,178,L00–L99,Doenças da pele e do tecido subcutâneo
2024,Estado,Região Nordeste,Ceará,CE,Cap XII,569,L00–L99,Doenças da pele e do tecido subcutâneo
2024,Estado,Região Nordeste,Rio Grande do Norte,RN,Cap XII,235,L00–L99,Doenças da pele e do tecido subcutâneo
2024,Estado,Região Nordeste,Paraíba,PB,Cap XII,251,L00–L99,Doenças da pele e do tecido subcutâneo
2024,Estado,Região Nordeste,Pernambuco,PE,Cap XII,889,L00–L99,Doenças da pele e do tecido subcutâneo
2024,Estado,Região Nordeste,Alagoas,AL,Cap XII,236,L00–L99,Doenças da pele e do tecido subcutâneo
2024,Estado,Região Nordeste,Sergipe,SE,Cap XII,188,L00–L99,Doenças da pele e do tecido subcutâneo
2024,Estado,Região Nordeste,Bahia,BA,Cap XII,1030,L00–L99,Doenças da pele e do tecido subcutâneo
2024,Regiao,Região Sudeste,,,Cap XII,6027,L00–L99,Doenças da pele e do tecido subcutâneo
2024,Estado,Região Sudeste,Minas Gerais,MG,Cap XII,1245,L00–L99,Doenças da pele e do tecido subcutâneo
2024,Estado,Região Sudeste,Espírito Santo,ES,Cap XII,217,L00–L99,Doenças da pele e do tecido subcutâneo
2024,Estado,Região Sudeste,Rio de Janeiro,RJ,Cap XII,1577,L00–L99,Doenças da pele e do tecido subcutâneo
2024,Estado,Região Sudeste,São Paulo,SP,Cap XII,2988,L00–L99,Doenças da pele e do tecido subcutâneo
2024,Regiao,Região Sul,,,Cap XII,1339,L00–L99,Doenças da pele e do tecido subcutâneo
2024,Estado,Região Sul,Paraná,PR,Cap XII,479,L00–L99,Doenças da pele e do tecido subcutâneo
2024,Estado,Região Sul,Santa Catarina,SC,Cap XII,283,L00–L99,Doenças da pele e do tecido subcutâneo
2024,Estado,Região Sul,Rio Grande do Sul,RS,Cap XII,577,L00–L99,Doenças da pele e do tecido subcutâneo
2024,Regiao,Região Centro-Oeste,,,Cap XII,724,L00–L99,Doenças da pele e do tecido subcutâneo
2024,Estado,Região Centro-Oeste,Mato Grosso do Sul,MS,Cap XII,181,L00–L99,Doenças da pele e do tecido subcutâneo
2024,Estado,Região Centro-Oeste,Mato Grosso,MT,Cap XII,95,L00–L99,Doenças da pele e do tecido subcutâneo
2024,Estado,Região Centro-Oeste,Goiás,GO,Cap XII,329,L00–L99,Doenças da pele e do tecido subcutâneo
2024,Estado,Região Centro-Oeste,Distrito Federal,DF,Cap XII,119,L00–L99,Doenças da pele e do tecido subcutâneo
2025,Regiao,Região Norte,,,Cap XII,576,L00–L99,Doenças da pele e do tecido subcutâneo
2025,Estado,Região Norte,Rondônia,RO,Cap XII,35,L00–L99,Doenças da pele e do tecido subcutâneo
2025,Estado,Região Norte,Acre,AC,Cap XII,17,L00–L99,Doenças da pele e do tecido subcutâneo
2025,Estado,Região Norte,Amazonas,AM,Cap XII,75,L00–L99,Doenças da pele e do tecido subcutâneo
2025,Estado,Região Norte,Roraima,RR,Cap XII,37,L00–L99,Doenças da pele e do tecido subcutâneo
2025,Estado,Região Norte,Pará,PA,Cap XII,362,L00–L99,Doenças da pele e do tecido subcutâneo
2025,Estado,Região Norte,Amapá,AP,Cap XII,11,L00–L99,Doenças da pele e do tecido subcutâneo
2025,Estado,Região Norte,Tocantins,TO,Cap XII,39,L00–L99,Doenças da pele e do tecido subcutâneo
2025,Regiao,Região Nordeste,,,Cap XII,3851,L00–L99,Doenças da pele e do tecido subcutâneo
2025,Estado,Região Nordeste,Maranhão,MA,Cap XII,371,L00–L99,Doenças da pele e do tecido subcutâneo
2025,Estado,Região Nordeste,Piauí,PI,Cap XII,194,L00–L99,Doenças da pele e do tecido subcutâneo
2025,Estado,Região Nordeste,Ceará,CE,Cap XII,625,L00–L99,Doenças da pele e do tecido subcutâneo
2025,Estado,Região Nordeste,Rio Grande do Norte,RN,Cap XII,206,L00–L99,Doenças da pele e do tecido subcutâneo
2025,Estado,Região Nordeste,Paraíba,PB,Cap XII,259,L00–L99,Doenças da pele e do tecido subcutâneo
2025,Estado,Região Nordeste,Pernambuco,PE,Cap XII,859,L00–L99,Doenças da pele e do tecido subcutâneo
2025,Estado,Região Nordeste,Alagoas,AL,Cap XII,202,L00–L99,Doenças da pele e do tecido subcutâneo
2025,Estado,Região Nordeste,Sergipe,SE,Cap XII,191,L00–L99,Doenças da pele e do tecido subcutâneo
2025,Estado,Região Nordeste,Bahia,BA,Cap XII,944,L00–L99,Doenças da pele e do tecido subcutâneo
2025,Regiao,Região Sudeste,,,Cap XII,6014,L00–L99,Doenças da pele e do tecido subcutâneo
2025,Estado,Região Sudeste,Minas Gerais,MG,Cap XII,1148,L00–L99,Doenças da pele e do tecido subcutâneo
2025,Estado,Região Sudeste,Espírito Santo,ES,Cap XII,204,L00–L99,Doenças da pele e do tecido subcutâneo
2025,Estado,Região Sudeste,Rio de Janeiro,RJ,Cap XII,1664,L00–L99,Doenças da pele e do tecido subcutâneo
2025,Estado,Região Sudeste,São Paulo,SP,Cap XII,2998,L00–L99,Doenças da pele e do tecido subcutâneo
2025,Regiao,Região Sul,,,Cap XII,1352,L00–L99,Doenças da pele e do tecido subcutâneo
2025,Estado,Região Sul,Paraná,PR,Cap XII,587,L00–L99,Doenças da pele e do tecido subcutâneo
2025,Estado,Região Sul,Santa Catarina,SC,Cap XII,287,L00–L99,Doenças da pele e do tecido subcutâneo
2025,Estado,Região Sul,Rio Grande do Sul,RS,Cap XII,478,L00–L99,Doenças da pele e do tecido subcutâneo
2025,Regiao,Região Centro-Oeste,,,Cap XII,715,L00–L99,Doenças da pele e do tecido subcutâneo
2025,Estado,Região Centro-Oeste,Mato Grosso do Sul,MS,Cap XII,179,L00–L99,Doenças da pele e do tecido subcutâneo
2025,Estado,Região Centro-Oeste,Mato Grosso,MT,Cap XII,128,L00–L99,Doenças da pele e do tecido subcutâneo
2025,Estado,Região Centro-Oeste,Goiás,GO,Cap XII,313,L00–L99,Doenças da pele e do tecido subcutâneo
2025,Estado,Região Centro-Oeste,Distrito Federal,DF,Cap XII,95,L00–L99,Doenças da pele e do tecido subcutâneo
2026,Regiao,Região Norte,,,Cap XII,225,L00–L99,Doenças da pele e do tecido subcutâneo
2026,Estado,Região Norte,Rondônia,RO,Cap XII,18,L00–L99,Doenças da pele e do tecido subcutâneo
2026,Estado,Região Norte,Acre,AC,Cap XII,5,L00–L99,Doenças da pele e do tecido subcutâneo
2026,Estado,Região Norte,Amazonas,AM,Cap XII,24,L00–L99,Doenças da pele e do tecido subcutâneo
2026,Estado,Região Norte,Roraima,RR,Cap XII,8,L00–L99,Doenças da pele e do tecido subcutâneo
2026,Estado,Região Norte,Pará,PA,Cap XII,139,L00–L99,Doenças da pele e do tecido subcutâneo
2026,Estado,Região Norte,Amapá,AP,Cap XII,3,L00–L99,Doenças da pele e do tecido subcutâneo
2026,Estado,Região Norte,Tocantins,TO,Cap XII,28,L00–L99,Doenças da pele e do tecido subcutâneo
2026,Regiao,Região Nordeste,,,Cap XII,1399,L00–L99,Doenças da pele e do tecido subcutâneo
2026,Estado,Região Nordeste,Maranhão,MA,Cap XII,149,L00–L99,Doenças da pele e do tecido subcutâneo
2026,Estado,Região Nordeste,Piauí,PI,Cap XII,102,L00–L99,Doenças da pele e do tecido subcutâneo
2026,Estado,Região Nordeste,Ceará,CE,Cap XII,243,L00–L99,Doenças da pele e do tecido subcutâneo
2026,Estado,Região Nordeste,Rio Grande do Norte,RN,Cap XII,80,L00–L99,Doenças da pele e do tecido subcutâneo
2026,Estado,Região Nordeste,Paraíba,PB,Cap XII,102,L00–L99,Doenças da pele e do tecido subcutâneo
2026,Estado,Região Nordeste,Pernambuco,PE,Cap XII,262,L00–L99,Doenças da pele e do tecido subcutâneo
2026,Estado,Região Nordeste,Alagoas,AL,Cap XII,70,L00–L99,Doenças da pele e do tecido subcutâneo
2026,Estado,Região Nordeste,Sergipe,SE,Cap XII,56,L00–L99,Doenças da pele e do tecido subcutâneo
2026,Estado,Região Nordeste,Bahia,BA,Cap XII,335,L00–L99,Doenças da pele e do tecido subcutâneo
2026,Regiao,Região Sudeste,,,Cap XII,2043,L00–L99,Doenças da pele e do tecido subcutâneo
2026,Estado,Região Sudeste,Minas Gerais,MG,Cap XII,416,L00–L99,Doenças da pele e do tecido subcutâneo
2026,Estado,Região Sudeste,Espírito Santo,ES,Cap XII,72,L00–L99,Doenças da pele e do tecido subcutâneo
2026,Estado,Região Sudeste,Rio de Janeiro,RJ,Cap XII,548,L00–L99,Doenças da pele e do tecido subcutâneo
2026,Estado,Região Sudeste,São Paulo,SP,Cap XII,1007,L00–L99,Doenças da pele e do tecido subcutâneo
2026,Regiao,Região Sul,,,Cap XII,467,L00–L99,Doenças da pele e do tecido subcutâneo
2026,Estado,Região Sul,Paraná,PR,Cap XII,214,L00–L99,Doenças da pele e do tecido subcutâneo
2026,Estado,Região Sul,Santa Catarina,SC,Cap XII,97,L00–L99,Doenças da pele e do tecido subcutâneo
2026,Estado,Região Sul,Rio Grande do Sul,RS,Cap XII,156,L00–L99,Doenças da pele e do tecido subcutâneo
2026,Regiao,Região Centro-Oeste,,,Cap XII,265,L00–L99,Doenças da pele e do tecido subcutâneo
2026,Estado,Região Centro-Oeste,Mato Grosso do Sul,MS,Cap XII,65,L00–L99,Doenças da pele e do tecido subcutâneo
2026,Estado,Região Centro-Oeste,Mato Grosso,MT,Cap XII,42,L00–L99,Doenças da pele e do tecido subcutâneo
2026,Estado,Região Centro-Oeste,Goiás,GO,Cap XII,118,L00–L99,Doenças da pele e do tecido subcutâneo
2026,Estado,Região Centro-Oeste,Distrito Federal,DF,Cap XII,40,L00–L99,Doenças da pele e do tecido subcutâneo
2016,Regiao,Região Norte,,,Cap XIII,295,M00–M99,Doenças do sistema osteomuscular e do tecido conjuntivo
2016,Estado,Região Norte,Rondônia,RO,Cap XIII,27,M00–M99,Doenças do sistema osteomuscular e do tecido conjuntivo
2016,Estado,Região Norte,Acre,AC,Cap XIII,13,M00–M99,Doenças do sistema osteomuscular e do tecido conjuntivo
2016,Estado,Região Norte,Amazonas,AM,Cap XIII,76,M00–M99,Doenças do sistema osteomuscular e do tecido conjuntivo
2016,Estado,Região Norte,Roraima,RR,Cap XIII,9,M00–M99,Doenças do sistema osteomuscular e do tecido conjuntivo
2016,Estado,Região Norte,Pará,PA,Cap XIII,131,M00–M99,Doenças do sistema osteomuscular e do tecido conjuntivo
2016,Estado,Região Norte,Amapá,AP,Cap XIII,12,M00–M99,Doenças do sistema osteomuscular e do tecido conjuntivo
2016,Estado,Região Norte,Tocantins,TO,Cap XIII,27,M00–M99,Doenças do sistema osteomuscular e do tecido conjuntivo
2016,Regiao,Região Nordeste,,,Cap XIII,1512,M00–M99,Doenças do sistema osteomuscular e do tecido conjuntivo
2016,Estado,Região Nordeste,Maranhão,MA,Cap XIII,87,M00–M99,Doenças do sistema osteomuscular e do tecido conjuntivo
2016,Estado,Região Nordeste,Piauí,PI,Cap XIII,67,M00–M99,Doenças do sistema osteomuscular e do tecido conjuntivo
2016,Estado,Região Nordeste,Ceará,CE,Cap XIII,296,M00–M99,Doenças do sistema osteomuscular e do tecido conjuntivo
2016,Estado,Região Nordeste,Rio Grande do Norte,RN,Cap XIII,101,M00–M99,Doenças do sistema osteomuscular e do tecido conjuntivo
2016,Estado,Região Nordeste,Paraíba,PB,Cap XIII,205,M00–M99,Doenças do sistema osteomuscular e do tecido conjuntivo
2016,Estado,Região Nordeste,Pernambuco,PE,Cap XIII,268,M00–M99,Doenças do sistema osteomuscular e do tecido conjuntivo
2016,Estado,Região Nordeste,Alagoas,AL,Cap XIII,89,M00–M99,Doenças do sistema osteomuscular e do tecido conjuntivo
2016,Estado,Região Nordeste,Sergipe,SE,Cap XIII,58,M00–M99,Doenças do sistema osteomuscular e do tecido conjuntivo
2016,Estado,Região Nordeste,Bahia,BA,Cap XIII,341,M00–M99,Doenças do sistema osteomuscular e do tecido conjuntivo
2016,Regiao,Região Sudeste,,,Cap XIII,2839,M00–M99,Doenças do sistema osteomuscular e do tecido conjuntivo
2016,Estado,Região Sudeste,Minas Gerais,MG,Cap XIII,760,M00–M99,Doenças do sistema osteomuscular e do tecido conjuntivo
2016,Estado,Região Sudeste,Espírito Santo,ES,Cap XIII,85,M00–M99,Doenças do sistema osteomuscular e do tecido conjuntivo
2016,Estado,Região Sudeste,Rio de Janeiro,RJ,Cap XIII,577,M00–M99,Doenças do sistema osteomuscular e do tecido conjuntivo
2016,Estado,Região Sudeste,São Paulo,SP,Cap XIII,1417,M00–M99,Doenças do sistema osteomuscular e do tecido conjuntivo
2016,Regiao,Região Sul,,,Cap XIII,781,M00–M99,Doenças do sistema osteomuscular e do tecido conjuntivo
2016,Estado,Região Sul,Paraná,PR,Cap XIII,315,M00–M99,Doenças do sistema osteomuscular e do tecido conjuntivo
2016,Estado,Região Sul,Santa Catarina,SC,Cap XIII,145,M00–M99,Doenças do sistema osteomuscular e do tecido conjuntivo
2016,Estado,Região Sul,Rio Grande do Sul,RS,Cap XIII,321,M00–M99,Doenças do sistema osteomuscular e do tecido conjuntivo
2016,Regiao,Região Centro-Oeste,,,Cap XIII,360,M00–M99,Doenças do sistema osteomuscular e do tecido conjuntivo
2016,Estado,Região Centro-Oeste,Mato Grosso do Sul,MS,Cap XIII,58,M00–M99,Doenças do sistema osteomuscular e do tecido conjuntivo
2016,Estado,Região Centro-Oeste,Mato Grosso,MT,Cap XIII,73,M00–M99,Doenças do sistema osteomuscular e do tecido conjuntivo
2016,Estado,Região Centro-Oeste,Goiás,GO,Cap XIII,155,M00–M99,Doenças do sistema osteomuscular e do tecido conjuntivo
2016,Estado,Região Centro-Oeste,Distrito Federal,DF,Cap XIII,74,M00–M99,Doenças do sistema osteomuscular e do tecido conjuntivo
2017,Regiao,Região Norte,,,Cap XIII,342,M00–M99,Doenças do sistema osteomuscular e do tecido conjuntivo
2017,Estado,Região Norte,Rondônia,RO,Cap XIII,18,M00–M99,Doenças do sistema osteomuscular e do tecido conjuntivo
2017,Estado,Região Norte,Acre,AC,Cap XIII,22,M00–M99,Doenças do sistema osteomuscular e do tecido conjuntivo
2017,Estado,Região Norte,Amazonas,AM,Cap XIII,105,M00–M99,Doenças do sistema osteomuscular e do tecido conjuntivo
2017,Estado,Região Norte,Roraima,RR,Cap XIII,7,M00–M99,Doenças do sistema osteomuscular e do tecido conjuntivo
2017,Estado,Região Norte,Pará,PA,Cap XIII,146,M00–M99,Doenças do sistema osteomuscular e do tecido conjuntivo
2017,Estado,Região Norte,Amapá,AP,Cap XIII,13,M00–M99,Doenças do sistema osteomuscular e do tecido conjuntivo
2017,Estado,Região Norte,Tocantins,TO,Cap XIII,31,M00–M99,Doenças do sistema osteomuscular e do tecido conjuntivo
2017,Regiao,Região Nordeste,,,Cap XIII,1575,M00–M99,Doenças do sistema osteomuscular e do tecido conjuntivo
2017,Estado,Região Nordeste,Maranhão,MA,Cap XIII,118,M00–M99,Doenças do sistema osteomuscular e do tecido conjuntivo
2017,Estado,Região Nordeste,Piauí,PI,Cap XIII,66,M00–M99,Doenças do sistema osteomuscular e do tecido conjuntivo
2017,Estado,Região Nordeste,Ceará,CE,Cap XIII,375,M00–M99,Doenças do sistema osteomuscular e do tecido conjuntivo
2017,Estado,Região Nordeste,Rio Grande do Norte,RN,Cap XIII,114,M00–M99,Doenças do sistema osteomuscular e do tecido conjuntivo
2017,Estado,Região Nordeste,Paraíba,PB,Cap XIII,181,M00–M99,Doenças do sistema osteomuscular e do tecido conjuntivo
2017,Estado,Região Nordeste,Pernambuco,PE,Cap XIII,275,M00–M99,Doenças do sistema osteomuscular e do tecido conjuntivo
2017,Estado,Região Nordeste,Alagoas,AL,Cap XIII,82,M00–M99,Doenças do sistema osteomuscular e do tecido conjuntivo
2017,Estado,Região Nordeste,Sergipe,SE,Cap XIII,57,M00–M99,Doenças do sistema osteomuscular e do tecido conjuntivo
2017,Estado,Região Nordeste,Bahia,BA,Cap XIII,307,M00–M99,Doenças do sistema osteomuscular e do tecido conjuntivo
2017,Regiao,Região Sudeste,,,Cap XIII,2877,M00–M99,Doenças do sistema osteomuscular e do tecido conjuntivo
2017,Estado,Região Sudeste,Minas Gerais,MG,Cap XIII,779,M00–M99,Doenças do sistema osteomuscular e do tecido conjuntivo
2017,Estado,Região Sudeste,Espírito Santo,ES,Cap XIII,120,M00–M99,Doenças do sistema osteomuscular e do tecido conjuntivo
2017,Estado,Região Sudeste,Rio de Janeiro,RJ,Cap XIII,585,M00–M99,Doenças do sistema osteomuscular e do tecido conjuntivo
2017,Estado,Região Sudeste,São Paulo,SP,Cap XIII,1393,M00–M99,Doenças do sistema osteomuscular e do tecido conjuntivo
2017,Regiao,Região Sul,,,Cap XIII,761,M00–M99,Doenças do sistema osteomuscular e do tecido conjuntivo
2017,Estado,Região Sul,Paraná,PR,Cap XIII,283,M00–M99,Doenças do sistema osteomuscular e do tecido conjuntivo
2017,Estado,Região Sul,Santa Catarina,SC,Cap XIII,155,M00–M99,Doenças do sistema osteomuscular e do tecido conjuntivo
2017,Estado,Região Sul,Rio Grande do Sul,RS,Cap XIII,323,M00–M99,Doenças do sistema osteomuscular e do tecido conjuntivo
2017,Regiao,Região Centro-Oeste,,,Cap XIII,357,M00–M99,Doenças do sistema osteomuscular e do tecido conjuntivo
2017,Estado,Região Centro-Oeste,Mato Grosso do Sul,MS,Cap XIII,57,M00–M99,Doenças do sistema osteomuscular e do tecido conjuntivo
2017,Estado,Região Centro-Oeste,Mato Grosso,MT,Cap XIII,63,M00–M99,Doenças do sistema osteomuscular e do tecido conjuntivo
2017,Estado,Região Centro-Oeste,Goiás,GO,Cap XIII,165,M00–M99,Doenças do sistema osteomuscular e do tecido conjuntivo
2017,Estado,Região Centro-Oeste,Distrito Federal,DF,Cap XIII,72,M00–M99,Doenças do sistema osteomuscular e do tecido conjuntivo
2018,Regiao,Região Norte,,,Cap XIII,307,M00–M99,Doenças do sistema osteomuscular e do tecido conjuntivo
2018,Estado,Região Norte,Rondônia,RO,Cap XIII,21,M00–M99,Doenças do sistema osteomuscular e do tecido conjuntivo
2018,Estado,Região Norte,Acre,AC,Cap XIII,13,M00–M99,Doenças do sistema osteomuscular e do tecido conjuntivo
2018,Estado,Região Norte,Amazonas,AM,Cap XIII,84,M00–M99,Doenças do sistema osteomuscular e do tecido conjuntivo
2018,Estado,Região Norte,Roraima,RR,Cap XIII,12,M00–M99,Doenças do sistema osteomuscular e do tecido conjuntivo
2018,Estado,Região Norte,Pará,PA,Cap XIII,151,M00–M99,Doenças do sistema osteomuscular e do tecido conjuntivo
2018,Estado,Região Norte,Amapá,AP,Cap XIII,10,M00–M99,Doenças do sistema osteomuscular e do tecido conjuntivo
2018,Estado,Região Norte,Tocantins,TO,Cap XIII,16,M00–M99,Doenças do sistema osteomuscular e do tecido conjuntivo
2018,Regiao,Região Nordeste,,,Cap XIII,1590,M00–M99,Doenças do sistema osteomuscular e do tecido conjuntivo
2018,Estado,Região Nordeste,Maranhão,MA,Cap XIII,106,M00–M99,Doenças do sistema osteomuscular e do tecido conjuntivo
2018,Estado,Região Nordeste,Piauí,PI,Cap XIII,66,M00–M99,Doenças do sistema osteomuscular e do tecido conjuntivo
2018,Estado,Região Nordeste,Ceará,CE,Cap XIII,341,M00–M99,Doenças do sistema osteomuscular e do tecido conjuntivo
2018,Estado,Região Nordeste,Rio Grande do Norte,RN,Cap XIII,127,M00–M99,Doenças do sistema osteomuscular e do tecido conjuntivo
2018,Estado,Região Nordeste,Paraíba,PB,Cap XIII,170,M00–M99,Doenças do sistema osteomuscular e do tecido conjuntivo
2018,Estado,Região Nordeste,Pernambuco,PE,Cap XIII,332,M00–M99,Doenças do sistema osteomuscular e do tecido conjuntivo
2018,Estado,Região Nordeste,Alagoas,AL,Cap XIII,88,M00–M99,Doenças do sistema osteomuscular e do tecido conjuntivo
2018,Estado,Região Nordeste,Sergipe,SE,Cap XIII,53,M00–M99,Doenças do sistema osteomuscular e do tecido conjuntivo
2018,Estado,Região Nordeste,Bahia,BA,Cap XIII,307,M00–M99,Doenças do sistema osteomuscular e do tecido conjuntivo
2018,Regiao,Região Sudeste,,,Cap XIII,3053,M00–M99,Doenças do sistema osteomuscular e do tecido conjuntivo
2018,Estado,Região Sudeste,Minas Gerais,MG,Cap XIII,768,M00–M99,Doenças do sistema osteomuscular e do tecido conjuntivo
2018,Estado,Região Sudeste,Espírito Santo,ES,Cap XIII,156,M00–M99,Doenças do sistema osteomuscular e do tecido conjuntivo
2018,Estado,Região Sudeste,Rio de Janeiro,RJ,Cap XIII,575,M00–M99,Doenças do sistema osteomuscular e do tecido conjuntivo
2018,Estado,Região Sudeste,São Paulo,SP,Cap XIII,1554,M00–M99,Doenças do sistema osteomuscular e do tecido conjuntivo
2018,Regiao,Região Sul,,,Cap XIII,818,M00–M99,Doenças do sistema osteomuscular e do tecido conjuntivo
2018,Estado,Região Sul,Paraná,PR,Cap XIII,312,M00–M99,Doenças do sistema osteomuscular e do tecido conjuntivo
2018,Estado,Região Sul,Santa Catarina,SC,Cap XIII,178,M00–M99,Doenças do sistema osteomuscular e do tecido conjuntivo
2018,Estado,Região Sul,Rio Grande do Sul,RS,Cap XIII,328,M00–M99,Doenças do sistema osteomuscular e do tecido conjuntivo
2018,Regiao,Região Centro-Oeste,,,Cap XIII,385,M00–M99,Doenças do sistema osteomuscular e do tecido conjuntivo
2018,Estado,Região Centro-Oeste,Mato Grosso do Sul,MS,Cap XIII,55,M00–M99,Doenças do sistema osteomuscular e do tecido conjuntivo
2018,Estado,Região Centro-Oeste,Mato Grosso,MT,Cap XIII,82,M00–M99,Doenças do sistema osteomuscular e do tecido conjuntivo
2018,Estado,Região Centro-Oeste,Goiás,GO,Cap XIII,167,M00–M99,Doenças do sistema osteomuscular e do tecido conjuntivo
2018,Estado,Região Centro-Oeste,Distrito Federal,DF,Cap XIII,81,M00–M99,Doenças do sistema osteomuscular e do tecido conjuntivo
2019,Regiao,Região Norte,,,Cap XIII,313,M00–M99,Doenças do sistema osteomuscular e do tecido conjuntivo
2019,Estado,Região Norte,Rondônia,RO,Cap XIII,27,M00–M99,Doenças do sistema osteomuscular e do tecido conjuntivo
2019,Estado,Região Norte,Acre,AC,Cap XIII,14,M00–M99,Doenças do sistema osteomuscular e do tecido conjuntivo
2019,Estado,Região Norte,Amazonas,AM,Cap XIII,81,M00–M99,Doenças do sistema osteomuscular e do tecido conjuntivo
2019,Estado,Região Norte,Roraima,RR,Cap XIII,17,M00–M99,Doenças do sistema osteomuscular e do tecido conjuntivo
2019,Estado,Região Norte,Pará,PA,Cap XIII,140,M00–M99,Doenças do sistema osteomuscular e do tecido conjuntivo
2019,Estado,Região Norte,Amapá,AP,Cap XIII,10,M00–M99,Doenças do sistema osteomuscular e do tecido conjuntivo
2019,Estado,Região Norte,Tocantins,TO,Cap XIII,24,M00–M99,Doenças do sistema osteomuscular e do tecido conjuntivo
2019,Regiao,Região Nordeste,,,Cap XIII,1687,M00–M99,Doenças do sistema osteomuscular e do tecido conjuntivo
2019,Estado,Região Nordeste,Maranhão,MA,Cap XIII,88,M00–M99,Doenças do sistema osteomuscular e do tecido conjuntivo
2019,Estado,Região Nordeste,Piauí,PI,Cap XIII,80,M00–M99,Doenças do sistema osteomuscular e do tecido conjuntivo
2019,Estado,Região Nordeste,Ceará,CE,Cap XIII,348,M00–M99,Doenças do sistema osteomuscular e do tecido conjuntivo
2019,Estado,Região Nordeste,Rio Grande do Norte,RN,Cap XIII,135,M00–M99,Doenças do sistema osteomuscular e do tecido conjuntivo
2019,Estado,Região Nordeste,Paraíba,PB,Cap XIII,142,M00–M99,Doenças do sistema osteomuscular e do tecido conjuntivo
2019,Estado,Região Nordeste,Pernambuco,PE,Cap XIII,357,M00–M99,Doenças do sistema osteomuscular e do tecido conjuntivo
2019,Estado,Região Nordeste,Alagoas,AL,Cap XIII,108,M00–M99,Doenças do sistema osteomuscular e do tecido conjuntivo
2019,Estado,Região Nordeste,Sergipe,SE,Cap XIII,50,M00–M99,Doenças do sistema osteomuscular e do tecido conjuntivo
2019,Estado,Região Nordeste,Bahia,BA,Cap XIII,379,M00–M99,Doenças do sistema osteomuscular e do tecido conjuntivo
2019,Regiao,Região Sudeste,,,Cap XIII,3291,M00–M99,Doenças do sistema osteomuscular e do tecido conjuntivo
2019,Estado,Região Sudeste,Minas Gerais,MG,Cap XIII,855,M00–M99,Doenças do sistema osteomuscular e do tecido conjuntivo
2019,Estado,Região Sudeste,Espírito Santo,ES,Cap XIII,169,M00–M99,Doenças do sistema osteomuscular e do tecido conjuntivo
2019,Estado,Região Sudeste,Rio de Janeiro,RJ,Cap XIII,606,M00–M99,Doenças do sistema osteomuscular e do tecido conjuntivo
2019,Estado,Região Sudeste,São Paulo,SP,Cap XIII,1661,M00–M99,Doenças do sistema osteomuscular e do tecido conjuntivo
2019,Regiao,Região Sul,,,Cap XIII,817,M00–M99,Doenças do sistema osteomuscular e do tecido conjuntivo
2019,Estado,Região Sul,Paraná,PR,Cap XIII,308,M00–M99,Doenças do sistema osteomuscular e do tecido conjuntivo
2019,Estado,Região Sul,Santa Catarina,SC,Cap XIII,183,M00–M99,Doenças do sistema osteomuscular e do tecido conjuntivo
2019,Estado,Região Sul,Rio Grande do Sul,RS,Cap XIII,326,M00–M99,Doenças do sistema osteomuscular e do tecido conjuntivo
2019,Regiao,Região Centro-Oeste,,,Cap XIII,398,M00–M99,Doenças do sistema osteomuscular e do tecido conjuntivo
2019,Estado,Região Centro-Oeste,Mato Grosso do Sul,MS,Cap XIII,55,M00–M99,Doenças do sistema osteomuscular e do tecido conjuntivo
2019,Estado,Região Centro-Oeste,Mato Grosso,MT,Cap XIII,92,M00–M99,Doenças do sistema osteomuscular e do tecido conjuntivo
2019,Estado,Região Centro-Oeste,Goiás,GO,Cap XIII,173,M00–M99,Doenças do sistema osteomuscular e do tecido conjuntivo
2019,Estado,Região Centro-Oeste,Distrito Federal,DF,Cap XIII,78,M00–M99,Doenças do sistema osteomuscular e do tecido conjuntivo
2020,Regiao,Região Norte,,,Cap XIII,330,M00–M99,Doenças do sistema osteomuscular e do tecido conjuntivo
2020,Estado,Região Norte,Rondônia,RO,Cap XIII,21,M00–M99,Doenças do sistema osteomuscular e do tecido conjuntivo
2020,Estado,Região Norte,Acre,AC,Cap XIII,15,M00–M99,Doenças do sistema osteomuscular e do tecido conjuntivo
2020,Estado,Região Norte,Amazonas,AM,Cap XIII,89,M00–M99,Doenças do sistema osteomuscular e do tecido conjuntivo
2020,Estado,Região Norte,Roraima,RR,Cap XIII,17,M00–M99,Doenças do sistema osteomuscular e do tecido conjuntivo
2020,Estado,Região Norte,Pará,PA,Cap XIII,156,M00–M99,Doenças do sistema osteomuscular e do tecido conjuntivo
2020,Estado,Região Norte,Amapá,AP,Cap XIII,10,M00–M99,Doenças do sistema osteomuscular e do tecido conjuntivo
2020,Estado,Região Norte,Tocantins,TO,Cap XIII,22,M00–M99,Doenças do sistema osteomuscular e do tecido conjuntivo
2020,Regiao,Região Nordeste,,,Cap XIII,1662,M00–M99,Doenças do sistema osteomuscular e do tecido conjuntivo
2020,Estado,Região Nordeste,Maranhão,MA,Cap XIII,122,M00–M99,Doenças do sistema osteomuscular e do tecido conjuntivo
2020,Estado,Região Nordeste,Piauí,PI,Cap XIII,78,M00–M99,Doenças do sistema osteomuscular e do tecido conjuntivo
2020,Estado,Região Nordeste,Ceará,CE,Cap XIII,319,M00–M99,Doenças do sistema osteomuscular e do tecido conjuntivo
2020,Estado,Região Nordeste,Rio Grande do Norte,RN,Cap XIII,205,M00–M99,Doenças do sistema osteomuscular e do tecido conjuntivo
2020,Estado,Região Nordeste,Paraíba,PB,Cap XIII,93,M00–M99,Doenças do sistema osteomuscular e do tecido conjuntivo
2020,Estado,Região Nordeste,Pernambuco,PE,Cap XIII,325,M00–M99,Doenças do sistema osteomuscular e do tecido conjuntivo
2020,Estado,Região Nordeste,Alagoas,AL,Cap XIII,102,M00–M99,Doenças do sistema osteomuscular e do tecido conjuntivo
2020,Estado,Região Nordeste,Sergipe,SE,Cap XIII,44,M00–M99,Doenças do sistema osteomuscular e do tecido conjuntivo
2020,Estado,Região Nordeste,Bahia,BA,Cap XIII,374,M00–M99,Doenças do sistema osteomuscular e do tecido conjuntivo
2020,Regiao,Região Sudeste,,,Cap XIII,2986,M00–M99,Doenças do sistema osteomuscular e do tecido conjuntivo
2020,Estado,Região Sudeste,Minas Gerais,MG,Cap XIII,806,M00–M99,Doenças do sistema osteomuscular e do tecido conjuntivo
2020,Estado,Região Sudeste,Espírito Santo,ES,Cap XIII,147,M00–M99,Doenças do sistema osteomuscular e do tecido conjuntivo
2020,Estado,Região Sudeste,Rio de Janeiro,RJ,Cap XIII,590,M00–M99,Doenças do sistema osteomuscular e do tecido conjuntivo
2020,Estado,Região Sudeste,São Paulo,SP,Cap XIII,1443,M00–M99,Doenças do sistema osteomuscular e do tecido conjuntivo
2020,Regiao,Região Sul,,,Cap XIII,782,M00–M99,Doenças do sistema osteomuscular e do tecido conjuntivo
2020,Estado,Região Sul,Paraná,PR,Cap XIII,327,M00–M99,Doenças do sistema osteomuscular e do tecido conjuntivo
2020,Estado,Região Sul,Santa Catarina,SC,Cap XIII,173,M00–M99,Doenças do sistema osteomuscular e do tecido conjuntivo
2020,Estado,Região Sul,Rio Grande do Sul,RS,Cap XIII,282,M00–M99,Doenças do sistema osteomuscular e do tecido conjuntivo
2020,Regiao,Região Centro-Oeste,,,Cap XIII,368,M00–M99,Doenças do sistema osteomuscular e do tecido conjuntivo
2020,Estado,Região Centro-Oeste,Mato Grosso do Sul,MS,Cap XIII,78,M00–M99,Doenças do sistema osteomuscular e do tecido conjuntivo
2020,Estado,Região Centro-Oeste,Mato Grosso,MT,Cap XIII,64,M00–M99,Doenças do sistema osteomuscular e do tecido conjuntivo
2020,Estado,Região Centro-Oeste,Goiás,GO,Cap XIII,165,M00–M99,Doenças do sistema osteomuscular e do tecido conjuntivo
2020,Estado,Região Centro-Oeste,Distrito Federal,DF,Cap XIII,61,M00–M99,Doenças do sistema osteomuscular e do tecido conjuntivo
2021,Regiao,Região Norte,,,Cap XIII,367,M00–M99,Doenças do sistema osteomuscular e do tecido conjuntivo
2021,Estado,Região Norte,Rondônia,RO,Cap XIII,42,M00–M99,Doenças do sistema osteomuscular e do tecido conjuntivo
2021,Estado,Região Norte,Acre,AC,Cap XIII,8,M00–M99,Doenças do sistema osteomuscular e do tecido conjuntivo
2021,Estado,Região Norte,Amazonas,AM,Cap XIII,101,M00–M99,Doenças do sistema osteomuscular e do tecido conjuntivo
2021,Estado,Região Norte,Roraima,RR,Cap XIII,24,M00–M99,Doenças do sistema osteomuscular e do tecido conjuntivo
2021,Estado,Região Norte,Pará,PA,Cap XIII,160,M00–M99,Doenças do sistema osteomuscular e do tecido conjuntivo
2021,Estado,Região Norte,Amapá,AP,Cap XIII,10,M00–M99,Doenças do sistema osteomuscular e do tecido conjuntivo
2021,Estado,Região Norte,Tocantins,TO,Cap XIII,22,M00–M99,Doenças do sistema osteomuscular e do tecido conjuntivo
2021,Regiao,Região Nordeste,,,Cap XIII,1690,M00–M99,Doenças do sistema osteomuscular e do tecido conjuntivo
2021,Estado,Região Nordeste,Maranhão,MA,Cap XIII,127,M00–M99,Doenças do sistema osteomuscular e do tecido conjuntivo
2021,Estado,Região Nordeste,Piauí,PI,Cap XIII,74,M00–M99,Doenças do sistema osteomuscular e do tecido conjuntivo
2021,Estado,Região Nordeste,Ceará,CE,Cap XIII,287,M00–M99,Doenças do sistema osteomuscular e do tecido conjuntivo
2021,Estado,Região Nordeste,Rio Grande do Norte,RN,Cap XIII,208,M00–M99,Doenças do sistema osteomuscular e do tecido conjuntivo
2021,Estado,Região Nordeste,Paraíba,PB,Cap XIII,102,M00–M99,Doenças do sistema osteomuscular e do tecido conjuntivo
2021,Estado,Região Nordeste,Pernambuco,PE,Cap XIII,375,M00–M99,Doenças do sistema osteomuscular e do tecido conjuntivo
2021,Estado,Região Nordeste,Alagoas,AL,Cap XIII,99,M00–M99,Doenças do sistema osteomuscular e do tecido conjuntivo
2021,Estado,Região Nordeste,Sergipe,SE,Cap XIII,34,M00–M99,Doenças do sistema osteomuscular e do tecido conjuntivo
2021,Estado,Região Nordeste,Bahia,BA,Cap XIII,384,M00–M99,Doenças do sistema osteomuscular e do tecido conjuntivo
2021,Regiao,Região Sudeste,,,Cap XIII,2949,M00–M99,Doenças do sistema osteomuscular e do tecido conjuntivo
2021,Estado,Região Sudeste,Minas Gerais,MG,Cap XIII,784,M00–M99,Doenças do sistema osteomuscular e do tecido conjuntivo
2021,Estado,Região Sudeste,Espírito Santo,ES,Cap XIII,152,M00–M99,Doenças do sistema osteomuscular e do tecido conjuntivo
2021,Estado,Região Sudeste,Rio de Janeiro,RJ,Cap XIII,540,M00–M99,Doenças do sistema osteomuscular e do tecido conjuntivo
2021,Estado,Região Sudeste,São Paulo,SP,Cap XIII,1473,M00–M99,Doenças do sistema osteomuscular e do tecido conjuntivo
2021,Regiao,Região Sul,,,Cap XIII,774,M00–M99,Doenças do sistema osteomuscular e do tecido conjuntivo
2021,Estado,Região Sul,Paraná,PR,Cap XIII,333,M00–M99,Doenças do sistema osteomuscular e do tecido conjuntivo
2021,Estado,Região Sul,Santa Catarina,SC,Cap XIII,159,M00–M99,Doenças do sistema osteomuscular e do tecido conjuntivo
2021,Estado,Região Sul,Rio Grande do Sul,RS,Cap XIII,282,M00–M99,Doenças do sistema osteomuscular e do tecido conjuntivo
2021,Regiao,Região Centro-Oeste,,,Cap XIII,390,M00–M99,Doenças do sistema osteomuscular e do tecido conjuntivo
2021,Estado,Região Centro-Oeste,Mato Grosso do Sul,MS,Cap XIII,90,M00–M99,Doenças do sistema osteomuscular e do tecido conjuntivo
2021,Estado,Região Centro-Oeste,Mato Grosso,MT,Cap XIII,60,M00–M99,Doenças do sistema osteomuscular e do tecido conjuntivo
2021,Estado,Região Centro-Oeste,Goiás,GO,Cap XIII,178,M00–M99,Doenças do sistema osteomuscular e do tecido conjuntivo
2021,Estado,Região Centro-Oeste,Distrito Federal,DF,Cap XIII,62,M00–M99,Doenças do sistema osteomuscular e do tecido conjuntivo
2022,Regiao,Região Norte,,,Cap XIII,374,M00–M99,Doenças do sistema osteomuscular e do tecido conjuntivo
2022,Estado,Região Norte,Rondônia,RO,Cap XIII,31,M00–M99,Doenças do sistema osteomuscular e do tecido conjuntivo
2022,Estado,Região Norte,Acre,AC,Cap XIII,15,M00–M99,Doenças do sistema osteomuscular e do tecido conjuntivo
2022,Estado,Região Norte,Amazonas,AM,Cap XIII,90,M00–M99,Doenças do sistema osteomuscular e do tecido conjuntivo
2022,Estado,Região Norte,Roraima,RR,Cap XIII,25,M00–M99,Doenças do sistema osteomuscular e do tecido conjuntivo
2022,Estado,Região Norte,Pará,PA,Cap XIII,181,M00–M99,Doenças do sistema osteomuscular e do tecido conjuntivo
2022,Estado,Região Norte,Amapá,AP,Cap XIII,13,M00–M99,Doenças do sistema osteomuscular e do tecido conjuntivo
2022,Estado,Região Norte,Tocantins,TO,Cap XIII,19,M00–M99,Doenças do sistema osteomuscular e do tecido conjuntivo
2022,Regiao,Região Nordeste,,,Cap XIII,1767,M00–M99,Doenças do sistema osteomuscular e do tecido conjuntivo
2022,Estado,Região Nordeste,Maranhão,MA,Cap XIII,134,M00–M99,Doenças do sistema osteomuscular e do tecido conjuntivo
2022,Estado,Região Nordeste,Piauí,PI,Cap XIII,62,M00–M99,Doenças do sistema osteomuscular e do tecido conjuntivo
2022,Estado,Região Nordeste,Ceará,CE,Cap XIII,294,M00–M99,Doenças do sistema osteomuscular e do tecido conjuntivo
2022,Estado,Região Nordeste,Rio Grande do Norte,RN,Cap XIII,183,M00–M99,Doenças do sistema osteomuscular e do tecido conjuntivo
2022,Estado,Região Nordeste,Paraíba,PB,Cap XIII,136,M00–M99,Doenças do sistema osteomuscular e do tecido conjuntivo
2022,Estado,Região Nordeste,Pernambuco,PE,Cap XIII,433,M00–M99,Doenças do sistema osteomuscular e do tecido conjuntivo
2022,Estado,Região Nordeste,Alagoas,AL,Cap XIII,100,M00–M99,Doenças do sistema osteomuscular e do tecido conjuntivo
2022,Estado,Região Nordeste,Sergipe,SE,Cap XIII,46,M00–M99,Doenças do sistema osteomuscular e do tecido conjuntivo
2022,Estado,Região Nordeste,Bahia,BA,Cap XIII,379,M00–M99,Doenças do sistema osteomuscular e do tecido conjuntivo
2022,Regiao,Região Sudeste,,,Cap XIII,3390,M00–M99,Doenças do sistema osteomuscular e do tecido conjuntivo
2022,Estado,Região Sudeste,Minas Gerais,MG,Cap XIII,867,M00–M99,Doenças do sistema osteomuscular e do tecido conjuntivo
2022,Estado,Região Sudeste,Espírito Santo,ES,Cap XIII,153,M00–M99,Doenças do sistema osteomuscular e do tecido conjuntivo
2022,Estado,Região Sudeste,Rio de Janeiro,RJ,Cap XIII,704,M00–M99,Doenças do sistema osteomuscular e do tecido conjuntivo
2022,Estado,Região Sudeste,São Paulo,SP,Cap XIII,1666,M00–M99,Doenças do sistema osteomuscular e do tecido conjuntivo
2022,Regiao,Região Sul,,,Cap XIII,948,M00–M99,Doenças do sistema osteomuscular e do tecido conjuntivo
2022,Estado,Região Sul,Paraná,PR,Cap XIII,411,M00–M99,Doenças do sistema osteomuscular e do tecido conjuntivo
2022,Estado,Região Sul,Santa Catarina,SC,Cap XIII,199,M00–M99,Doenças do sistema osteomuscular e do tecido conjuntivo
2022,Estado,Região Sul,Rio Grande do Sul,RS,Cap XIII,338,M00–M99,Doenças do sistema osteomuscular e do tecido conjuntivo
2022,Regiao,Região Centro-Oeste,,,Cap XIII,506,M00–M99,Doenças do sistema osteomuscular e do tecido conjuntivo
2022,Estado,Região Centro-Oeste,Mato Grosso do Sul,MS,Cap XIII,93,M00–M99,Doenças do sistema osteomuscular e do tecido conjuntivo
2022,Estado,Região Centro-Oeste,Mato Grosso,MT,Cap XIII,80,M00–M99,Doenças do sistema osteomuscular e do tecido conjuntivo
2022,Estado,Região Centro-Oeste,Goiás,GO,Cap XIII,247,M00–M99,Doenças do sistema osteomuscular e do tecido conjuntivo
2022,Estado,Região Centro-Oeste,Distrito Federal,DF,Cap XIII,86,M00–M99,Doenças do sistema osteomuscular e do tecido conjuntivo
2023,Regiao,Região Norte,,,Cap XIII,371,M00–M99,Doenças do sistema osteomuscular e do tecido conjuntivo
2023,Estado,Região Norte,Rondônia,RO,Cap XIII,37,M00–M99,Doenças do sistema osteomuscular e do tecido conjuntivo
2023,Estado,Região Norte,Acre,AC,Cap XIII,9,M00–M99,Doenças do sistema osteomuscular e do tecido conjuntivo
2023,Estado,Região Norte,Amazonas,AM,Cap XIII,96,M00–M99,Doenças do sistema osteomuscular e do tecido conjuntivo
2023,Estado,Região Norte,Roraima,RR,Cap XIII,24,M00–M99,Doenças do sistema osteomuscular e do tecido conjuntivo
2023,Estado,Região Norte,Pará,PA,Cap XIII,171,M00–M99,Doenças do sistema osteomuscular e do tecido conjuntivo
2023,Estado,Região Norte,Amapá,AP,Cap XIII,13,M00–M99,Doenças do sistema osteomuscular e do tecido conjuntivo
2023,Estado,Região Norte,Tocantins,TO,Cap XIII,21,M00–M99,Doenças do sistema osteomuscular e do tecido conjuntivo
2023,Regiao,Região Nordeste,,,Cap XIII,1891,M00–M99,Doenças do sistema osteomuscular e do tecido conjuntivo
2023,Estado,Região Nordeste,Maranhão,MA,Cap XIII,140,M00–M99,Doenças do sistema osteomuscular e do tecido conjuntivo
2023,Estado,Região Nordeste,Piauí,PI,Cap XIII,75,M00–M99,Doenças do sistema osteomuscular e do tecido conjuntivo
2023,Estado,Região Nordeste,Ceará,CE,Cap XIII,317,M00–M99,Doenças do sistema osteomuscular e do tecido conjuntivo
2023,Estado,Região Nordeste,Rio Grande do Norte,RN,Cap XIII,193,M00–M99,Doenças do sistema osteomuscular e do tecido conjuntivo
2023,Estado,Região Nordeste,Paraíba,PB,Cap XIII,127,M00–M99,Doenças do sistema osteomuscular e do tecido conjuntivo
2023,Estado,Região Nordeste,Pernambuco,PE,Cap XIII,421,M00–M99,Doenças do sistema osteomuscular e do tecido conjuntivo
2023,Estado,Região Nordeste,Alagoas,AL,Cap XIII,120,M00–M99,Doenças do sistema osteomuscular e do tecido conjuntivo
2023,Estado,Região Nordeste,Sergipe,SE,Cap XIII,54,M00–M99,Doenças do sistema osteomuscular e do tecido conjuntivo
2023,Estado,Região Nordeste,Bahia,BA,Cap XIII,444,M00–M99,Doenças do sistema osteomuscular e do tecido conjuntivo
2023,Regiao,Região Sudeste,,,Cap XIII,3524,M00–M99,Doenças do sistema osteomuscular e do tecido conjuntivo
2023,Estado,Região Sudeste,Minas Gerais,MG,Cap XIII,909,M00–M99,Doenças do sistema osteomuscular e do tecido conjuntivo
2023,Estado,Região Sudeste,Espírito Santo,ES,Cap XIII,140,M00–M99,Doenças do sistema osteomuscular e do tecido conjuntivo
2023,Estado,Região Sudeste,Rio de Janeiro,RJ,Cap XIII,674,M00–M99,Doenças do sistema osteomuscular e do tecido conjuntivo
2023,Estado,Região Sudeste,São Paulo,SP,Cap XIII,1801,M00–M99,Doenças do sistema osteomuscular e do tecido conjuntivo
2023,Regiao,Região Sul,,,Cap XIII,1004,M00–M99,Doenças do sistema osteomuscular e do tecido conjuntivo
2023,Estado,Região Sul,Paraná,PR,Cap XIII,460,M00–M99,Doenças do sistema osteomuscular e do tecido conjuntivo
2023,Estado,Região Sul,Santa Catarina,SC,Cap XIII,199,M00–M99,Doenças do sistema osteomuscular e do tecido conjuntivo
2023,Estado,Região Sul,Rio Grande do Sul,RS,Cap XIII,345,M00–M99,Doenças do sistema osteomuscular e do tecido conjuntivo
2023,Regiao,Região Centro-Oeste,,,Cap XIII,543,M00–M99,Doenças do sistema osteomuscular e do tecido conjuntivo
2023,Estado,Região Centro-Oeste,Mato Grosso do Sul,MS,Cap XIII,115,M00–M99,Doenças do sistema osteomuscular e do tecido conjuntivo
2023,Estado,Região Centro-Oeste,Mato Grosso,MT,Cap XIII,110,M00–M99,Doenças do sistema osteomuscular e do tecido conjuntivo
2023,Estado,Região Centro-Oeste,Goiás,GO,Cap XIII,229,M00–M99,Doenças do sistema osteomuscular e do tecido conjuntivo
2023,Estado,Região Centro-Oeste,Distrito Federal,DF,Cap XIII,89,M00–M99,Doenças do sistema osteomuscular e do tecido conjuntivo
2024,Regiao,Região Norte,,,Cap XIII,460,M00–M99,Doenças do sistema osteomuscular e do tecido conjuntivo
2024,Estado,Região Norte,Rondônia,RO,Cap XIII,38,M00–M99,Doenças do sistema osteomuscular e do tecido conjuntivo
2024,Estado,Região Norte,Acre,AC,Cap XIII,14,M00–M99,Doenças do sistema osteomuscular e do tecido conjuntivo
2024,Estado,Região Norte,Amazonas,AM,Cap XIII,101,M00–M99,Doenças do sistema osteomuscular e do tecido conjuntivo
2024,Estado,Região Norte,Roraima,RR,Cap XIII,17,M00–M99,Doenças do sistema osteomuscular e do tecido conjuntivo
2024,Estado,Região Norte,Pará,PA,Cap XIII,231,M00–M99,Doenças do sistema osteomuscular e do tecido conjuntivo
2024,Estado,Região Norte,Amapá,AP,Cap XIII,21,M00–M99,Doenças do sistema osteomuscular e do tecido conjuntivo
2024,Estado,Região Norte,Tocantins,TO,Cap XIII,38,M00–M99,Doenças do sistema osteomuscular e do tecido conjuntivo
2024,Regiao,Região Nordeste,,,Cap XIII,1925,M00–M99,Doenças do sistema osteomuscular e do tecido conjuntivo
2024,Estado,Região Nordeste,Maranhão,MA,Cap XIII,117,M00–M99,Doenças do sistema osteomuscular e do tecido conjuntivo
2024,Estado,Região Nordeste,Piauí,PI,Cap XIII,78,M00–M99,Doenças do sistema osteomuscular e do tecido conjuntivo
2024,Estado,Região Nordeste,Ceará,CE,Cap XIII,375,M00–M99,Doenças do sistema osteomuscular e do tecido conjuntivo
2024,Estado,Região Nordeste,Rio Grande do Norte,RN,Cap XIII,205,M00–M99,Doenças do sistema osteomuscular e do tecido conjuntivo
2024,Estado,Região Nordeste,Paraíba,PB,Cap XIII,133,M00–M99,Doenças do sistema osteomuscular e do tecido conjuntivo
2024,Estado,Região Nordeste,Pernambuco,PE,Cap XIII,398,M00–M99,Doenças do sistema osteomuscular e do tecido conjuntivo
2024,Estado,Região Nordeste,Alagoas,AL,Cap XIII,114,M00–M99,Doenças do sistema osteomuscular e do tecido conjuntivo
2024,Estado,Região Nordeste,Sergipe,SE,Cap XIII,53,M00–M99,Doenças do sistema osteomuscular e do tecido conjuntivo
2024,Estado,Região Nordeste,Bahia,BA,Cap XIII,452,M00–M99,Doenças do sistema osteomuscular e do tecido conjuntivo
2024,Regiao,Região Sudeste,,,Cap XIII,3822,M00–M99,Doenças do sistema osteomuscular e do tecido conjuntivo
2024,Estado,Região Sudeste,Minas Gerais,MG,Cap XIII,951,M00–M99,Doenças do sistema osteomuscular e do tecido conjuntivo
2024,Estado,Região Sudeste,Espírito Santo,ES,Cap XIII,125,M00–M99,Doenças do sistema osteomuscular e do tecido conjuntivo
2024,Estado,Região Sudeste,Rio de Janeiro,RJ,Cap XIII,763,M00–M99,Doenças do sistema osteomuscular e do tecido conjuntivo
2024,Estado,Região Sudeste,São Paulo,SP,Cap XIII,1983,M00–M99,Doenças do sistema osteomuscular e do tecido conjuntivo
2024,Regiao,Região Sul,,,Cap XIII,1149,M00–M99,Doenças do sistema osteomuscular e do tecido conjuntivo
2024,Estado,Região Sul,Paraná,PR,Cap XIII,485,M00–M99,Doenças do sistema osteomuscular e do tecido conjuntivo
2024,Estado,Região Sul,Santa Catarina,SC,Cap XIII,234,M00–M99,Doenças do sistema osteomuscular e do tecido conjuntivo
2024,Estado,Região Sul,Rio Grande do Sul,RS,Cap XIII,430,M00–M99,Doenças do sistema osteomuscular e do tecido conjuntivo
2024,Regiao,Região Centro-Oeste,,,Cap XIII,608,M00–M99,Doenças do sistema osteomuscular e do tecido conjuntivo
2024,Estado,Região Centro-Oeste,Mato Grosso do Sul,MS,Cap XIII,137,M00–M99,Doenças do sistema osteomuscular e do tecido conjuntivo
2024,Estado,Região Centro-Oeste,Mato Grosso,MT,Cap XIII,120,M00–M99,Doenças do sistema osteomuscular e do tecido conjuntivo
2024,Estado,Região Centro-Oeste,Goiás,GO,Cap XIII,234,M00–M99,Doenças do sistema osteomuscular e do tecido conjuntivo
2024,Estado,Região Centro-Oeste,Distrito Federal,DF,Cap XIII,117,M00–M99,Doenças do sistema osteomuscular e do tecido conjuntivo
2025,Regiao,Região Norte,,,Cap XIII,461,M00–M99,Doenças do sistema osteomuscular e do tecido conjuntivo
2025,Estado,Região Norte,Rondônia,RO,Cap XIII,43,M00–M99,Doenças do sistema osteomuscular e do tecido conjuntivo
2025,Estado,Região Norte,Acre,AC,Cap XIII,35,M00–M99,Doenças do sistema osteomuscular e do tecido conjuntivo
2025,Estado,Região Norte,Amazonas,AM,Cap XIII,92,M00–M99,Doenças do sistema osteomuscular e do tecido conjuntivo
2025,Estado,Região Norte,Roraima,RR,Cap XIII,15,M00–M99,Doenças do sistema osteomuscular e do tecido conjuntivo
2025,Estado,Região Norte,Pará,PA,Cap XIII,228,M00–M99,Doenças do sistema osteomuscular e do tecido conjuntivo
2025,Estado,Região Norte,Amapá,AP,Cap XIII,17,M00–M99,Doenças do sistema osteomuscular e do tecido conjuntivo
2025,Estado,Região Norte,Tocantins,TO,Cap XIII,31,M00–M99,Doenças do sistema osteomuscular e do tecido conjuntivo
2025,Regiao,Região Nordeste,,,Cap XIII,2146,M00–M99,Doenças do sistema osteomuscular e do tecido conjuntivo
2025,Estado,Região Nordeste,Maranhão,MA,Cap XIII,148,M00–M99,Doenças do sistema osteomuscular e do tecido conjuntivo
2025,Estado,Região Nordeste,Piauí,PI,Cap XIII,75,M00–M99,Doenças do sistema osteomuscular e do tecido conjuntivo
2025,Estado,Região Nordeste,Ceará,CE,Cap XIII,380,M00–M99,Doenças do sistema osteomuscular e do tecido conjuntivo
2025,Estado,Região Nordeste,Rio Grande do Norte,RN,Cap XIII,191,M00–M99,Doenças do sistema osteomuscular e do tecido conjuntivo
2025,Estado,Região Nordeste,Paraíba,PB,Cap XIII,149,M00–M99,Doenças do sistema osteomuscular e do tecido conjuntivo
2025,Estado,Região Nordeste,Pernambuco,PE,Cap XIII,457,M00–M99,Doenças do sistema osteomuscular e do tecido conjuntivo
2025,Estado,Região Nordeste,Alagoas,AL,Cap XIII,139,M00–M99,Doenças do sistema osteomuscular e do tecido conjuntivo
2025,Estado,Região Nordeste,Sergipe,SE,Cap XIII,73,M00–M99,Doenças do sistema osteomuscular e do tecido conjuntivo
2025,Estado,Região Nordeste,Bahia,BA,Cap XIII,534,M00–M99,Doenças do sistema osteomuscular e do tecido conjuntivo
2025,Regiao,Região Sudeste,,,Cap XIII,3862,M00–M99,Doenças do sistema osteomuscular e do tecido conjuntivo
2025,Estado,Região Sudeste,Minas Gerais,MG,Cap XIII,976,M00–M99,Doenças do sistema osteomuscular e do tecido conjuntivo
2025,Estado,Região Sudeste,Espírito Santo,ES,Cap XIII,113,M00–M99,Doenças do sistema osteomuscular e do tecido conjuntivo
2025,Estado,Região Sudeste,Rio de Janeiro,RJ,Cap XIII,829,M00–M99,Doenças do sistema osteomuscular e do tecido conjuntivo
2025,Estado,Região Sudeste,São Paulo,SP,Cap XIII,1944,M00–M99,Doenças do sistema osteomuscular e do tecido conjuntivo
2025,Regiao,Região Sul,,,Cap XIII,1195,M00–M99,Doenças do sistema osteomuscular e do tecido conjuntivo
2025,Estado,Região Sul,Paraná,PR,Cap XIII,519,M00–M99,Doenças do sistema osteomuscular e do tecido conjuntivo
2025,Estado,Região Sul,Santa Catarina,SC,Cap XIII,261,M00–M99,Doenças do sistema osteomuscular e do tecido conjuntivo
2025,Estado,Região Sul,Rio Grande do Sul,RS,Cap XIII,415,M00–M99,Doenças do sistema osteomuscular e do tecido conjuntivo
2025,Regiao,Região Centro-Oeste,,,Cap XIII,671,M00–M99,Doenças do sistema osteomuscular e do tecido conjuntivo
2025,Estado,Região Centro-Oeste,Mato Grosso do Sul,MS,Cap XIII,138,M00–M99,Doenças do sistema osteomuscular e do tecido conjuntivo
2025,Estado,Região Centro-Oeste,Mato Grosso,MT,Cap XIII,127,M00–M99,Doenças do sistema osteomuscular e do tecido conjuntivo
2025,Estado,Região Centro-Oeste,Goiás,GO,Cap XIII,266,M00–M99,Doenças do sistema osteomuscular e do tecido conjuntivo
2025,Estado,Região Centro-Oeste,Distrito Federal,DF,Cap XIII,140,M00–M99,Doenças do sistema osteomuscular e do tecido conjuntivo
2026,Regiao,Região Norte,,,Cap XIII,251,M00–M99,Doenças do sistema osteomuscular e do tecido conjuntivo
2026,Estado,Região Norte,Rondônia,RO,Cap XIII,14,M00–M99,Doenças do sistema osteomuscular e do tecido conjuntivo
2026,Estado,Região Norte,Acre,AC,Cap XIII,5,M00–M99,Doenças do sistema osteomuscular e do tecido conjuntivo
2026,Estado,Região Norte,Amazonas,AM,Cap XIII,50,M00–M99,Doenças do sistema osteomuscular e do tecido conjuntivo
2026,Estado,Região Norte,Roraima,RR,Cap XIII,10,M00–M99,Doenças do sistema osteomuscular e do tecido conjuntivo
2026,Estado,Região Norte,Pará,PA,Cap XIII,143,M00–M99,Doenças do sistema osteomuscular e do tecido conjuntivo
2026,Estado,Região Norte,Amapá,AP,Cap XIII,6,M00–M99,Doenças do sistema osteomuscular e do tecido conjuntivo
2026,Estado,Região Norte,Tocantins,TO,Cap XIII,23,M00–M99,Doenças do sistema osteomuscular e do tecido conjuntivo
2026,Regiao,Região Nordeste,,,Cap XIII,814,M00–M99,Doenças do sistema osteomuscular e do tecido conjuntivo
2026,Estado,Região Nordeste,Maranhão,MA,Cap XIII,53,M00–M99,Doenças do sistema osteomuscular e do tecido conjuntivo
2026,Estado,Região Nordeste,Piauí,PI,Cap XIII,35,M00–M99,Doenças do sistema osteomuscular e do tecido conjuntivo
2026,Estado,Região Nordeste,Ceará,CE,Cap XIII,155,M00–M99,Doenças do sistema osteomuscular e do tecido conjuntivo
2026,Estado,Região Nordeste,Rio Grande do Norte,RN,Cap XIII,81,M00–M99,Doenças do sistema osteomuscular e do tecido conjuntivo
2026,Estado,Região Nordeste,Paraíba,PB,Cap XIII,70,M00–M99,Doenças do sistema osteomuscular e do tecido conjuntivo
2026,Estado,Região Nordeste,Pernambuco,PE,Cap XIII,155,M00–M99,Doenças do sistema osteomuscular e do tecido conjuntivo
2026,Estado,Região Nordeste,Alagoas,AL,Cap XIII,38,M00–M99,Doenças do sistema osteomuscular e do tecido conjuntivo
2026,Estado,Região Nordeste,Sergipe,SE,Cap XIII,32,M00–M99,Doenças do sistema osteomuscular e do tecido conjuntivo
2026,Estado,Região Nordeste,Bahia,BA,Cap XIII,195,M00–M99,Doenças do sistema osteomuscular e do tecido conjuntivo
2026,Regiao,Região Sudeste,,,Cap XIII,1438,M00–M99,Doenças do sistema osteomuscular e do tecido conjuntivo
2026,Estado,Região Sudeste,Minas Gerais,MG,Cap XIII,374,M00–M99,Doenças do sistema osteomuscular e do tecido conjuntivo
2026,Estado,Região Sudeste,Espírito Santo,ES,Cap XIII,57,M00–M99,Doenças do sistema osteomuscular e do tecido conjuntivo
2026,Estado,Região Sudeste,Rio de Janeiro,RJ,Cap XIII,271,M00–M99,Doenças do sistema osteomuscular e do tecido conjuntivo
2026,Estado,Região Sudeste,São Paulo,SP,Cap XIII,736,M00–M99,Doenças do sistema osteomuscular e do tecido conjuntivo
2026,Regiao,Região Sul,,,Cap XIII,397,M00–M99,Doenças do sistema osteomuscular e do tecido conjuntivo
2026,Estado,Região Sul,Paraná,PR,Cap XIII,155,M00–M99,Doenças do sistema osteomuscular e do tecido conjuntivo
2026,Estado,Região Sul,Santa Catarina,SC,Cap XIII,95,M00–M99,Doenças do sistema osteomuscular e do tecido conjuntivo
2026,Estado,Região Sul,Rio Grande do Sul,RS,Cap XIII,147,M00–M99,Doenças do sistema osteomuscular e do tecido conjuntivo
2026,Regiao,Região Centro-Oeste,,,Cap XIII,250,M00–M99,Doenças do sistema osteomuscular e do tecido conjuntivo
2026,Estado,Região Centro-Oeste,Mato Grosso do Sul,MS,Cap XIII,58,M00–M99,Doenças do sistema osteomuscular e do tecido conjuntivo
2026,Estado,Região Centro-Oeste,Mato Grosso,MT,Cap XIII,55,M00–M99,Doenças do sistema osteomuscular e do tecido conjuntivo
2026,Estado,Região Centro-Oeste,Goiás,GO,Cap XIII,86,M00–M99,Doenças do sistema osteomuscular e do tecido conjuntivo
2026,Estado,Região Centro-Oeste,Distrito Federal,DF,Cap XIII,51,M00–M99,Doenças do sistema osteomuscular e do tecido conjuntivo
2016,Regiao,Região Norte,,,Cap XIV,1817,N00–N99,Doenças do aparelho geniturinário
2016,Estado,Região Norte,Rondônia,RO,Cap XIV,268,N00–N99,Doenças do aparelho geniturinário
2016,Estado,Região Norte,Acre,AC,Cap XIV,77,N00–N99,Doenças do aparelho geniturinário
2016,Estado,Região Norte,Amazonas,AM,Cap XIV,348,N00–N99,Doenças do aparelho geniturinário
2016,Estado,Região Norte,Roraima,RR,Cap XIV,55,N00–N99,Doenças do aparelho geniturinário
2016,Estado,Região Norte,Pará,PA,Cap XIV,876,N00–N99,Doenças do aparelho geniturinário
2016,Estado,Região Norte,Amapá,AP,Cap XIV,52,N00–N99,Doenças do aparelho geniturinário
2016,Estado,Região Norte,Tocantins,TO,Cap XIV,141,N00–N99,Doenças do aparelho geniturinário
2016,Regiao,Região Nordeste,,,Cap XIV,8917,N00–N99,Doenças do aparelho geniturinário
2016,Estado,Região Nordeste,Maranhão,MA,Cap XIV,768,N00–N99,Doenças do aparelho geniturinário
2016,Estado,Região Nordeste,Piauí,PI,Cap XIV,369,N00–N99,Doenças do aparelho geniturinário
2016,Estado,Região Nordeste,Ceará,CE,Cap XIV,1239,N00–N99,Doenças do aparelho geniturinário
2016,Estado,Região Nordeste,Rio Grande do Norte,RN,Cap XIV,642,N00–N99,Doenças do aparelho geniturinário
2016,Estado,Região Nordeste,Paraíba,PB,Cap XIV,876,N00–N99,Doenças do aparelho geniturinário
2016,Estado,Região Nordeste,Pernambuco,PE,Cap XIV,2255,N00–N99,Doenças do aparelho geniturinário
2016,Estado,Região Nordeste,Alagoas,AL,Cap XIV,425,N00–N99,Doenças do aparelho geniturinário
2016,Estado,Região Nordeste,Sergipe,SE,Cap XIV,409,N00–N99,Doenças do aparelho geniturinário
2016,Estado,Região Nordeste,Bahia,BA,Cap XIV,1934,N00–N99,Doenças do aparelho geniturinário
2016,Regiao,Região Sudeste,,,Cap XIV,21421,N00–N99,Doenças do aparelho geniturinário
2016,Estado,Região Sudeste,Minas Gerais,MG,Cap XIV,4275,N00–N99,Doenças do aparelho geniturinário
2016,Estado,Região Sudeste,Espírito Santo,ES,Cap XIV,663,N00–N99,Doenças do aparelho geniturinário
2016,Estado,Região Sudeste,Rio de Janeiro,RJ,Cap XIV,6011,N00–N99,Doenças do aparelho geniturinário
2016,Estado,Região Sudeste,São Paulo,SP,Cap XIV,10472,N00–N99,Doenças do aparelho geniturinário
2016,Regiao,Região Sul,,,Cap XIV,5011,N00–N99,Doenças do aparelho geniturinário
2016,Estado,Região Sul,Paraná,PR,Cap XIV,1814,N00–N99,Doenças do aparelho geniturinário
2016,Estado,Região Sul,Santa Catarina,SC,Cap XIV,1107,N00–N99,Doenças do aparelho geniturinário
2016,Estado,Região Sul,Rio Grande do Sul,RS,Cap XIV,2090,N00–N99,Doenças do aparelho geniturinário
2016,Regiao,Região Centro-Oeste,,,Cap XIV,2201,N00–N99,Doenças do aparelho geniturinário
2016,Estado,Região Centro-Oeste,Mato Grosso do Sul,MS,Cap XIV,430,N00–N99,Doenças do aparelho geniturinário
2016,Estado,Região Centro-Oeste,Mato Grosso,MT,Cap XIV,465,N00–N99,Doenças do aparelho geniturinário
2016,Estado,Região Centro-Oeste,Goiás,GO,Cap XIV,1048,N00–N99,Doenças do aparelho geniturinário
2016,Estado,Região Centro-Oeste,Distrito Federal,DF,Cap XIV,258,N00–N99,Doenças do aparelho geniturinário
2017,Regiao,Região Norte,,,Cap XIV,1960,N00–N99,Doenças do aparelho geniturinário
2017,Estado,Região Norte,Rondônia,RO,Cap XIV,246,N00–N99,Doenças do aparelho geniturinário
2017,Estado,Região Norte,Acre,AC,Cap XIV,71,N00–N99,Doenças do aparelho geniturinário
2017,Estado,Região Norte,Amazonas,AM,Cap XIV,405,N00–N99,Doenças do aparelho geniturinário
2017,Estado,Região Norte,Roraima,RR,Cap XIV,66,N00–N99,Doenças do aparelho geniturinário
2017,Estado,Região Norte,Pará,PA,Cap XIV,934,N00–N99,Doenças do aparelho geniturinário
2017,Estado,Região Norte,Amapá,AP,Cap XIV,67,N00–N99,Doenças do aparelho geniturinário
2017,Estado,Região Norte,Tocantins,TO,Cap XIV,171,N00–N99,Doenças do aparelho geniturinário
2017,Regiao,Região Nordeste,,,Cap XIV,8888,N00–N99,Doenças do aparelho geniturinário
2017,Estado,Região Nordeste,Maranhão,MA,Cap XIV,747,N00–N99,Doenças do aparelho geniturinário
2017,Estado,Região Nordeste,Piauí,PI,Cap XIV,424,N00–N99,Doenças do aparelho geniturinário
2017,Estado,Região Nordeste,Ceará,CE,Cap XIV,1345,N00–N99,Doenças do aparelho geniturinário
2017,Estado,Região Nordeste,Rio Grande do Norte,RN,Cap XIV,611,N00–N99,Doenças do aparelho geniturinário
2017,Estado,Região Nordeste,Paraíba,PB,Cap XIV,822,N00–N99,Doenças do aparelho geniturinário
2017,Estado,Região Nordeste,Pernambuco,PE,Cap XIV,2003,N00–N99,Doenças do aparelho geniturinário
2017,Estado,Região Nordeste,Alagoas,AL,Cap XIV,455,N00–N99,Doenças do aparelho geniturinário
2017,Estado,Região Nordeste,Sergipe,SE,Cap XIV,411,N00–N99,Doenças do aparelho geniturinário
2017,Estado,Região Nordeste,Bahia,BA,Cap XIV,2070,N00–N99,Doenças do aparelho geniturinário
2017,Regiao,Região Sudeste,,,Cap XIV,22131,N00–N99,Doenças do aparelho geniturinário
2017,Estado,Região Sudeste,Minas Gerais,MG,Cap XIV,4552,N00–N99,Doenças do aparelho geniturinário
2017,Estado,Região Sudeste,Espírito Santo,ES,Cap XIV,714,N00–N99,Doenças do aparelho geniturinário
2017,Estado,Região Sudeste,Rio de Janeiro,RJ,Cap XIV,5759,N00–N99,Doenças do aparelho geniturinário
2017,Estado,Região Sudeste,São Paulo,SP,Cap XIV,11106,N00–N99,Doenças do aparelho geniturinário
2017,Regiao,Região Sul,,,Cap XIV,5118,N00–N99,Doenças do aparelho geniturinário
2017,Estado,Região Sul,Paraná,PR,Cap XIV,1883,N00–N99,Doenças do aparelho geniturinário
2017,Estado,Região Sul,Santa Catarina,SC,Cap XIV,1084,N00–N99,Doenças do aparelho geniturinário
2017,Estado,Região Sul,Rio Grande do Sul,RS,Cap XIV,2151,N00–N99,Doenças do aparelho geniturinário
2017,Regiao,Região Centro-Oeste,,,Cap XIV,2373,N00–N99,Doenças do aparelho geniturinário
2017,Estado,Região Centro-Oeste,Mato Grosso do Sul,MS,Cap XIV,441,N00–N99,Doenças do aparelho geniturinário
2017,Estado,Região Centro-Oeste,Mato Grosso,MT,Cap XIV,516,N00–N99,Doenças do aparelho geniturinário
2017,Estado,Região Centro-Oeste,Goiás,GO,Cap XIV,1178,N00–N99,Doenças do aparelho geniturinário
2017,Estado,Região Centro-Oeste,Distrito Federal,DF,Cap XIV,238,N00–N99,Doenças do aparelho geniturinário
2018,Regiao,Região Norte,,,Cap XIV,2164,N00–N99,Doenças do aparelho geniturinário
2018,Estado,Região Norte,Rondônia,RO,Cap XIV,263,N00–N99,Doenças do aparelho geniturinário
2018,Estado,Região Norte,Acre,AC,Cap XIV,118,N00–N99,Doenças do aparelho geniturinário
2018,Estado,Região Norte,Amazonas,AM,Cap XIV,405,N00–N99,Doenças do aparelho geniturinário
2018,Estado,Região Norte,Roraima,RR,Cap XIV,68,N00–N99,Doenças do aparelho geniturinário
2018,Estado,Região Norte,Pará,PA,Cap XIV,1020,N00–N99,Doenças do aparelho geniturinário
2018,Estado,Região Norte,Amapá,AP,Cap XIV,86,N00–N99,Doenças do aparelho geniturinário
2018,Estado,Região Norte,Tocantins,TO,Cap XIV,204,N00–N99,Doenças do aparelho geniturinário
2018,Regiao,Região Nordeste,,,Cap XIV,9352,N00–N99,Doenças do aparelho geniturinário
2018,Estado,Região Nordeste,Maranhão,MA,Cap XIV,810,N00–N99,Doenças do aparelho geniturinário
2018,Estado,Região Nordeste,Piauí,PI,Cap XIV,437,N00–N99,Doenças do aparelho geniturinário
2018,Estado,Região Nordeste,Ceará,CE,Cap XIV,1445,N00–N99,Doenças do aparelho geniturinário
2018,Estado,Região Nordeste,Rio Grande do Norte,RN,Cap XIV,622,N00–N99,Doenças do aparelho geniturinário
2018,Estado,Região Nordeste,Paraíba,PB,Cap XIV,906,N00–N99,Doenças do aparelho geniturinário
2018,Estado,Região Nordeste,Pernambuco,PE,Cap XIV,2051,N00–N99,Doenças do aparelho geniturinário
2018,Estado,Região Nordeste,Alagoas,AL,Cap XIV,441,N00–N99,Doenças do aparelho geniturinário
2018,Estado,Região Nordeste,Sergipe,SE,Cap XIV,437,N00–N99,Doenças do aparelho geniturinário
2018,Estado,Região Nordeste,Bahia,BA,Cap XIV,2203,N00–N99,Doenças do aparelho geniturinário
2018,Regiao,Região Sudeste,,,Cap XIV,23767,N00–N99,Doenças do aparelho geniturinário
2018,Estado,Região Sudeste,Minas Gerais,MG,Cap XIV,4823,N00–N99,Doenças do aparelho geniturinário
2018,Estado,Região Sudeste,Espírito Santo,ES,Cap XIV,748,N00–N99,Doenças do aparelho geniturinário
2018,Estado,Região Sudeste,Rio de Janeiro,RJ,Cap XIV,6283,N00–N99,Doenças do aparelho geniturinário
2018,Estado,Região Sudeste,São Paulo,SP,Cap XIV,11913,N00–N99,Doenças do aparelho geniturinário
2018,Regiao,Região Sul,,,Cap XIV,5671,N00–N99,Doenças do aparelho geniturinário
2018,Estado,Região Sul,Paraná,PR,Cap XIV,2002,N00–N99,Doenças do aparelho geniturinário
2018,Estado,Região Sul,Santa Catarina,SC,Cap XIV,1307,N00–N99,Doenças do aparelho geniturinário
2018,Estado,Região Sul,Rio Grande do Sul,RS,Cap XIV,2362,N00–N99,Doenças do aparelho geniturinário
2018,Regiao,Região Centro-Oeste,,,Cap XIV,2474,N00–N99,Doenças do aparelho geniturinário
2018,Estado,Região Centro-Oeste,Mato Grosso do Sul,MS,Cap XIV,418,N00–N99,Doenças do aparelho geniturinário
2018,Estado,Região Centro-Oeste,Mato Grosso,MT,Cap XIV,605,N00–N99,Doenças do aparelho geniturinário
2018,Estado,Região Centro-Oeste,Goiás,GO,Cap XIV,1261,N00–N99,Doenças do aparelho geniturinário
2018,Estado,Região Centro-Oeste,Distrito Federal,DF,Cap XIV,190,N00–N99,Doenças do aparelho geniturinário
2019,Regiao,Região Norte,,,Cap XIV,2236,N00–N99,Doenças do aparelho geniturinário
2019,Estado,Região Norte,Rondônia,RO,Cap XIV,260,N00–N99,Doenças do aparelho geniturinário
2019,Estado,Região Norte,Acre,AC,Cap XIV,101,N00–N99,Doenças do aparelho geniturinário
2019,Estado,Região Norte,Amazonas,AM,Cap XIV,440,N00–N99,Doenças do aparelho geniturinário
2019,Estado,Região Norte,Roraima,RR,Cap XIV,77,N00–N99,Doenças do aparelho geniturinário
2019,Estado,Região Norte,Pará,PA,Cap XIV,1069,N00–N99,Doenças do aparelho geniturinário
2019,Estado,Região Norte,Amapá,AP,Cap XIV,97,N00–N99,Doenças do aparelho geniturinário
2019,Estado,Região Norte,Tocantins,TO,Cap XIV,192,N00–N99,Doenças do aparelho geniturinário
2019,Regiao,Região Nordeste,,,Cap XIV,10310,N00–N99,Doenças do aparelho geniturinário
2019,Estado,Região Nordeste,Maranhão,MA,Cap XIV,831,N00–N99,Doenças do aparelho geniturinário
2019,Estado,Região Nordeste,Piauí,PI,Cap XIV,477,N00–N99,Doenças do aparelho geniturinário
2019,Estado,Região Nordeste,Ceará,CE,Cap XIV,1567,N00–N99,Doenças do aparelho geniturinário
2019,Estado,Região Nordeste,Rio Grande do Norte,RN,Cap XIV,663,N00–N99,Doenças do aparelho geniturinário
2019,Estado,Região Nordeste,Paraíba,PB,Cap XIV,1078,N00–N99,Doenças do aparelho geniturinário
2019,Estado,Região Nordeste,Pernambuco,PE,Cap XIV,2248,N00–N99,Doenças do aparelho geniturinário
2019,Estado,Região Nordeste,Alagoas,AL,Cap XIV,473,N00–N99,Doenças do aparelho geniturinário
2019,Estado,Região Nordeste,Sergipe,SE,Cap XIV,466,N00–N99,Doenças do aparelho geniturinário
2019,Estado,Região Nordeste,Bahia,BA,Cap XIV,2507,N00–N99,Doenças do aparelho geniturinário
2019,Regiao,Região Sudeste,,,Cap XIV,25959,N00–N99,Doenças do aparelho geniturinário
2019,Estado,Região Sudeste,Minas Gerais,MG,Cap XIV,5349,N00–N99,Doenças do aparelho geniturinário
2019,Estado,Região Sudeste,Espírito Santo,ES,Cap XIV,819,N00–N99,Doenças do aparelho geniturinário
2019,Estado,Região Sudeste,Rio de Janeiro,RJ,Cap XIV,6842,N00–N99,Doenças do aparelho geniturinário
2019,Estado,Região Sudeste,São Paulo,SP,Cap XIV,12949,N00–N99,Doenças do aparelho geniturinário
2019,Regiao,Região Sul,,,Cap XIV,6202,N00–N99,Doenças do aparelho geniturinário
2019,Estado,Região Sul,Paraná,PR,Cap XIV,2167,N00–N99,Doenças do aparelho geniturinário
2019,Estado,Região Sul,Santa Catarina,SC,Cap XIV,1304,N00–N99,Doenças do aparelho geniturinário
2019,Estado,Região Sul,Rio Grande do Sul,RS,Cap XIV,2731,N00–N99,Doenças do aparelho geniturinário
2019,Regiao,Região Centro-Oeste,,,Cap XIV,2859,N00–N99,Doenças do aparelho geniturinário
2019,Estado,Região Centro-Oeste,Mato Grosso do Sul,MS,Cap XIV,541,N00–N99,Doenças do aparelho geniturinário
2019,Estado,Região Centro-Oeste,Mato Grosso,MT,Cap XIV,664,N00–N99,Doenças do aparelho geniturinário
2019,Estado,Região Centro-Oeste,Goiás,GO,Cap XIV,1384,N00–N99,Doenças do aparelho geniturinário
2019,Estado,Região Centro-Oeste,Distrito Federal,DF,Cap XIV,270,N00–N99,Doenças do aparelho geniturinário
2020,Regiao,Região Norte,,,Cap XIV,2171,N00–N99,Doenças do aparelho geniturinário
2020,Estado,Região Norte,Rondônia,RO,Cap XIV,262,N00–N99,Doenças do aparelho geniturinário
2020,Estado,Região Norte,Acre,AC,Cap XIV,88,N00–N99,Doenças do aparelho geniturinário
2020,Estado,Região Norte,Amazonas,AM,Cap XIV,427,N00–N99,Doenças do aparelho geniturinário
2020,Estado,Região Norte,Roraima,RR,Cap XIV,49,N00–N99,Doenças do aparelho geniturinário
2020,Estado,Região Norte,Pará,PA,Cap XIV,1083,N00–N99,Doenças do aparelho geniturinário
2020,Estado,Região Norte,Amapá,AP,Cap XIV,76,N00–N99,Doenças do aparelho geniturinário
2020,Estado,Região Norte,Tocantins,TO,Cap XIV,186,N00–N99,Doenças do aparelho geniturinário
2020,Regiao,Região Nordeste,,,Cap XIV,9539,N00–N99,Doenças do aparelho geniturinário
2020,Estado,Região Nordeste,Maranhão,MA,Cap XIV,867,N00–N99,Doenças do aparelho geniturinário
2020,Estado,Região Nordeste,Piauí,PI,Cap XIV,444,N00–N99,Doenças do aparelho geniturinário
2020,Estado,Região Nordeste,Ceará,CE,Cap XIV,1333,N00–N99,Doenças do aparelho geniturinário
2020,Estado,Região Nordeste,Rio Grande do Norte,RN,Cap XIV,611,N00–N99,Doenças do aparelho geniturinário
2020,Estado,Região Nordeste,Paraíba,PB,Cap XIV,924,N00–N99,Doenças do aparelho geniturinário
2020,Estado,Região Nordeste,Pernambuco,PE,Cap XIV,2110,N00–N99,Doenças do aparelho geniturinário
2020,Estado,Região Nordeste,Alagoas,AL,Cap XIV,424,N00–N99,Doenças do aparelho geniturinário
2020,Estado,Região Nordeste,Sergipe,SE,Cap XIV,392,N00–N99,Doenças do aparelho geniturinário
2020,Estado,Região Nordeste,Bahia,BA,Cap XIV,2434,N00–N99,Doenças do aparelho geniturinário
2020,Regiao,Região Sudeste,,,Cap XIV,24048,N00–N99,Doenças do aparelho geniturinário
2020,Estado,Região Sudeste,Minas Gerais,MG,Cap XIV,5244,N00–N99,Doenças do aparelho geniturinário
2020,Estado,Região Sudeste,Espírito Santo,ES,Cap XIV,787,N00–N99,Doenças do aparelho geniturinário
2020,Estado,Região Sudeste,Rio de Janeiro,RJ,Cap XIV,5924,N00–N99,Doenças do aparelho geniturinário
2020,Estado,Região Sudeste,São Paulo,SP,Cap XIV,12093,N00–N99,Doenças do aparelho geniturinário
2020,Regiao,Região Sul,,,Cap XIV,6178,N00–N99,Doenças do aparelho geniturinário
2020,Estado,Região Sul,Paraná,PR,Cap XIV,2169,N00–N99,Doenças do aparelho geniturinário
2020,Estado,Região Sul,Santa Catarina,SC,Cap XIV,1254,N00–N99,Doenças do aparelho geniturinário
2020,Estado,Região Sul,Rio Grande do Sul,RS,Cap XIV,2755,N00–N99,Doenças do aparelho geniturinário
2020,Regiao,Região Centro-Oeste,,,Cap XIV,2924,N00–N99,Doenças do aparelho geniturinário
2020,Estado,Região Centro-Oeste,Mato Grosso do Sul,MS,Cap XIV,639,N00–N99,Doenças do aparelho geniturinário
2020,Estado,Região Centro-Oeste,Mato Grosso,MT,Cap XIV,626,N00–N99,Doenças do aparelho geniturinário
2020,Estado,Região Centro-Oeste,Goiás,GO,Cap XIV,1357,N00–N99,Doenças do aparelho geniturinário
2020,Estado,Região Centro-Oeste,Distrito Federal,DF,Cap XIV,302,N00–N99,Doenças do aparelho geniturinário
2021,Regiao,Região Norte,,,Cap XIV,2384,N00–N99,Doenças do aparelho geniturinário
2021,Estado,Região Norte,Rondônia,RO,Cap XIV,302,N00–N99,Doenças do aparelho geniturinário
2021,Estado,Região Norte,Acre,AC,Cap XIV,131,N00–N99,Doenças do aparelho geniturinário
2021,Estado,Região Norte,Amazonas,AM,Cap XIV,421,N00–N99,Doenças do aparelho geniturinário
2021,Estado,Região Norte,Roraima,RR,Cap XIV,63,N00–N99,Doenças do aparelho geniturinário
2021,Estado,Região Norte,Pará,PA,Cap XIV,1184,N00–N99,Doenças do aparelho geniturinário
2021,Estado,Região Norte,Amapá,AP,Cap XIV,85,N00–N99,Doenças do aparelho geniturinário
2021,Estado,Região Norte,Tocantins,TO,Cap XIV,198,N00–N99,Doenças do aparelho geniturinário
2021,Regiao,Região Nordeste,,,Cap XIV,10510,N00–N99,Doenças do aparelho geniturinário
2021,Estado,Região Nordeste,Maranhão,MA,Cap XIV,854,N00–N99,Doenças do aparelho geniturinário
2021,Estado,Região Nordeste,Piauí,PI,Cap XIV,466,N00–N99,Doenças do aparelho geniturinário
2021,Estado,Região Nordeste,Ceará,CE,Cap XIV,1520,N00–N99,Doenças do aparelho geniturinário
2021,Estado,Região Nordeste,Rio Grande do Norte,RN,Cap XIV,665,N00–N99,Doenças do aparelho geniturinário
2021,Estado,Região Nordeste,Paraíba,PB,Cap XIV,1065,N00–N99,Doenças do aparelho geniturinário
2021,Estado,Região Nordeste,Pernambuco,PE,Cap XIV,2412,N00–N99,Doenças do aparelho geniturinário
2021,Estado,Região Nordeste,Alagoas,AL,Cap XIV,541,N00–N99,Doenças do aparelho geniturinário
2021,Estado,Região Nordeste,Sergipe,SE,Cap XIV,430,N00–N99,Doenças do aparelho geniturinário
2021,Estado,Região Nordeste,Bahia,BA,Cap XIV,2557,N00–N99,Doenças do aparelho geniturinário
2021,Regiao,Região Sudeste,,,Cap XIV,27674,N00–N99,Doenças do aparelho geniturinário
2021,Estado,Região Sudeste,Minas Gerais,MG,Cap XIV,5929,N00–N99,Doenças do aparelho geniturinário
2021,Estado,Região Sudeste,Espírito Santo,ES,Cap XIV,912,N00–N99,Doenças do aparelho geniturinário
2021,Estado,Região Sudeste,Rio de Janeiro,RJ,Cap XIV,6746,N00–N99,Doenças do aparelho geniturinário
2021,Estado,Região Sudeste,São Paulo,SP,Cap XIV,14087,N00–N99,Doenças do aparelho geniturinário
2021,Regiao,Região Sul,,,Cap XIV,7166,N00–N99,Doenças do aparelho geniturinário
2021,Estado,Região Sul,Paraná,PR,Cap XIV,2578,N00–N99,Doenças do aparelho geniturinário
2021,Estado,Região Sul,Santa Catarina,SC,Cap XIV,1533,N00–N99,Doenças do aparelho geniturinário
2021,Estado,Região Sul,Rio Grande do Sul,RS,Cap XIV,3055,N00–N99,Doenças do aparelho geniturinário
2021,Regiao,Região Centro-Oeste,,,Cap XIV,3124,N00–N99,Doenças do aparelho geniturinário
2021,Estado,Região Centro-Oeste,Mato Grosso do Sul,MS,Cap XIV,673,N00–N99,Doenças do aparelho geniturinário
2021,Estado,Região Centro-Oeste,Mato Grosso,MT,Cap XIV,623,N00–N99,Doenças do aparelho geniturinário
2021,Estado,Região Centro-Oeste,Goiás,GO,Cap XIV,1448,N00–N99,Doenças do aparelho geniturinário
2021,Estado,Região Centro-Oeste,Distrito Federal,DF,Cap XIV,380,N00–N99,Doenças do aparelho geniturinário
2022,Regiao,Região Norte,,,Cap XIV,2563,N00–N99,Doenças do aparelho geniturinário
2022,Estado,Região Norte,Rondônia,RO,Cap XIV,319,N00–N99,Doenças do aparelho geniturinário
2022,Estado,Região Norte,Acre,AC,Cap XIV,109,N00–N99,Doenças do aparelho geniturinário
2022,Estado,Região Norte,Amazonas,AM,Cap XIV,465,N00–N99,Doenças do aparelho geniturinário
2022,Estado,Região Norte,Roraima,RR,Cap XIV,115,N00–N99,Doenças do aparelho geniturinário
2022,Estado,Região Norte,Pará,PA,Cap XIV,1210,N00–N99,Doenças do aparelho geniturinário
2022,Estado,Região Norte,Amapá,AP,Cap XIV,108,N00–N99,Doenças do aparelho geniturinário
2022,Estado,Região Norte,Tocantins,TO,Cap XIV,237,N00–N99,Doenças do aparelho geniturinário
2022,Regiao,Região Nordeste,,,Cap XIV,11923,N00–N99,Doenças do aparelho geniturinário
2022,Estado,Região Nordeste,Maranhão,MA,Cap XIV,947,N00–N99,Doenças do aparelho geniturinário
2022,Estado,Região Nordeste,Piauí,PI,Cap XIV,570,N00–N99,Doenças do aparelho geniturinário
2022,Estado,Região Nordeste,Ceará,CE,Cap XIV,1844,N00–N99,Doenças do aparelho geniturinário
2022,Estado,Região Nordeste,Rio Grande do Norte,RN,Cap XIV,842,N00–N99,Doenças do aparelho geniturinário
2022,Estado,Região Nordeste,Paraíba,PB,Cap XIV,1105,N00–N99,Doenças do aparelho geniturinário
2022,Estado,Região Nordeste,Pernambuco,PE,Cap XIV,2742,N00–N99,Doenças do aparelho geniturinário
2022,Estado,Região Nordeste,Alagoas,AL,Cap XIV,657,N00–N99,Doenças do aparelho geniturinário
2022,Estado,Região Nordeste,Sergipe,SE,Cap XIV,490,N00–N99,Doenças do aparelho geniturinário
2022,Estado,Região Nordeste,Bahia,BA,Cap XIV,2726,N00–N99,Doenças do aparelho geniturinário
2022,Regiao,Região Sudeste,,,Cap XIV,30446,N00–N99,Doenças do aparelho geniturinário
2022,Estado,Região Sudeste,Minas Gerais,MG,Cap XIV,6224,N00–N99,Doenças do aparelho geniturinário
2022,Estado,Região Sudeste,Espírito Santo,ES,Cap XIV,1088,N00–N99,Doenças do aparelho geniturinário
2022,Estado,Região Sudeste,Rio de Janeiro,RJ,Cap XIV,7738,N00–N99,Doenças do aparelho geniturinário
2022,Estado,Região Sudeste,São Paulo,SP,Cap XIV,15396,N00–N99,Doenças do aparelho geniturinário
2022,Regiao,Região Sul,,,Cap XIV,7784,N00–N99,Doenças do aparelho geniturinário
2022,Estado,Região Sul,Paraná,PR,Cap XIV,2679,N00–N99,Doenças do aparelho geniturinário
2022,Estado,Região Sul,Santa Catarina,SC,Cap XIV,1689,N00–N99,Doenças do aparelho geniturinário
2022,Estado,Região Sul,Rio Grande do Sul,RS,Cap XIV,3416,N00–N99,Doenças do aparelho geniturinário
2022,Regiao,Região Centro-Oeste,,,Cap XIV,3587,N00–N99,Doenças do aparelho geniturinário
2022,Estado,Região Centro-Oeste,Mato Grosso do Sul,MS,Cap XIV,797,N00–N99,Doenças do aparelho geniturinário
2022,Estado,Região Centro-Oeste,Mato Grosso,MT,Cap XIV,654,N00–N99,Doenças do aparelho geniturinário
2022,Estado,Região Centro-Oeste,Goiás,GO,Cap XIV,1723,N00–N99,Doenças do aparelho geniturinário
2022,Estado,Região Centro-Oeste,Distrito Federal,DF,Cap XIV,413,N00–N99,Doenças do aparelho geniturinário
2023,Regiao,Região Norte,,,Cap XIV,2872,N00–N99,Doenças do aparelho geniturinário
2023,Estado,Região Norte,Rondônia,RO,Cap XIV,384,N00–N99,Doenças do aparelho geniturinário
2023,Estado,Região Norte,Acre,AC,Cap XIV,138,N00–N99,Doenças do aparelho geniturinário
2023,Estado,Região Norte,Amazonas,AM,Cap XIV,515,N00–N99,Doenças do aparelho geniturinário
2023,Estado,Região Norte,Roraima,RR,Cap XIV,132,N00–N99,Doenças do aparelho geniturinário
2023,Estado,Região Norte,Pará,PA,Cap XIV,1384,N00–N99,Doenças do aparelho geniturinário
2023,Estado,Região Norte,Amapá,AP,Cap XIV,90,N00–N99,Doenças do aparelho geniturinário
2023,Estado,Região Norte,Tocantins,TO,Cap XIV,229,N00–N99,Doenças do aparelho geniturinário
2023,Regiao,Região Nordeste,,,Cap XIV,12096,N00–N99,Doenças do aparelho geniturinário
2023,Estado,Região Nordeste,Maranhão,MA,Cap XIV,1108,N00–N99,Doenças do aparelho geniturinário
2023,Estado,Região Nordeste,Piauí,PI,Cap XIV,571,N00–N99,Doenças do aparelho geniturinário
2023,Estado,Região Nordeste,Ceará,CE,Cap XIV,1732,N00–N99,Doenças do aparelho geniturinário
2023,Estado,Região Nordeste,Rio Grande do Norte,RN,Cap XIV,825,N00–N99,Doenças do aparelho geniturinário
2023,Estado,Região Nordeste,Paraíba,PB,Cap XIV,1086,N00–N99,Doenças do aparelho geniturinário
2023,Estado,Região Nordeste,Pernambuco,PE,Cap XIV,2741,N00–N99,Doenças do aparelho geniturinário
2023,Estado,Região Nordeste,Alagoas,AL,Cap XIV,655,N00–N99,Doenças do aparelho geniturinário
2023,Estado,Região Nordeste,Sergipe,SE,Cap XIV,517,N00–N99,Doenças do aparelho geniturinário
2023,Estado,Região Nordeste,Bahia,BA,Cap XIV,2861,N00–N99,Doenças do aparelho geniturinário
2023,Regiao,Região Sudeste,,,Cap XIV,31686,N00–N99,Doenças do aparelho geniturinário
2023,Estado,Região Sudeste,Minas Gerais,MG,Cap XIV,6783,N00–N99,Doenças do aparelho geniturinário
2023,Estado,Região Sudeste,Espírito Santo,ES,Cap XIV,1235,N00–N99,Doenças do aparelho geniturinário
2023,Estado,Região Sudeste,Rio de Janeiro,RJ,Cap XIV,7817,N00–N99,Doenças do aparelho geniturinário
2023,Estado,Região Sudeste,São Paulo,SP,Cap XIV,15851,N00–N99,Doenças do aparelho geniturinário
2023,Regiao,Região Sul,,,Cap XIV,7613,N00–N99,Doenças do aparelho geniturinário
2023,Estado,Região Sul,Paraná,PR,Cap XIV,2638,N00–N99,Doenças do aparelho geniturinário
2023,Estado,Região Sul,Santa Catarina,SC,Cap XIV,1703,N00–N99,Doenças do aparelho geniturinário
2023,Estado,Região Sul,Rio Grande do Sul,RS,Cap XIV,3272,N00–N99,Doenças do aparelho geniturinário
2023,Regiao,Região Centro-Oeste,,,Cap XIV,3722,N00–N99,Doenças do aparelho geniturinário
2023,Estado,Região Centro-Oeste,Mato Grosso do Sul,MS,Cap XIV,796,N00–N99,Doenças do aparelho geniturinário
2023,Estado,Região Centro-Oeste,Mato Grosso,MT,Cap XIV,809,N00–N99,Doenças do aparelho geniturinário
2023,Estado,Região Centro-Oeste,Goiás,GO,Cap XIV,1690,N00–N99,Doenças do aparelho geniturinário
2023,Estado,Região Centro-Oeste,Distrito Federal,DF,Cap XIV,427,N00–N99,Doenças do aparelho geniturinário
2024,Regiao,Região Norte,,,Cap XIV,2927,N00–N99,Doenças do aparelho geniturinário
2024,Estado,Região Norte,Rondônia,RO,Cap XIV,354,N00–N99,Doenças do aparelho geniturinário
2024,Estado,Região Norte,Acre,AC,Cap XIV,129,N00–N99,Doenças do aparelho geniturinário
2024,Estado,Região Norte,Amazonas,AM,Cap XIV,497,N00–N99,Doenças do aparelho geniturinário
2024,Estado,Região Norte,Roraima,RR,Cap XIV,93,N00–N99,Doenças do aparelho geniturinário
2024,Estado,Região Norte,Pará,PA,Cap XIV,1440,N00–N99,Doenças do aparelho geniturinário
2024,Estado,Região Norte,Amapá,AP,Cap XIV,129,N00–N99,Doenças do aparelho geniturinário
2024,Estado,Região Norte,Tocantins,TO,Cap XIV,285,N00–N99,Doenças do aparelho geniturinário
2024,Regiao,Região Nordeste,,,Cap XIV,13343,N00–N99,Doenças do aparelho geniturinário
2024,Estado,Região Nordeste,Maranhão,MA,Cap XIV,1129,N00–N99,Doenças do aparelho geniturinário
2024,Estado,Região Nordeste,Piauí,PI,Cap XIV,599,N00–N99,Doenças do aparelho geniturinário
2024,Estado,Região Nordeste,Ceará,CE,Cap XIV,2027,N00–N99,Doenças do aparelho geniturinário
2024,Estado,Região Nordeste,Rio Grande do Norte,RN,Cap XIV,935,N00–N99,Doenças do aparelho geniturinário
2024,Estado,Região Nordeste,Paraíba,PB,Cap XIV,1248,N00–N99,Doenças do aparelho geniturinário
2024,Estado,Região Nordeste,Pernambuco,PE,Cap XIV,2916,N00–N99,Doenças do aparelho geniturinário
2024,Estado,Região Nordeste,Alagoas,AL,Cap XIV,748,N00–N99,Doenças do aparelho geniturinário
2024,Estado,Região Nordeste,Sergipe,SE,Cap XIV,607,N00–N99,Doenças do aparelho geniturinário
2024,Estado,Região Nordeste,Bahia,BA,Cap XIV,3134,N00–N99,Doenças do aparelho geniturinário
2024,Regiao,Região Sudeste,,,Cap XIV,33598,N00–N99,Doenças do aparelho geniturinário
2024,Estado,Região Sudeste,Minas Gerais,MG,Cap XIV,7065,N00–N99,Doenças do aparelho geniturinário
2024,Estado,Região Sudeste,Espírito Santo,ES,Cap XIV,1195,N00–N99,Doenças do aparelho geniturinário
2024,Estado,Região Sudeste,Rio de Janeiro,RJ,Cap XIV,8331,N00–N99,Doenças do aparelho geniturinário
2024,Estado,Região Sudeste,São Paulo,SP,Cap XIV,17007,N00–N99,Doenças do aparelho geniturinário
2024,Regiao,Região Sul,,,Cap XIV,8545,N00–N99,Doenças do aparelho geniturinário
2024,Estado,Região Sul,Paraná,PR,Cap XIV,2823,N00–N99,Doenças do aparelho geniturinário
2024,Estado,Região Sul,Santa Catarina,SC,Cap XIV,1966,N00–N99,Doenças do aparelho geniturinário
2024,Estado,Região Sul,Rio Grande do Sul,RS,Cap XIV,3756,N00–N99,Doenças do aparelho geniturinário
2024,Regiao,Região Centro-Oeste,,,Cap XIV,4236,N00–N99,Doenças do aparelho geniturinário
2024,Estado,Região Centro-Oeste,Mato Grosso do Sul,MS,Cap XIV,877,N00–N99,Doenças do aparelho geniturinário
2024,Estado,Região Centro-Oeste,Mato Grosso,MT,Cap XIV,873,N00–N99,Doenças do aparelho geniturinário
2024,Estado,Região Centro-Oeste,Goiás,GO,Cap XIV,1900,N00–N99,Doenças do aparelho geniturinário
2024,Estado,Região Centro-Oeste,Distrito Federal,DF,Cap XIV,586,N00–N99,Doenças do aparelho geniturinário
2025,Regiao,Região Norte,,,Cap XIV,2986,N00–N99,Doenças do aparelho geniturinário
2025,Estado,Região Norte,Rondônia,RO,Cap XIV,409,N00–N99,Doenças do aparelho geniturinário
2025,Estado,Região Norte,Acre,AC,Cap XIV,139,N00–N99,Doenças do aparelho geniturinário
2025,Estado,Região Norte,Amazonas,AM,Cap XIV,531,N00–N99,Doenças do aparelho geniturinário
2025,Estado,Região Norte,Roraima,RR,Cap XIV,107,N00–N99,Doenças do aparelho geniturinário
2025,Estado,Região Norte,Pará,PA,Cap XIV,1384,N00–N99,Doenças do aparelho geniturinário
2025,Estado,Região Norte,Amapá,AP,Cap XIV,133,N00–N99,Doenças do aparelho geniturinário
2025,Estado,Região Norte,Tocantins,TO,Cap XIV,283,N00–N99,Doenças do aparelho geniturinário
2025,Regiao,Região Nordeste,,,Cap XIV,13724,N00–N99,Doenças do aparelho geniturinário
2025,Estado,Região Nordeste,Maranhão,MA,Cap XIV,1290,N00–N99,Doenças do aparelho geniturinário
2025,Estado,Região Nordeste,Piauí,PI,Cap XIV,614,N00–N99,Doenças do aparelho geniturinário
2025,Estado,Região Nordeste,Ceará,CE,Cap XIV,2107,N00–N99,Doenças do aparelho geniturinário
2025,Estado,Região Nordeste,Rio Grande do Norte,RN,Cap XIV,965,N00–N99,Doenças do aparelho geniturinário
2025,Estado,Região Nordeste,Paraíba,PB,Cap XIV,1379,N00–N99,Doenças do aparelho geniturinário
2025,Estado,Região Nordeste,Pernambuco,PE,Cap XIV,2936,N00–N99,Doenças do aparelho geniturinário
2025,Estado,Região Nordeste,Alagoas,AL,Cap XIV,724,N00–N99,Doenças do aparelho geniturinário
2025,Estado,Região Nordeste,Sergipe,SE,Cap XIV,541,N00–N99,Doenças do aparelho geniturinário
2025,Estado,Região Nordeste,Bahia,BA,Cap XIV,3168,N00–N99,Doenças do aparelho geniturinário
2025,Regiao,Região Sudeste,,,Cap XIV,34699,N00–N99,Doenças do aparelho geniturinário
2025,Estado,Região Sudeste,Minas Gerais,MG,Cap XIV,7229,N00–N99,Doenças do aparelho geniturinário
2025,Estado,Região Sudeste,Espírito Santo,ES,Cap XIV,1391,N00–N99,Doenças do aparelho geniturinário
2025,Estado,Região Sudeste,Rio de Janeiro,RJ,Cap XIV,8593,N00–N99,Doenças do aparelho geniturinário
2025,Estado,Região Sudeste,São Paulo,SP,Cap XIV,17486,N00–N99,Doenças do aparelho geniturinário
2025,Regiao,Região Sul,,,Cap XIV,8786,N00–N99,Doenças do aparelho geniturinário
2025,Estado,Região Sul,Paraná,PR,Cap XIV,2967,N00–N99,Doenças do aparelho geniturinário
2025,Estado,Região Sul,Santa Catarina,SC,Cap XIV,1984,N00–N99,Doenças do aparelho geniturinário
2025,Estado,Região Sul,Rio Grande do Sul,RS,Cap XIV,3835,N00–N99,Doenças do aparelho geniturinário
2025,Regiao,Região Centro-Oeste,,,Cap XIV,4214,N00–N99,Doenças do aparelho geniturinário
2025,Estado,Região Centro-Oeste,Mato Grosso do Sul,MS,Cap XIV,916,N00–N99,Doenças do aparelho geniturinário
2025,Estado,Região Centro-Oeste,Mato Grosso,MT,Cap XIV,875,N00–N99,Doenças do aparelho geniturinário
2025,Estado,Região Centro-Oeste,Goiás,GO,Cap XIV,1882,N00–N99,Doenças do aparelho geniturinário
2025,Estado,Região Centro-Oeste,Distrito Federal,DF,Cap XIV,541,N00–N99,Doenças do aparelho geniturinário
2026,Regiao,Região Norte,,,Cap XIV,1208,N00–N99,Doenças do aparelho geniturinário
2026,Estado,Região Norte,Rondônia,RO,Cap XIV,155,N00–N99,Doenças do aparelho geniturinário
2026,Estado,Região Norte,Acre,AC,Cap XIV,57,N00–N99,Doenças do aparelho geniturinário
2026,Estado,Região Norte,Amazonas,AM,Cap XIV,249,N00–N99,Doenças do aparelho geniturinário
2026,Estado,Região Norte,Roraima,RR,Cap XIV,38,N00–N99,Doenças do aparelho geniturinário
2026,Estado,Região Norte,Pará,PA,Cap XIV,563,N00–N99,Doenças do aparelho geniturinário
2026,Estado,Região Norte,Amapá,AP,Cap XIV,47,N00–N99,Doenças do aparelho geniturinário
2026,Estado,Região Norte,Tocantins,TO,Cap XIV,99,N00–N99,Doenças do aparelho geniturinário
2026,Regiao,Região Nordeste,,,Cap XIV,4742,N00–N99,Doenças do aparelho geniturinário
2026,Estado,Região Nordeste,Maranhão,MA,Cap XIV,515,N00–N99,Doenças do aparelho geniturinário
2026,Estado,Região Nordeste,Piauí,PI,Cap XIV,204,N00–N99,Doenças do aparelho geniturinário
2026,Estado,Região Nordeste,Ceará,CE,Cap XIV,726,N00–N99,Doenças do aparelho geniturinário
2026,Estado,Região Nordeste,Rio Grande do Norte,RN,Cap XIV,298,N00–N99,Doenças do aparelho geniturinário
2026,Estado,Região Nordeste,Paraíba,PB,Cap XIV,473,N00–N99,Doenças do aparelho geniturinário
2026,Estado,Região Nordeste,Pernambuco,PE,Cap XIV,947,N00–N99,Doenças do aparelho geniturinário
2026,Estado,Região Nordeste,Alagoas,AL,Cap XIV,276,N00–N99,Doenças do aparelho geniturinário
2026,Estado,Região Nordeste,Sergipe,SE,Cap XIV,185,N00–N99,Doenças do aparelho geniturinário
2026,Estado,Região Nordeste,Bahia,BA,Cap XIV,1118,N00–N99,Doenças do aparelho geniturinário
2026,Regiao,Região Sudeste,,,Cap XIV,11762,N00–N99,Doenças do aparelho geniturinário
2026,Estado,Região Sudeste,Minas Gerais,MG,Cap XIV,2482,N00–N99,Doenças do aparelho geniturinário
2026,Estado,Região Sudeste,Espírito Santo,ES,Cap XIV,367,N00–N99,Doenças do aparelho geniturinário
2026,Estado,Região Sudeste,Rio de Janeiro,RJ,Cap XIV,2821,N00–N99,Doenças do aparelho geniturinário
2026,Estado,Região Sudeste,São Paulo,SP,Cap XIV,6092,N00–N99,Doenças do aparelho geniturinário
2026,Regiao,Região Sul,,,Cap XIV,3006,N00–N99,Doenças do aparelho geniturinário
2026,Estado,Região Sul,Paraná,PR,Cap XIV,1160,N00–N99,Doenças do aparelho geniturinário
2026,Estado,Região Sul,Santa Catarina,SC,Cap XIV,628,N00–N99,Doenças do aparelho geniturinário
2026,Estado,Região Sul,Rio Grande do Sul,RS,Cap XIV,1218,N00–N99,Doenças do aparelho geniturinário
2026,Regiao,Região Centro-Oeste,,,Cap XIV,1562,N00–N99,Doenças do aparelho geniturinário
2026,Estado,Região Centro-Oeste,Mato Grosso do Sul,MS,Cap XIV,364,N00–N99,Doenças do aparelho geniturinário
2026,Estado,Região Centro-Oeste,Mato Grosso,MT,Cap XIV,338,N00–N99,Doenças do aparelho geniturinário
2026,Estado,Região Centro-Oeste,Goiás,GO,Cap XIV,685,N00–N99,Doenças do aparelho geniturinário
2026,Estado,Região Centro-Oeste,Distrito Federal,DF,Cap XIV,175,N00–N99,Doenças do aparelho geniturinário
2016,Regiao,Região Norte,,,Cap XV,235,O00–O99,"Gravidez, parto e puerpério"
2016,Estado,Região Norte,Rondônia,RO,Cap XV,18,O00–O99,"Gravidez, parto e puerpério"
2016,Estado,Região Norte,Acre,AC,Cap XV,9,O00–O99,"Gravidez, parto e puerpério"
2016,Estado,Região Norte,Amazonas,AM,Cap XV,62,O00–O99,"Gravidez, parto e puerpério"
2016,Estado,Região Norte,Roraima,RR,Cap XV,7,O00–O99,"Gravidez, parto e puerpério"
2016,Estado,Região Norte,Pará,PA,Cap XV,104,O00–O99,"Gravidez, parto e puerpério"
2016,Estado,Região Norte,Amapá,AP,Cap XV,16,O00–O99,"Gravidez, parto e puerpério"
2016,Estado,Região Norte,Tocantins,TO,Cap XV,19,O00–O99,"Gravidez, parto e puerpério"
2016,Regiao,Região Nordeste,,,Cap XV,576,O00–O99,"Gravidez, parto e puerpério"
2016,Estado,Região Nordeste,Maranhão,MA,Cap XV,110,O00–O99,"Gravidez, parto e puerpério"
2016,Estado,Região Nordeste,Piauí,PI,Cap XV,47,O00–O99,"Gravidez, parto e puerpério"
2016,Estado,Região Nordeste,Ceará,CE,Cap XV,78,O00–O99,"Gravidez, parto e puerpério"
2016,Estado,Região Nordeste,Rio Grande do Norte,RN,Cap XV,32,O00–O99,"Gravidez, parto e puerpério"
2016,Estado,Região Nordeste,Paraíba,PB,Cap XV,55,O00–O99,"Gravidez, parto e puerpério"
2016,Estado,Região Nordeste,Pernambuco,PE,Cap XV,76,O00–O99,"Gravidez, parto e puerpério"
2016,Estado,Região Nordeste,Alagoas,AL,Cap XV,26,O00–O99,"Gravidez, parto e puerpério"
2016,Estado,Região Nordeste,Sergipe,SE,Cap XV,18,O00–O99,"Gravidez, parto e puerpério"
2016,Estado,Região Nordeste,Bahia,BA,Cap XV,134,O00–O99,"Gravidez, parto e puerpério"
2016,Regiao,Região Sudeste,,,Cap XV,653,O00–O99,"Gravidez, parto e puerpério"
2016,Estado,Região Sudeste,Minas Gerais,MG,Cap XV,120,O00–O99,"Gravidez, parto e puerpério"
2016,Estado,Região Sudeste,Espírito Santo,ES,Cap XV,30,O00–O99,"Gravidez, parto e puerpério"
2016,Estado,Região Sudeste,Rio de Janeiro,RJ,Cap XV,185,O00–O99,"Gravidez, parto e puerpério"
2016,Estado,Região Sudeste,São Paulo,SP,Cap XV,318,O00–O99,"Gravidez, parto e puerpério"
2016,Regiao,Região Sul,,,Cap XV,184,O00–O99,"Gravidez, parto e puerpério"
2016,Estado,Região Sul,Paraná,PR,Cap XV,83,O00–O99,"Gravidez, parto e puerpério"
2016,Estado,Região Sul,Santa Catarina,SC,Cap XV,28,O00–O99,"Gravidez, parto e puerpério"
2016,Estado,Região Sul,Rio Grande do Sul,RS,Cap XV,73,O00–O99,"Gravidez, parto e puerpério"
2016,Regiao,Região Centro-Oeste,,,Cap XV,166,O00–O99,"Gravidez, parto e puerpério"
2016,Estado,Região Centro-Oeste,Mato Grosso do Sul,MS,Cap XV,34,O00–O99,"Gravidez, parto e puerpério"
2016,Estado,Região Centro-Oeste,Mato Grosso,MT,Cap XV,53,O00–O99,"Gravidez, parto e puerpério"
2016,Estado,Região Centro-Oeste,Goiás,GO,Cap XV,55,O00–O99,"Gravidez, parto e puerpério"
2016,Estado,Região Centro-Oeste,Distrito Federal,DF,Cap XV,24,O00–O99,"Gravidez, parto e puerpério"
2017,Regiao,Região Norte,,,Cap XV,254,O00–O99,"Gravidez, parto e puerpério"
2017,Estado,Região Norte,Rondônia,RO,Cap XV,22,O00–O99,"Gravidez, parto e puerpério"
2017,Estado,Região Norte,Acre,AC,Cap XV,8,O00–O99,"Gravidez, parto e puerpério"
2017,Estado,Região Norte,Amazonas,AM,Cap XV,53,O00–O99,"Gravidez, parto e puerpério"
2017,Estado,Região Norte,Roraima,RR,Cap XV,6,O00–O99,"Gravidez, parto e puerpério"
2017,Estado,Região Norte,Pará,PA,Cap XV,132,O00–O99,"Gravidez, parto e puerpério"
2017,Estado,Região Norte,Amapá,AP,Cap XV,7,O00–O99,"Gravidez, parto e puerpério"
2017,Estado,Região Norte,Tocantins,TO,Cap XV,26,O00–O99,"Gravidez, parto e puerpério"
2017,Regiao,Região Nordeste,,,Cap XV,574,O00–O99,"Gravidez, parto e puerpério"
2017,Estado,Região Nordeste,Maranhão,MA,Cap XV,98,O00–O99,"Gravidez, parto e puerpério"
2017,Estado,Região Nordeste,Piauí,PI,Cap XV,39,O00–O99,"Gravidez, parto e puerpério"
2017,Estado,Região Nordeste,Ceará,CE,Cap XV,86,O00–O99,"Gravidez, parto e puerpério"
2017,Estado,Região Nordeste,Rio Grande do Norte,RN,Cap XV,35,O00–O99,"Gravidez, parto e puerpério"
2017,Estado,Região Nordeste,Paraíba,PB,Cap XV,40,O00–O99,"Gravidez, parto e puerpério"
2017,Estado,Região Nordeste,Pernambuco,PE,Cap XV,103,O00–O99,"Gravidez, parto e puerpério"
2017,Estado,Região Nordeste,Alagoas,AL,Cap XV,16,O00–O99,"Gravidez, parto e puerpério"
2017,Estado,Região Nordeste,Sergipe,SE,Cap XV,20,O00–O99,"Gravidez, parto e puerpério"
2017,Estado,Região Nordeste,Bahia,BA,Cap XV,137,O00–O99,"Gravidez, parto e puerpério"
2017,Regiao,Região Sudeste,,,Cap XV,730,O00–O99,"Gravidez, parto e puerpério"
2017,Estado,Região Sudeste,Minas Gerais,MG,Cap XV,127,O00–O99,"Gravidez, parto e puerpério"
2017,Estado,Região Sudeste,Espírito Santo,ES,Cap XV,45,O00–O99,"Gravidez, parto e puerpério"
2017,Estado,Região Sudeste,Rio de Janeiro,RJ,Cap XV,198,O00–O99,"Gravidez, parto e puerpério"
2017,Estado,Região Sudeste,São Paulo,SP,Cap XV,360,O00–O99,"Gravidez, parto e puerpério"
2017,Regiao,Região Sul,,,Cap XV,172,O00–O99,"Gravidez, parto e puerpério"
2017,Estado,Região Sul,Paraná,PR,Cap XV,57,O00–O99,"Gravidez, parto e puerpério"
2017,Estado,Região Sul,Santa Catarina,SC,Cap XV,39,O00–O99,"Gravidez, parto e puerpério"
2017,Estado,Região Sul,Rio Grande do Sul,RS,Cap XV,76,O00–O99,"Gravidez, parto e puerpério"
2017,Regiao,Região Centro-Oeste,,,Cap XV,144,O00–O99,"Gravidez, parto e puerpério"
2017,Estado,Região Centro-Oeste,Mato Grosso do Sul,MS,Cap XV,27,O00–O99,"Gravidez, parto e puerpério"
2017,Estado,Região Centro-Oeste,Mato Grosso,MT,Cap XV,40,O00–O99,"Gravidez, parto e puerpério"
2017,Estado,Região Centro-Oeste,Goiás,GO,Cap XV,54,O00–O99,"Gravidez, parto e puerpério"
2017,Estado,Região Centro-Oeste,Distrito Federal,DF,Cap XV,23,O00–O99,"Gravidez, parto e puerpério"
2018,Regiao,Região Norte,,,Cap XV,248,O00–O99,"Gravidez, parto e puerpério"
2018,Estado,Região Norte,Rondônia,RO,Cap XV,13,O00–O99,"Gravidez, parto e puerpério"
2018,Estado,Região Norte,Acre,AC,Cap XV,9,O00–O99,"Gravidez, parto e puerpério"
2018,Estado,Região Norte,Amazonas,AM,Cap XV,80,O00–O99,"Gravidez, parto e puerpério"
2018,Estado,Região Norte,Roraima,RR,Cap XV,11,O00–O99,"Gravidez, parto e puerpério"
2018,Estado,Região Norte,Pará,PA,Cap XV,112,O00–O99,"Gravidez, parto e puerpério"
2018,Estado,Região Norte,Amapá,AP,Cap XV,14,O00–O99,"Gravidez, parto e puerpério"
2018,Estado,Região Norte,Tocantins,TO,Cap XV,9,O00–O99,"Gravidez, parto e puerpério"
2018,Regiao,Região Nordeste,,,Cap XV,591,O00–O99,"Gravidez, parto e puerpério"
2018,Estado,Região Nordeste,Maranhão,MA,Cap XV,94,O00–O99,"Gravidez, parto e puerpério"
2018,Estado,Região Nordeste,Piauí,PI,Cap XV,51,O00–O99,"Gravidez, parto e puerpério"
2018,Estado,Região Nordeste,Ceará,CE,Cap XV,113,O00–O99,"Gravidez, parto e puerpério"
2018,Estado,Região Nordeste,Rio Grande do Norte,RN,Cap XV,27,O00–O99,"Gravidez, parto e puerpério"
2018,Estado,Região Nordeste,Paraíba,PB,Cap XV,40,O00–O99,"Gravidez, parto e puerpério"
2018,Estado,Região Nordeste,Pernambuco,PE,Cap XV,96,O00–O99,"Gravidez, parto e puerpério"
2018,Estado,Região Nordeste,Alagoas,AL,Cap XV,26,O00–O99,"Gravidez, parto e puerpério"
2018,Estado,Região Nordeste,Sergipe,SE,Cap XV,21,O00–O99,"Gravidez, parto e puerpério"
2018,Estado,Região Nordeste,Bahia,BA,Cap XV,123,O00–O99,"Gravidez, parto e puerpério"
2018,Regiao,Região Sudeste,,,Cap XV,674,O00–O99,"Gravidez, parto e puerpério"
2018,Estado,Região Sudeste,Minas Gerais,MG,Cap XV,139,O00–O99,"Gravidez, parto e puerpério"
2018,Estado,Região Sudeste,Espírito Santo,ES,Cap XV,41,O00–O99,"Gravidez, parto e puerpério"
2018,Estado,Região Sudeste,Rio de Janeiro,RJ,Cap XV,176,O00–O99,"Gravidez, parto e puerpério"
2018,Estado,Região Sudeste,São Paulo,SP,Cap XV,318,O00–O99,"Gravidez, parto e puerpério"
2018,Regiao,Região Sul,,,Cap XV,178,O00–O99,"Gravidez, parto e puerpério"
2018,Estado,Região Sul,Paraná,PR,Cap XV,82,O00–O99,"Gravidez, parto e puerpério"
2018,Estado,Região Sul,Santa Catarina,SC,Cap XV,35,O00–O99,"Gravidez, parto e puerpério"
2018,Estado,Região Sul,Rio Grande do Sul,RS,Cap XV,61,O00–O99,"Gravidez, parto e puerpério"
2018,Regiao,Região Centro-Oeste,,,Cap XV,171,O00–O99,"Gravidez, parto e puerpério"
2018,Estado,Região Centro-Oeste,Mato Grosso do Sul,MS,Cap XV,31,O00–O99,"Gravidez, parto e puerpério"
2018,Estado,Região Centro-Oeste,Mato Grosso,MT,Cap XV,46,O00–O99,"Gravidez, parto e puerpério"
2018,Estado,Região Centro-Oeste,Goiás,GO,Cap XV,70,O00–O99,"Gravidez, parto e puerpério"
2018,Estado,Região Centro-Oeste,Distrito Federal,DF,Cap XV,24,O00–O99,"Gravidez, parto e puerpério"
2019,Regiao,Região Norte,,,Cap XV,250,O00–O99,"Gravidez, parto e puerpério"
2019,Estado,Região Norte,Rondônia,RO,Cap XV,14,O00–O99,"Gravidez, parto e puerpério"
2019,Estado,Região Norte,Acre,AC,Cap XV,8,O00–O99,"Gravidez, parto e puerpério"
2019,Estado,Região Norte,Amazonas,AM,Cap XV,67,O00–O99,"Gravidez, parto e puerpério"
2019,Estado,Região Norte,Roraima,RR,Cap XV,11,O00–O99,"Gravidez, parto e puerpério"
2019,Estado,Região Norte,Pará,PA,Cap XV,130,O00–O99,"Gravidez, parto e puerpério"
2019,Estado,Região Norte,Amapá,AP,Cap XV,5,O00–O99,"Gravidez, parto e puerpério"
2019,Estado,Região Norte,Tocantins,TO,Cap XV,15,O00–O99,"Gravidez, parto e puerpério"
2019,Regiao,Região Nordeste,,,Cap XV,542,O00–O99,"Gravidez, parto e puerpério"
2019,Estado,Região Nordeste,Maranhão,MA,Cap XV,85,O00–O99,"Gravidez, parto e puerpério"
2019,Estado,Região Nordeste,Piauí,PI,Cap XV,46,O00–O99,"Gravidez, parto e puerpério"
2019,Estado,Região Nordeste,Ceará,CE,Cap XV,108,O00–O99,"Gravidez, parto e puerpério"
2019,Estado,Região Nordeste,Rio Grande do Norte,RN,Cap XV,32,O00–O99,"Gravidez, parto e puerpério"
2019,Estado,Região Nordeste,Paraíba,PB,Cap XV,45,O00–O99,"Gravidez, parto e puerpério"
2019,Estado,Região Nordeste,Pernambuco,PE,Cap XV,73,O00–O99,"Gravidez, parto e puerpério"
2019,Estado,Região Nordeste,Alagoas,AL,Cap XV,29,O00–O99,"Gravidez, parto e puerpério"
2019,Estado,Região Nordeste,Sergipe,SE,Cap XV,12,O00–O99,"Gravidez, parto e puerpério"
2019,Estado,Região Nordeste,Bahia,BA,Cap XV,112,O00–O99,"Gravidez, parto e puerpério"
2019,Regiao,Região Sudeste,,,Cap XV,627,O00–O99,"Gravidez, parto e puerpério"
2019,Estado,Região Sudeste,Minas Gerais,MG,Cap XV,117,O00–O99,"Gravidez, parto e puerpério"
2019,Estado,Região Sudeste,Espírito Santo,ES,Cap XV,33,O00–O99,"Gravidez, parto e puerpério"
2019,Estado,Região Sudeste,Rio de Janeiro,RJ,Cap XV,183,O00–O99,"Gravidez, parto e puerpério"
2019,Estado,Região Sudeste,São Paulo,SP,Cap XV,294,O00–O99,"Gravidez, parto e puerpério"
2019,Regiao,Região Sul,,,Cap XV,159,O00–O99,"Gravidez, parto e puerpério"
2019,Estado,Região Sul,Paraná,PR,Cap XV,72,O00–O99,"Gravidez, parto e puerpério"
2019,Estado,Região Sul,Santa Catarina,SC,Cap XV,31,O00–O99,"Gravidez, parto e puerpério"
2019,Estado,Região Sul,Rio Grande do Sul,RS,Cap XV,56,O00–O99,"Gravidez, parto e puerpério"
2019,Regiao,Região Centro-Oeste,,,Cap XV,148,O00–O99,"Gravidez, parto e puerpério"
2019,Estado,Região Centro-Oeste,Mato Grosso do Sul,MS,Cap XV,24,O00–O99,"Gravidez, parto e puerpério"
2019,Estado,Região Centro-Oeste,Mato Grosso,MT,Cap XV,44,O00–O99,"Gravidez, parto e puerpério"
2019,Estado,Região Centro-Oeste,Goiás,GO,Cap XV,71,O00–O99,"Gravidez, parto e puerpério"
2019,Estado,Região Centro-Oeste,Distrito Federal,DF,Cap XV,9,O00–O99,"Gravidez, parto e puerpério"
2020,Regiao,Região Norte,,,Cap XV,310,O00–O99,"Gravidez, parto e puerpério"
2020,Estado,Região Norte,Rondônia,RO,Cap XV,19,O00–O99,"Gravidez, parto e puerpério"
2020,Estado,Região Norte,Acre,AC,Cap XV,5,O00–O99,"Gravidez, parto e puerpério"
2020,Estado,Região Norte,Amazonas,AM,Cap XV,78,O00–O99,"Gravidez, parto e puerpério"
2020,Estado,Região Norte,Roraima,RR,Cap XV,20,O00–O99,"Gravidez, parto e puerpério"
2020,Estado,Região Norte,Pará,PA,Cap XV,155,O00–O99,"Gravidez, parto e puerpério"
2020,Estado,Região Norte,Amapá,AP,Cap XV,15,O00–O99,"Gravidez, parto e puerpério"
2020,Estado,Região Norte,Tocantins,TO,Cap XV,18,O00–O99,"Gravidez, parto e puerpério"
2020,Regiao,Região Nordeste,,,Cap XV,699,O00–O99,"Gravidez, parto e puerpério"
2020,Estado,Região Nordeste,Maranhão,MA,Cap XV,101,O00–O99,"Gravidez, parto e puerpério"
2020,Estado,Região Nordeste,Piauí,PI,Cap XV,47,O00–O99,"Gravidez, parto e puerpério"
2020,Estado,Região Nordeste,Ceará,CE,Cap XV,132,O00–O99,"Gravidez, parto e puerpério"
2020,Estado,Região Nordeste,Rio Grande do Norte,RN,Cap XV,34,O00–O99,"Gravidez, parto e puerpério"
2020,Estado,Região Nordeste,Paraíba,PB,Cap XV,56,O00–O99,"Gravidez, parto e puerpério"
2020,Estado,Região Nordeste,Pernambuco,PE,Cap XV,99,O00–O99,"Gravidez, parto e puerpério"
2020,Estado,Região Nordeste,Alagoas,AL,Cap XV,40,O00–O99,"Gravidez, parto e puerpério"
2020,Estado,Região Nordeste,Sergipe,SE,Cap XV,33,O00–O99,"Gravidez, parto e puerpério"
2020,Estado,Região Nordeste,Bahia,BA,Cap XV,157,O00–O99,"Gravidez, parto e puerpério"
2020,Regiao,Região Sudeste,,,Cap XV,767,O00–O99,"Gravidez, parto e puerpério"
2020,Estado,Região Sudeste,Minas Gerais,MG,Cap XV,135,O00–O99,"Gravidez, parto e puerpério"
2020,Estado,Região Sudeste,Espírito Santo,ES,Cap XV,43,O00–O99,"Gravidez, parto e puerpério"
2020,Estado,Região Sudeste,Rio de Janeiro,RJ,Cap XV,236,O00–O99,"Gravidez, parto e puerpério"
2020,Estado,Região Sudeste,São Paulo,SP,Cap XV,353,O00–O99,"Gravidez, parto e puerpério"
2020,Regiao,Região Sul,,,Cap XV,188,O00–O99,"Gravidez, parto e puerpério"
2020,Estado,Região Sul,Paraná,PR,Cap XV,84,O00–O99,"Gravidez, parto e puerpério"
2020,Estado,Região Sul,Santa Catarina,SC,Cap XV,37,O00–O99,"Gravidez, parto e puerpério"
2020,Estado,Região Sul,Rio Grande do Sul,RS,Cap XV,67,O00–O99,"Gravidez, parto e puerpério"
2020,Regiao,Região Centro-Oeste,,,Cap XV,183,O00–O99,"Gravidez, parto e puerpério"
2020,Estado,Região Centro-Oeste,Mato Grosso do Sul,MS,Cap XV,16,O00–O99,"Gravidez, parto e puerpério"
2020,Estado,Região Centro-Oeste,Mato Grosso,MT,Cap XV,55,O00–O99,"Gravidez, parto e puerpério"
2020,Estado,Região Centro-Oeste,Goiás,GO,Cap XV,90,O00–O99,"Gravidez, parto e puerpério"
2020,Estado,Região Centro-Oeste,Distrito Federal,DF,Cap XV,22,O00–O99,"Gravidez, parto e puerpério"
2021,Regiao,Região Norte,,,Cap XV,479,O00–O99,"Gravidez, parto e puerpério"
2021,Estado,Região Norte,Rondônia,RO,Cap XV,46,O00–O99,"Gravidez, parto e puerpério"
2021,Estado,Região Norte,Acre,AC,Cap XV,15,O00–O99,"Gravidez, parto e puerpério"
2021,Estado,Região Norte,Amazonas,AM,Cap XV,127,O00–O99,"Gravidez, parto e puerpério"
2021,Estado,Região Norte,Roraima,RR,Cap XV,40,O00–O99,"Gravidez, parto e puerpério"
2021,Estado,Região Norte,Pará,PA,Cap XV,186,O00–O99,"Gravidez, parto e puerpério"
2021,Estado,Região Norte,Amapá,AP,Cap XV,19,O00–O99,"Gravidez, parto e puerpério"
2021,Estado,Região Norte,Tocantins,TO,Cap XV,46,O00–O99,"Gravidez, parto e puerpério"
2021,Regiao,Região Nordeste,,,Cap XV,957,O00–O99,"Gravidez, parto e puerpério"
2021,Estado,Região Nordeste,Maranhão,MA,Cap XV,166,O00–O99,"Gravidez, parto e puerpério"
2021,Estado,Região Nordeste,Piauí,PI,Cap XV,68,O00–O99,"Gravidez, parto e puerpério"
2021,Estado,Região Nordeste,Ceará,CE,Cap XV,146,O00–O99,"Gravidez, parto e puerpério"
2021,Estado,Região Nordeste,Rio Grande do Norte,RN,Cap XV,71,O00–O99,"Gravidez, parto e puerpério"
2021,Estado,Região Nordeste,Paraíba,PB,Cap XV,79,O00–O99,"Gravidez, parto e puerpério"
2021,Estado,Região Nordeste,Pernambuco,PE,Cap XV,119,O00–O99,"Gravidez, parto e puerpério"
2021,Estado,Região Nordeste,Alagoas,AL,Cap XV,58,O00–O99,"Gravidez, parto e puerpério"
2021,Estado,Região Nordeste,Sergipe,SE,Cap XV,33,O00–O99,"Gravidez, parto e puerpério"
2021,Estado,Região Nordeste,Bahia,BA,Cap XV,217,O00–O99,"Gravidez, parto e puerpério"
2021,Regiao,Região Sudeste,,,Cap XV,1207,O00–O99,"Gravidez, parto e puerpério"
2021,Estado,Região Sudeste,Minas Gerais,MG,Cap XV,248,O00–O99,"Gravidez, parto e puerpério"
2021,Estado,Região Sudeste,Espírito Santo,ES,Cap XV,64,O00–O99,"Gravidez, parto e puerpério"
2021,Estado,Região Sudeste,Rio de Janeiro,RJ,Cap XV,369,O00–O99,"Gravidez, parto e puerpério"
2021,Estado,Região Sudeste,São Paulo,SP,Cap XV,526,O00–O99,"Gravidez, parto e puerpério"
2021,Regiao,Região Sul,,,Cap XV,434,O00–O99,"Gravidez, parto e puerpério"
2021,Estado,Região Sul,Paraná,PR,Cap XV,203,O00–O99,"Gravidez, parto e puerpério"
2021,Estado,Região Sul,Santa Catarina,SC,Cap XV,103,O00–O99,"Gravidez, parto e puerpério"
2021,Estado,Região Sul,Rio Grande do Sul,RS,Cap XV,128,O00–O99,"Gravidez, parto e puerpério"
2021,Regiao,Região Centro-Oeste,,,Cap XV,331,O00–O99,"Gravidez, parto e puerpério"
2021,Estado,Região Centro-Oeste,Mato Grosso do Sul,MS,Cap XV,63,O00–O99,"Gravidez, parto e puerpério"
2021,Estado,Região Centro-Oeste,Mato Grosso,MT,Cap XV,87,O00–O99,"Gravidez, parto e puerpério"
2021,Estado,Região Centro-Oeste,Goiás,GO,Cap XV,140,O00–O99,"Gravidez, parto e puerpério"
2021,Estado,Região Centro-Oeste,Distrito Federal,DF,Cap XV,41,O00–O99,"Gravidez, parto e puerpério"
2022,Regiao,Região Norte,,,Cap XV,234,O00–O99,"Gravidez, parto e puerpério"
2022,Estado,Região Norte,Rondônia,RO,Cap XV,11,O00–O99,"Gravidez, parto e puerpério"
2022,Estado,Região Norte,Acre,AC,Cap XV,5,O00–O99,"Gravidez, parto e puerpério"
2022,Estado,Região Norte,Amazonas,AM,Cap XV,55,O00–O99,"Gravidez, parto e puerpério"
2022,Estado,Região Norte,Roraima,RR,Cap XV,21,O00–O99,"Gravidez, parto e puerpério"
2022,Estado,Região Norte,Pará,PA,Cap XV,109,O00–O99,"Gravidez, parto e puerpério"
2022,Estado,Região Norte,Amapá,AP,Cap XV,12,O00–O99,"Gravidez, parto e puerpério"
2022,Estado,Região Norte,Tocantins,TO,Cap XV,21,O00–O99,"Gravidez, parto e puerpério"
2022,Regiao,Região Nordeste,,,Cap XV,526,O00–O99,"Gravidez, parto e puerpério"
2022,Estado,Região Nordeste,Maranhão,MA,Cap XV,85,O00–O99,"Gravidez, parto e puerpério"
2022,Estado,Região Nordeste,Piauí,PI,Cap XV,53,O00–O99,"Gravidez, parto e puerpério"
2022,Estado,Região Nordeste,Ceará,CE,Cap XV,79,O00–O99,"Gravidez, parto e puerpério"
2022,Estado,Região Nordeste,Rio Grande do Norte,RN,Cap XV,35,O00–O99,"Gravidez, parto e puerpério"
2022,Estado,Região Nordeste,Paraíba,PB,Cap XV,24,O00–O99,"Gravidez, parto e puerpério"
2022,Estado,Região Nordeste,Pernambuco,PE,Cap XV,73,O00–O99,"Gravidez, parto e puerpério"
2022,Estado,Região Nordeste,Alagoas,AL,Cap XV,35,O00–O99,"Gravidez, parto e puerpério"
2022,Estado,Região Nordeste,Sergipe,SE,Cap XV,33,O00–O99,"Gravidez, parto e puerpério"
2022,Estado,Região Nordeste,Bahia,BA,Cap XV,109,O00–O99,"Gravidez, parto e puerpério"
2022,Regiao,Região Sudeste,,,Cap XV,562,O00–O99,"Gravidez, parto e puerpério"
2022,Estado,Região Sudeste,Minas Gerais,MG,Cap XV,125,O00–O99,"Gravidez, parto e puerpério"
2022,Estado,Região Sudeste,Espírito Santo,ES,Cap XV,35,O00–O99,"Gravidez, parto e puerpério"
2022,Estado,Região Sudeste,Rio de Janeiro,RJ,Cap XV,161,O00–O99,"Gravidez, parto e puerpério"
2022,Estado,Região Sudeste,São Paulo,SP,Cap XV,241,O00–O99,"Gravidez, parto e puerpério"
2022,Regiao,Região Sul,,,Cap XV,177,O00–O99,"Gravidez, parto e puerpério"
2022,Estado,Região Sul,Paraná,PR,Cap XV,69,O00–O99,"Gravidez, parto e puerpério"
2022,Estado,Região Sul,Santa Catarina,SC,Cap XV,41,O00–O99,"Gravidez, parto e puerpério"
2022,Estado,Região Sul,Rio Grande do Sul,RS,Cap XV,67,O00–O99,"Gravidez, parto e puerpério"
2022,Regiao,Região Centro-Oeste,,,Cap XV,141,O00–O99,"Gravidez, parto e puerpério"
2022,Estado,Região Centro-Oeste,Mato Grosso do Sul,MS,Cap XV,29,O00–O99,"Gravidez, parto e puerpério"
2022,Estado,Região Centro-Oeste,Mato Grosso,MT,Cap XV,34,O00–O99,"Gravidez, parto e puerpério"
2022,Estado,Região Centro-Oeste,Goiás,GO,Cap XV,57,O00–O99,"Gravidez, parto e puerpério"
2022,Estado,Região Centro-Oeste,Distrito Federal,DF,Cap XV,21,O00–O99,"Gravidez, parto e puerpério"
2023,Regiao,Região Norte,,,Cap XV,221,O00–O99,"Gravidez, parto e puerpério"
2023,Estado,Região Norte,Rondônia,RO,Cap XV,11,O00–O99,"Gravidez, parto e puerpério"
2023,Estado,Região Norte,Acre,AC,Cap XV,6,O00–O99,"Gravidez, parto e puerpério"
2023,Estado,Região Norte,Amazonas,AM,Cap XV,65,O00–O99,"Gravidez, parto e puerpério"
2023,Estado,Região Norte,Roraima,RR,Cap XV,17,O00–O99,"Gravidez, parto e puerpério"
2023,Estado,Região Norte,Pará,PA,Cap XV,92,O00–O99,"Gravidez, parto e puerpério"
2023,Estado,Região Norte,Amapá,AP,Cap XV,12,O00–O99,"Gravidez, parto e puerpério"
2023,Estado,Região Norte,Tocantins,TO,Cap XV,18,O00–O99,"Gravidez, parto e puerpério"
2023,Regiao,Região Nordeste,,,Cap XV,487,O00–O99,"Gravidez, parto e puerpério"
2023,Estado,Região Nordeste,Maranhão,MA,Cap XV,93,O00–O99,"Gravidez, parto e puerpério"
2023,Estado,Região Nordeste,Piauí,PI,Cap XV,28,O00–O99,"Gravidez, parto e puerpério"
2023,Estado,Região Nordeste,Ceará,CE,Cap XV,65,O00–O99,"Gravidez, parto e puerpério"
2023,Estado,Região Nordeste,Rio Grande do Norte,RN,Cap XV,29,O00–O99,"Gravidez, parto e puerpério"
2023,Estado,Região Nordeste,Paraíba,PB,Cap XV,35,O00–O99,"Gravidez, parto e puerpério"
2023,Estado,Região Nordeste,Pernambuco,PE,Cap XV,77,O00–O99,"Gravidez, parto e puerpério"
2023,Estado,Região Nordeste,Alagoas,AL,Cap XV,34,O00–O99,"Gravidez, parto e puerpério"
2023,Estado,Região Nordeste,Sergipe,SE,Cap XV,14,O00–O99,"Gravidez, parto e puerpério"
2023,Estado,Região Nordeste,Bahia,BA,Cap XV,112,O00–O99,"Gravidez, parto e puerpério"
2023,Regiao,Região Sudeste,,,Cap XV,585,O00–O99,"Gravidez, parto e puerpério"
2023,Estado,Região Sudeste,Minas Gerais,MG,Cap XV,121,O00–O99,"Gravidez, parto e puerpério"
2023,Estado,Região Sudeste,Espírito Santo,ES,Cap XV,26,O00–O99,"Gravidez, parto e puerpério"
2023,Estado,Região Sudeste,Rio de Janeiro,RJ,Cap XV,182,O00–O99,"Gravidez, parto e puerpério"
2023,Estado,Região Sudeste,São Paulo,SP,Cap XV,256,O00–O99,"Gravidez, parto e puerpério"
2023,Regiao,Região Sul,,,Cap XV,162,O00–O99,"Gravidez, parto e puerpério"
2023,Estado,Região Sul,Paraná,PR,Cap XV,69,O00–O99,"Gravidez, parto e puerpério"
2023,Estado,Região Sul,Santa Catarina,SC,Cap XV,36,O00–O99,"Gravidez, parto e puerpério"
2023,Estado,Região Sul,Rio Grande do Sul,RS,Cap XV,57,O00–O99,"Gravidez, parto e puerpério"
2023,Regiao,Região Centro-Oeste,,,Cap XV,149,O00–O99,"Gravidez, parto e puerpério"
2023,Estado,Região Centro-Oeste,Mato Grosso do Sul,MS,Cap XV,26,O00–O99,"Gravidez, parto e puerpério"
2023,Estado,Região Centro-Oeste,Mato Grosso,MT,Cap XV,45,O00–O99,"Gravidez, parto e puerpério"
2023,Estado,Região Centro-Oeste,Goiás,GO,Cap XV,57,O00–O99,"Gravidez, parto e puerpério"
2023,Estado,Região Centro-Oeste,Distrito Federal,DF,Cap XV,21,O00–O99,"Gravidez, parto e puerpério"
2024,Regiao,Região Norte,,,Cap XV,192,O00–O99,"Gravidez, parto e puerpério"
2024,Estado,Região Norte,Rondônia,RO,Cap XV,7,O00–O99,"Gravidez, parto e puerpério"
2024,Estado,Região Norte,Acre,AC,Cap XV,8,O00–O99,"Gravidez, parto e puerpério"
2024,Estado,Região Norte,Amazonas,AM,Cap XV,43,O00–O99,"Gravidez, parto e puerpério"
2024,Estado,Região Norte,Roraima,RR,Cap XV,17,O00–O99,"Gravidez, parto e puerpério"
2024,Estado,Região Norte,Pará,PA,Cap XV,90,O00–O99,"Gravidez, parto e puerpério"
2024,Estado,Região Norte,Amapá,AP,Cap XV,11,O00–O99,"Gravidez, parto e puerpério"
2024,Estado,Região Norte,Tocantins,TO,Cap XV,16,O00–O99,"Gravidez, parto e puerpério"
2024,Regiao,Região Nordeste,,,Cap XV,454,O00–O99,"Gravidez, parto e puerpério"
2024,Estado,Região Nordeste,Maranhão,MA,Cap XV,71,O00–O99,"Gravidez, parto e puerpério"
2024,Estado,Região Nordeste,Piauí,PI,Cap XV,42,O00–O99,"Gravidez, parto e puerpério"
2024,Estado,Região Nordeste,Ceará,CE,Cap XV,62,O00–O99,"Gravidez, parto e puerpério"
2024,Estado,Região Nordeste,Rio Grande do Norte,RN,Cap XV,37,O00–O99,"Gravidez, parto e puerpério"
2024,Estado,Região Nordeste,Paraíba,PB,Cap XV,30,O00–O99,"Gravidez, parto e puerpério"
2024,Estado,Região Nordeste,Pernambuco,PE,Cap XV,59,O00–O99,"Gravidez, parto e puerpério"
2024,Estado,Região Nordeste,Alagoas,AL,Cap XV,26,O00–O99,"Gravidez, parto e puerpério"
2024,Estado,Região Nordeste,Sergipe,SE,Cap XV,18,O00–O99,"Gravidez, parto e puerpério"
2024,Estado,Região Nordeste,Bahia,BA,Cap XV,109,O00–O99,"Gravidez, parto e puerpério"
2024,Regiao,Região Sudeste,,,Cap XV,564,O00–O99,"Gravidez, parto e puerpério"
2024,Estado,Região Sudeste,Minas Gerais,MG,Cap XV,140,O00–O99,"Gravidez, parto e puerpério"
2024,Estado,Região Sudeste,Espírito Santo,ES,Cap XV,30,O00–O99,"Gravidez, parto e puerpério"
2024,Estado,Região Sudeste,Rio de Janeiro,RJ,Cap XV,140,O00–O99,"Gravidez, parto e puerpério"
2024,Estado,Região Sudeste,São Paulo,SP,Cap XV,254,O00–O99,"Gravidez, parto e puerpério"
2024,Regiao,Região Sul,,,Cap XV,216,O00–O99,"Gravidez, parto e puerpério"
2024,Estado,Região Sul,Paraná,PR,Cap XV,98,O00–O99,"Gravidez, parto e puerpério"
2024,Estado,Região Sul,Santa Catarina,SC,Cap XV,54,O00–O99,"Gravidez, parto e puerpério"
2024,Estado,Região Sul,Rio Grande do Sul,RS,Cap XV,64,O00–O99,"Gravidez, parto e puerpério"
2024,Regiao,Região Centro-Oeste,,,Cap XV,158,O00–O99,"Gravidez, parto e puerpério"
2024,Estado,Região Centro-Oeste,Mato Grosso do Sul,MS,Cap XV,20,O00–O99,"Gravidez, parto e puerpério"
2024,Estado,Região Centro-Oeste,Mato Grosso,MT,Cap XV,34,O00–O99,"Gravidez, parto e puerpério"
2024,Estado,Região Centro-Oeste,Goiás,GO,Cap XV,86,O00–O99,"Gravidez, parto e puerpério"
2024,Estado,Região Centro-Oeste,Distrito Federal,DF,Cap XV,18,O00–O99,"Gravidez, parto e puerpério"
2025,Regiao,Região Norte,,,Cap XV,208,O00–O99,"Gravidez, parto e puerpério"
2025,Estado,Região Norte,Rondônia,RO,Cap XV,16,O00–O99,"Gravidez, parto e puerpério"
2025,Estado,Região Norte,Acre,AC,Cap XV,8,O00–O99,"Gravidez, parto e puerpério"
2025,Estado,Região Norte,Amazonas,AM,Cap XV,54,O00–O99,"Gravidez, parto e puerpério"
2025,Estado,Região Norte,Roraima,RR,Cap XV,11,O00–O99,"Gravidez, parto e puerpério"
2025,Estado,Região Norte,Pará,PA,Cap XV,98,O00–O99,"Gravidez, parto e puerpério"
2025,Estado,Região Norte,Amapá,AP,Cap XV,9,O00–O99,"Gravidez, parto e puerpério"
2025,Estado,Região Norte,Tocantins,TO,Cap XV,12,O00–O99,"Gravidez, parto e puerpério"
2025,Regiao,Região Nordeste,,,Cap XV,454,O00–O99,"Gravidez, parto e puerpério"
2025,Estado,Região Nordeste,Maranhão,MA,Cap XV,75,O00–O99,"Gravidez, parto e puerpério"
2025,Estado,Região Nordeste,Piauí,PI,Cap XV,34,O00–O99,"Gravidez, parto e puerpério"
2025,Estado,Região Nordeste,Ceará,CE,Cap XV,47,O00–O99,"Gravidez, parto e puerpério"
2025,Estado,Região Nordeste,Rio Grande do Norte,RN,Cap XV,25,O00–O99,"Gravidez, parto e puerpério"
2025,Estado,Região Nordeste,Paraíba,PB,Cap XV,36,O00–O99,"Gravidez, parto e puerpério"
2025,Estado,Região Nordeste,Pernambuco,PE,Cap XV,57,O00–O99,"Gravidez, parto e puerpério"
2025,Estado,Região Nordeste,Alagoas,AL,Cap XV,35,O00–O99,"Gravidez, parto e puerpério"
2025,Estado,Região Nordeste,Sergipe,SE,Cap XV,19,O00–O99,"Gravidez, parto e puerpério"
2025,Estado,Região Nordeste,Bahia,BA,Cap XV,126,O00–O99,"Gravidez, parto e puerpério"
2025,Regiao,Região Sudeste,,,Cap XV,514,O00–O99,"Gravidez, parto e puerpério"
2025,Estado,Região Sudeste,Minas Gerais,MG,Cap XV,95,O00–O99,"Gravidez, parto e puerpério"
2025,Estado,Região Sudeste,Espírito Santo,ES,Cap XV,28,O00–O99,"Gravidez, parto e puerpério"
2025,Estado,Região Sudeste,Rio de Janeiro,RJ,Cap XV,164,O00–O99,"Gravidez, parto e puerpério"
2025,Estado,Região Sudeste,São Paulo,SP,Cap XV,227,O00–O99,"Gravidez, parto e puerpério"
2025,Regiao,Região Sul,,,Cap XV,159,O00–O99,"Gravidez, parto e puerpério"
2025,Estado,Região Sul,Paraná,PR,Cap XV,74,O00–O99,"Gravidez, parto e puerpério"
2025,Estado,Região Sul,Santa Catarina,SC,Cap XV,41,O00–O99,"Gravidez, parto e puerpério"
2025,Estado,Região Sul,Rio Grande do Sul,RS,Cap XV,44,O00–O99,"Gravidez, parto e puerpério"
2025,Regiao,Região Centro-Oeste,,,Cap XV,123,O00–O99,"Gravidez, parto e puerpério"
2025,Estado,Região Centro-Oeste,Mato Grosso do Sul,MS,Cap XV,25,O00–O99,"Gravidez, parto e puerpério"
2025,Estado,Região Centro-Oeste,Mato Grosso,MT,Cap XV,30,O00–O99,"Gravidez, parto e puerpério"
2025,Estado,Região Centro-Oeste,Goiás,GO,Cap XV,57,O00–O99,"Gravidez, parto e puerpério"
2025,Estado,Região Centro-Oeste,Distrito Federal,DF,Cap XV,11,O00–O99,"Gravidez, parto e puerpério"
2026,Regiao,Região Norte,,,Cap XV,82,O00–O99,"Gravidez, parto e puerpério"
2026,Estado,Região Norte,Rondônia,RO,Cap XV,6,O00–O99,"Gravidez, parto e puerpério"
2026,Estado,Região Norte,Acre,AC,Cap XV,2,O00–O99,"Gravidez, parto e puerpério"
2026,Estado,Região Norte,Amazonas,AM,Cap XV,23,O00–O99,"Gravidez, parto e puerpério"
2026,Estado,Região Norte,Roraima,RR,Cap XV,3,O00–O99,"Gravidez, parto e puerpério"
2026,Estado,Região Norte,Pará,PA,Cap XV,40,O00–O99,"Gravidez, parto e puerpério"
2026,Estado,Região Norte,Amapá,AP,Cap XV,4,O00–O99,"Gravidez, parto e puerpério"
2026,Estado,Região Norte,Tocantins,TO,Cap XV,4,O00–O99,"Gravidez, parto e puerpério"
2026,Regiao,Região Nordeste,,,Cap XV,129,O00–O99,"Gravidez, parto e puerpério"
2026,Estado,Região Nordeste,Maranhão,MA,Cap XV,17,O00–O99,"Gravidez, parto e puerpério"
2026,Estado,Região Nordeste,Piauí,PI,Cap XV,13,O00–O99,"Gravidez, parto e puerpério"
2026,Estado,Região Nordeste,Ceará,CE,Cap XV,19,O00–O99,"Gravidez, parto e puerpério"
2026,Estado,Região Nordeste,Rio Grande do Norte,RN,Cap XV,7,O00–O99,"Gravidez, parto e puerpério"
2026,Estado,Região Nordeste,Paraíba,PB,Cap XV,12,O00–O99,"Gravidez, parto e puerpério"
2026,Estado,Região Nordeste,Pernambuco,PE,Cap XV,21,O00–O99,"Gravidez, parto e puerpério"
2026,Estado,Região Nordeste,Alagoas,AL,Cap XV,8,O00–O99,"Gravidez, parto e puerpério"
2026,Estado,Região Nordeste,Sergipe,SE,Cap XV,2,O00–O99,"Gravidez, parto e puerpério"
2026,Estado,Região Nordeste,Bahia,BA,Cap XV,30,O00–O99,"Gravidez, parto e puerpério"
2026,Regiao,Região Sudeste,,,Cap XV,167,O00–O99,"Gravidez, parto e puerpério"
2026,Estado,Região Sudeste,Minas Gerais,MG,Cap XV,28,O00–O99,"Gravidez, parto e puerpério"
2026,Estado,Região Sudeste,Espírito Santo,ES,Cap XV,7,O00–O99,"Gravidez, parto e puerpério"
2026,Estado,Região Sudeste,Rio de Janeiro,RJ,Cap XV,62,O00–O99,"Gravidez, parto e puerpério"
2026,Estado,Região Sudeste,São Paulo,SP,Cap XV,70,O00–O99,"Gravidez, parto e puerpério"
2026,Regiao,Região Sul,,,Cap XV,59,O00–O99,"Gravidez, parto e puerpério"
2026,Estado,Região Sul,Paraná,PR,Cap XV,32,O00–O99,"Gravidez, parto e puerpério"
2026,Estado,Região Sul,Santa Catarina,SC,Cap XV,14,O00–O99,"Gravidez, parto e puerpério"
2026,Estado,Região Sul,Rio Grande do Sul,RS,Cap XV,13,O00–O99,"Gravidez, parto e puerpério"
2026,Regiao,Região Centro-Oeste,,,Cap XV,40,O00–O99,"Gravidez, parto e puerpério"
2026,Estado,Região Centro-Oeste,Mato Grosso do Sul,MS,Cap XV,10,O00–O99,"Gravidez, parto e puerpério"
2026,Estado,Região Centro-Oeste,Mato Grosso,MT,Cap XV,13,O00–O99,"Gravidez, parto e puerpério"
2026,Estado,Região Centro-Oeste,Goiás,GO,Cap XV,12,O00–O99,"Gravidez, parto e puerpério"
2026,Estado,Região Centro-Oeste,Distrito Federal,DF,Cap XV,5,O00–O99,"Gravidez, parto e puerpério"
2016,Regiao,Região Norte,,,Cap XVI,2687,P00–P96,Algumas afecções originadas no período perinatal
2016,Estado,Região Norte,Rondônia,RO,Cap XVI,176,P00–P96,Algumas afecções originadas no período perinatal
2016,Estado,Região Norte,Acre,AC,Cap XVI,109,P00–P96,Algumas afecções originadas no período perinatal
2016,Estado,Região Norte,Amazonas,AM,Cap XVI,622,P00–P96,Algumas afecções originadas no período perinatal
2016,Estado,Região Norte,Roraima,RR,Cap XVI,87,P00–P96,Algumas afecções originadas no período perinatal
2016,Estado,Região Norte,Pará,PA,Cap XVI,1344,P00–P96,Algumas afecções originadas no período perinatal
2016,Estado,Região Norte,Amapá,AP,Cap XVI,177,P00–P96,Algumas afecções originadas no período perinatal
2016,Estado,Região Norte,Tocantins,TO,Cap XVI,172,P00–P96,Algumas afecções originadas no período perinatal
2016,Regiao,Região Nordeste,,,Cap XVI,6951,P00–P96,Algumas afecções originadas no período perinatal
2016,Estado,Região Nordeste,Maranhão,MA,Cap XVI,971,P00–P96,Algumas afecções originadas no período perinatal
2016,Estado,Região Nordeste,Piauí,PI,Cap XVI,469,P00–P96,Algumas afecções originadas no período perinatal
2016,Estado,Região Nordeste,Ceará,CE,Cap XVI,965,P00–P96,Algumas afecções originadas no período perinatal
2016,Estado,Região Nordeste,Rio Grande do Norte,RN,Cap XVI,347,P00–P96,Algumas afecções originadas no período perinatal
2016,Estado,Região Nordeste,Paraíba,PB,Cap XVI,421,P00–P96,Algumas afecções originadas no período perinatal
2016,Estado,Região Nordeste,Pernambuco,PE,Cap XVI,1013,P00–P96,Algumas afecções originadas no período perinatal
2016,Estado,Região Nordeste,Alagoas,AL,Cap XVI,417,P00–P96,Algumas afecções originadas no período perinatal
2016,Estado,Região Nordeste,Sergipe,SE,Cap XVI,314,P00–P96,Algumas afecções originadas no período perinatal
2016,Estado,Região Nordeste,Bahia,BA,Cap XVI,2034,P00–P96,Algumas afecções originadas no período perinatal
2016,Regiao,Região Sudeste,,,Cap XVI,7474,P00–P96,Algumas afecções originadas no período perinatal
2016,Estado,Região Sudeste,Minas Gerais,MG,Cap XVI,1709,P00–P96,Algumas afecções originadas no período perinatal
2016,Estado,Região Sudeste,Espírito Santo,ES,Cap XVI,371,P00–P96,Algumas afecções originadas no período perinatal
2016,Estado,Região Sudeste,Rio de Janeiro,RJ,Cap XVI,1563,P00–P96,Algumas afecções originadas no período perinatal
2016,Estado,Região Sudeste,São Paulo,SP,Cap XVI,3831,P00–P96,Algumas afecções originadas no período perinatal
2016,Regiao,Região Sul,,,Cap XVI,2256,P00–P96,Algumas afecções originadas no período perinatal
2016,Estado,Região Sul,Paraná,PR,Cap XVI,941,P00–P96,Algumas afecções originadas no período perinatal
2016,Estado,Região Sul,Santa Catarina,SC,Cap XVI,490,P00–P96,Algumas afecções originadas no período perinatal
2016,Estado,Região Sul,Rio Grande do Sul,RS,Cap XVI,825,P00–P96,Algumas afecções originadas no período perinatal
2016,Regiao,Região Centro-Oeste,,,Cap XVI,1681,P00–P96,Algumas afecções originadas no período perinatal
2016,Estado,Região Centro-Oeste,Mato Grosso do Sul,MS,Cap XVI,265,P00–P96,Algumas afecções originadas no período perinatal
2016,Estado,Região Centro-Oeste,Mato Grosso,MT,Cap XVI,392,P00–P96,Algumas afecções originadas no período perinatal
2016,Estado,Região Centro-Oeste,Goiás,GO,Cap XVI,728,P00–P96,Algumas afecções originadas no período perinatal
2016,Estado,Região Centro-Oeste,Distrito Federal,DF,Cap XVI,296,P00–P96,Algumas afecções originadas no período perinatal
2017,Regiao,Região Norte,,,Cap XVI,2709,P00–P96,Algumas afecções originadas no período perinatal
2017,Estado,Região Norte,Rondônia,RO,Cap XVI,162,P00–P96,Algumas afecções originadas no período perinatal
2017,Estado,Região Norte,Acre,AC,Cap XVI,122,P00–P96,Algumas afecções originadas no período perinatal
2017,Estado,Região Norte,Amazonas,AM,Cap XVI,659,P00–P96,Algumas afecções originadas no período perinatal
2017,Estado,Região Norte,Roraima,RR,Cap XVI,84,P00–P96,Algumas afecções originadas no período perinatal
2017,Estado,Região Norte,Pará,PA,Cap XVI,1336,P00–P96,Algumas afecções originadas no período perinatal
2017,Estado,Região Norte,Amapá,AP,Cap XVI,180,P00–P96,Algumas afecções originadas no período perinatal
2017,Estado,Região Norte,Tocantins,TO,Cap XVI,166,P00–P96,Algumas afecções originadas no período perinatal
2017,Regiao,Região Nordeste,,,Cap XVI,7145,P00–P96,Algumas afecções originadas no período perinatal
2017,Estado,Região Nordeste,Maranhão,MA,Cap XVI,1135,P00–P96,Algumas afecções originadas no período perinatal
2017,Estado,Região Nordeste,Piauí,PI,Cap XVI,431,P00–P96,Algumas afecções originadas no período perinatal
2017,Estado,Região Nordeste,Ceará,CE,Cap XVI,1007,P00–P96,Algumas afecções originadas no período perinatal
2017,Estado,Região Nordeste,Rio Grande do Norte,RN,Cap XVI,347,P00–P96,Algumas afecções originadas no período perinatal
2017,Estado,Região Nordeste,Paraíba,PB,Cap XVI,469,P00–P96,Algumas afecções originadas no período perinatal
2017,Estado,Região Nordeste,Pernambuco,PE,Cap XVI,952,P00–P96,Algumas afecções originadas no período perinatal
2017,Estado,Região Nordeste,Alagoas,AL,Cap XVI,397,P00–P96,Algumas afecções originadas no período perinatal
2017,Estado,Região Nordeste,Sergipe,SE,Cap XVI,359,P00–P96,Algumas afecções originadas no período perinatal
2017,Estado,Região Nordeste,Bahia,BA,Cap XVI,2048,P00–P96,Algumas afecções originadas no período perinatal
2017,Regiao,Região Sudeste,,,Cap XVI,7601,P00–P96,Algumas afecções originadas no período perinatal
2017,Estado,Região Sudeste,Minas Gerais,MG,Cap XVI,1773,P00–P96,Algumas afecções originadas no período perinatal
2017,Estado,Região Sudeste,Espírito Santo,ES,Cap XVI,351,P00–P96,Algumas afecções originadas no período perinatal
2017,Estado,Região Sudeste,Rio de Janeiro,RJ,Cap XVI,1554,P00–P96,Algumas afecções originadas no período perinatal
2017,Estado,Região Sudeste,São Paulo,SP,Cap XVI,3923,P00–P96,Algumas afecções originadas no período perinatal
2017,Regiao,Região Sul,,,Cap XVI,2408,P00–P96,Algumas afecções originadas no período perinatal
2017,Estado,Região Sul,Paraná,PR,Cap XVI,982,P00–P96,Algumas afecções originadas no período perinatal
2017,Estado,Região Sul,Santa Catarina,SC,Cap XVI,575,P00–P96,Algumas afecções originadas no período perinatal
2017,Estado,Região Sul,Rio Grande do Sul,RS,Cap XVI,851,P00–P96,Algumas afecções originadas no período perinatal
2017,Regiao,Região Centro-Oeste,,,Cap XVI,1595,P00–P96,Algumas afecções originadas no período perinatal
2017,Estado,Região Centro-Oeste,Mato Grosso do Sul,MS,Cap XVI,266,P00–P96,Algumas afecções originadas no período perinatal
2017,Estado,Região Centro-Oeste,Mato Grosso,MT,Cap XVI,400,P00–P96,Algumas afecções originadas no período perinatal
2017,Estado,Região Centro-Oeste,Goiás,GO,Cap XVI,658,P00–P96,Algumas afecções originadas no período perinatal
2017,Estado,Região Centro-Oeste,Distrito Federal,DF,Cap XVI,271,P00–P96,Algumas afecções originadas no período perinatal
2018,Regiao,Região Norte,,,Cap XVI,2664,P00–P96,Algumas afecções originadas no período perinatal
2018,Estado,Região Norte,Rondônia,RO,Cap XVI,168,P00–P96,Algumas afecções originadas no período perinatal
2018,Estado,Região Norte,Acre,AC,Cap XVI,133,P00–P96,Algumas afecções originadas no período perinatal
2018,Estado,Região Norte,Amazonas,AM,Cap XVI,642,P00–P96,Algumas afecções originadas no período perinatal
2018,Estado,Região Norte,Roraima,RR,Cap XVI,103,P00–P96,Algumas afecções originadas no período perinatal
2018,Estado,Região Norte,Pará,PA,Cap XVI,1274,P00–P96,Algumas afecções originadas no período perinatal
2018,Estado,Região Norte,Amapá,AP,Cap XVI,169,P00–P96,Algumas afecções originadas no período perinatal
2018,Estado,Região Norte,Tocantins,TO,Cap XVI,175,P00–P96,Algumas afecções originadas no período perinatal
2018,Regiao,Região Nordeste,,,Cap XVI,6844,P00–P96,Algumas afecções originadas no período perinatal
2018,Estado,Região Nordeste,Maranhão,MA,Cap XVI,993,P00–P96,Algumas afecções originadas no período perinatal
2018,Estado,Região Nordeste,Piauí,PI,Cap XVI,468,P00–P96,Algumas afecções originadas no período perinatal
2018,Estado,Região Nordeste,Ceará,CE,Cap XVI,963,P00–P96,Algumas afecções originadas no período perinatal
2018,Estado,Região Nordeste,Rio Grande do Norte,RN,Cap XVI,360,P00–P96,Algumas afecções originadas no período perinatal
2018,Estado,Região Nordeste,Paraíba,PB,Cap XVI,413,P00–P96,Algumas afecções originadas no período perinatal
2018,Estado,Região Nordeste,Pernambuco,PE,Cap XVI,962,P00–P96,Algumas afecções originadas no período perinatal
2018,Estado,Região Nordeste,Alagoas,AL,Cap XVI,385,P00–P96,Algumas afecções originadas no período perinatal
2018,Estado,Região Nordeste,Sergipe,SE,Cap XVI,388,P00–P96,Algumas afecções originadas no período perinatal
2018,Estado,Região Nordeste,Bahia,BA,Cap XVI,1912,P00–P96,Algumas afecções originadas no período perinatal
2018,Regiao,Região Sudeste,,,Cap XVI,7407,P00–P96,Algumas afecções originadas no período perinatal
2018,Estado,Região Sudeste,Minas Gerais,MG,Cap XVI,1746,P00–P96,Algumas afecções originadas no período perinatal
2018,Estado,Região Sudeste,Espírito Santo,ES,Cap XVI,348,P00–P96,Algumas afecções originadas no período perinatal
2018,Estado,Região Sudeste,Rio de Janeiro,RJ,Cap XVI,1535,P00–P96,Algumas afecções originadas no período perinatal
2018,Estado,Região Sudeste,São Paulo,SP,Cap XVI,3778,P00–P96,Algumas afecções originadas no período perinatal
2018,Regiao,Região Sul,,,Cap XVI,2268,P00–P96,Algumas afecções originadas no período perinatal
2018,Estado,Região Sul,Paraná,PR,Cap XVI,940,P00–P96,Algumas afecções originadas no período perinatal
2018,Estado,Região Sul,Santa Catarina,SC,Cap XVI,544,P00–P96,Algumas afecções originadas no período perinatal
2018,Estado,Região Sul,Rio Grande do Sul,RS,Cap XVI,784,P00–P96,Algumas afecções originadas no período perinatal
2018,Regiao,Região Centro-Oeste,,,Cap XVI,1581,P00–P96,Algumas afecções originadas no período perinatal
2018,Estado,Região Centro-Oeste,Mato Grosso do Sul,MS,Cap XVI,235,P00–P96,Algumas afecções originadas no período perinatal
2018,Estado,Região Centro-Oeste,Mato Grosso,MT,Cap XVI,374,P00–P96,Algumas afecções originadas no período perinatal
2018,Estado,Região Centro-Oeste,Goiás,GO,Cap XVI,723,P00–P96,Algumas afecções originadas no período perinatal
2018,Estado,Região Centro-Oeste,Distrito Federal,DF,Cap XVI,249,P00–P96,Algumas afecções originadas no período perinatal
2019,Regiao,Região Norte,,,Cap XVI,2536,P00–P96,Algumas afecções originadas no período perinatal
2019,Estado,Região Norte,Rondônia,RO,Cap XVI,166,P00–P96,Algumas afecções originadas no período perinatal
2019,Estado,Região Norte,Acre,AC,Cap XVI,123,P00–P96,Algumas afecções originadas no período perinatal
2019,Estado,Região Norte,Amazonas,AM,Cap XVI,644,P00–P96,Algumas afecções originadas no período perinatal
2019,Estado,Região Norte,Roraima,RR,Cap XVI,88,P00–P96,Algumas afecções originadas no período perinatal
2019,Estado,Região Norte,Pará,PA,Cap XVI,1240,P00–P96,Algumas afecções originadas no período perinatal
2019,Estado,Região Norte,Amapá,AP,Cap XVI,150,P00–P96,Algumas afecções originadas no período perinatal
2019,Estado,Região Norte,Tocantins,TO,Cap XVI,125,P00–P96,Algumas afecções originadas no período perinatal
2019,Regiao,Região Nordeste,,,Cap XVI,6545,P00–P96,Algumas afecções originadas no período perinatal
2019,Estado,Região Nordeste,Maranhão,MA,Cap XVI,983,P00–P96,Algumas afecções originadas no período perinatal
2019,Estado,Região Nordeste,Piauí,PI,Cap XVI,406,P00–P96,Algumas afecções originadas no período perinatal
2019,Estado,Região Nordeste,Ceará,CE,Cap XVI,911,P00–P96,Algumas afecções originadas no período perinatal
2019,Estado,Região Nordeste,Rio Grande do Norte,RN,Cap XVI,338,P00–P96,Algumas afecções originadas no período perinatal
2019,Estado,Região Nordeste,Paraíba,PB,Cap XVI,446,P00–P96,Algumas afecções originadas no período perinatal
2019,Estado,Região Nordeste,Pernambuco,PE,Cap XVI,933,P00–P96,Algumas afecções originadas no período perinatal
2019,Estado,Região Nordeste,Alagoas,AL,Cap XVI,383,P00–P96,Algumas afecções originadas no período perinatal
2019,Estado,Região Nordeste,Sergipe,SE,Cap XVI,342,P00–P96,Algumas afecções originadas no período perinatal
2019,Estado,Região Nordeste,Bahia,BA,Cap XVI,1803,P00–P96,Algumas afecções originadas no período perinatal
2019,Regiao,Região Sudeste,,,Cap XVI,7423,P00–P96,Algumas afecções originadas no período perinatal
2019,Estado,Região Sudeste,Minas Gerais,MG,Cap XVI,1780,P00–P96,Algumas afecções originadas no período perinatal
2019,Estado,Região Sudeste,Espírito Santo,ES,Cap XVI,309,P00–P96,Algumas afecções originadas no período perinatal
2019,Estado,Região Sudeste,Rio de Janeiro,RJ,Cap XVI,1473,P00–P96,Algumas afecções originadas no período perinatal
2019,Estado,Região Sudeste,São Paulo,SP,Cap XVI,3861,P00–P96,Algumas afecções originadas no período perinatal
2019,Regiao,Região Sul,,,Cap XVI,2281,P00–P96,Algumas afecções originadas no período perinatal
2019,Estado,Região Sul,Paraná,PR,Cap XVI,881,P00–P96,Algumas afecções originadas no período perinatal
2019,Estado,Região Sul,Santa Catarina,SC,Cap XVI,536,P00–P96,Algumas afecções originadas no período perinatal
2019,Estado,Região Sul,Rio Grande do Sul,RS,Cap XVI,864,P00–P96,Algumas afecções originadas no período perinatal
2019,Regiao,Região Centro-Oeste,,,Cap XVI,1569,P00–P96,Algumas afecções originadas no período perinatal
2019,Estado,Região Centro-Oeste,Mato Grosso do Sul,MS,Cap XVI,252,P00–P96,Algumas afecções originadas no período perinatal
2019,Estado,Região Centro-Oeste,Mato Grosso,MT,Cap XVI,396,P00–P96,Algumas afecções originadas no período perinatal
2019,Estado,Região Centro-Oeste,Goiás,GO,Cap XVI,706,P00–P96,Algumas afecções originadas no período perinatal
2019,Estado,Região Centro-Oeste,Distrito Federal,DF,Cap XVI,215,P00–P96,Algumas afecções originadas no período perinatal
2020,Regiao,Região Norte,,,Cap XVI,2508,P00–P96,Algumas afecções originadas no período perinatal
2020,Estado,Região Norte,Rondônia,RO,Cap XVI,196,P00–P96,Algumas afecções originadas no período perinatal
2020,Estado,Região Norte,Acre,AC,Cap XVI,125,P00–P96,Algumas afecções originadas no período perinatal
2020,Estado,Região Norte,Amazonas,AM,Cap XVI,550,P00–P96,Algumas afecções originadas no período perinatal
2020,Estado,Região Norte,Roraima,RR,Cap XVI,129,P00–P96,Algumas afecções originadas no período perinatal
2020,Estado,Região Norte,Pará,PA,Cap XVI,1211,P00–P96,Algumas afecções originadas no período perinatal
2020,Estado,Região Norte,Amapá,AP,Cap XVI,157,P00–P96,Algumas afecções originadas no período perinatal
2020,Estado,Região Norte,Tocantins,TO,Cap XVI,140,P00–P96,Algumas afecções originadas no período perinatal
2020,Regiao,Região Nordeste,,,Cap XVI,6159,P00–P96,Algumas afecções originadas no período perinatal
2020,Estado,Região Nordeste,Maranhão,MA,Cap XVI,913,P00–P96,Algumas afecções originadas no período perinatal
2020,Estado,Região Nordeste,Piauí,PI,Cap XVI,342,P00–P96,Algumas afecções originadas no período perinatal
2020,Estado,Região Nordeste,Ceará,CE,Cap XVI,872,P00–P96,Algumas afecções originadas no período perinatal
2020,Estado,Região Nordeste,Rio Grande do Norte,RN,Cap XVI,315,P00–P96,Algumas afecções originadas no período perinatal
2020,Estado,Região Nordeste,Paraíba,PB,Cap XVI,425,P00–P96,Algumas afecções originadas no período perinatal
2020,Estado,Região Nordeste,Pernambuco,PE,Cap XVI,902,P00–P96,Algumas afecções originadas no período perinatal
2020,Estado,Região Nordeste,Alagoas,AL,Cap XVI,357,P00–P96,Algumas afecções originadas no período perinatal
2020,Estado,Região Nordeste,Sergipe,SE,Cap XVI,307,P00–P96,Algumas afecções originadas no período perinatal
2020,Estado,Região Nordeste,Bahia,BA,Cap XVI,1726,P00–P96,Algumas afecções originadas no período perinatal
2020,Regiao,Região Sudeste,,,Cap XVI,6620,P00–P96,Algumas afecções originadas no período perinatal
2020,Estado,Região Sudeste,Minas Gerais,MG,Cap XVI,1623,P00–P96,Algumas afecções originadas no período perinatal
2020,Estado,Região Sudeste,Espírito Santo,ES,Cap XVI,303,P00–P96,Algumas afecções originadas no período perinatal
2020,Estado,Região Sudeste,Rio de Janeiro,RJ,Cap XVI,1433,P00–P96,Algumas afecções originadas no período perinatal
2020,Estado,Região Sudeste,São Paulo,SP,Cap XVI,3261,P00–P96,Algumas afecções originadas no período perinatal
2020,Regiao,Região Sul,,,Cap XVI,2026,P00–P96,Algumas afecções originadas no período perinatal
2020,Estado,Região Sul,Paraná,PR,Cap XVI,780,P00–P96,Algumas afecções originadas no período perinatal
2020,Estado,Região Sul,Santa Catarina,SC,Cap XVI,526,P00–P96,Algumas afecções originadas no período perinatal
2020,Estado,Região Sul,Rio Grande do Sul,RS,Cap XVI,720,P00–P96,Algumas afecções originadas no período perinatal
2020,Regiao,Região Centro-Oeste,,,Cap XVI,1457,P00–P96,Algumas afecções originadas no período perinatal
2020,Estado,Região Centro-Oeste,Mato Grosso do Sul,MS,Cap XVI,257,P00–P96,Algumas afecções originadas no período perinatal
2020,Estado,Região Centro-Oeste,Mato Grosso,MT,Cap XVI,346,P00–P96,Algumas afecções originadas no período perinatal
2020,Estado,Região Centro-Oeste,Goiás,GO,Cap XVI,625,P00–P96,Algumas afecções originadas no período perinatal
2020,Estado,Região Centro-Oeste,Distrito Federal,DF,Cap XVI,229,P00–P96,Algumas afecções originadas no período perinatal
2021,Regiao,Região Norte,,,Cap XVI,2588,P00–P96,Algumas afecções originadas no período perinatal
2021,Estado,Região Norte,Rondônia,RO,Cap XVI,171,P00–P96,Algumas afecções originadas no período perinatal
2021,Estado,Região Norte,Acre,AC,Cap XVI,154,P00–P96,Algumas afecções originadas no período perinatal
2021,Estado,Região Norte,Amazonas,AM,Cap XVI,620,P00–P96,Algumas afecções originadas no período perinatal
2021,Estado,Região Norte,Roraima,RR,Cap XVI,108,P00–P96,Algumas afecções originadas no período perinatal
2021,Estado,Região Norte,Pará,PA,Cap XVI,1191,P00–P96,Algumas afecções originadas no período perinatal
2021,Estado,Região Norte,Amapá,AP,Cap XVI,164,P00–P96,Algumas afecções originadas no período perinatal
2021,Estado,Região Norte,Tocantins,TO,Cap XVI,180,P00–P96,Algumas afecções originadas no período perinatal
2021,Regiao,Região Nordeste,,,Cap XVI,6099,P00–P96,Algumas afecções originadas no período perinatal
2021,Estado,Região Nordeste,Maranhão,MA,Cap XVI,889,P00–P96,Algumas afecções originadas no período perinatal
2021,Estado,Região Nordeste,Piauí,PI,Cap XVI,362,P00–P96,Algumas afecções originadas no período perinatal
2021,Estado,Região Nordeste,Ceará,CE,Cap XVI,760,P00–P96,Algumas afecções originadas no período perinatal
2021,Estado,Região Nordeste,Rio Grande do Norte,RN,Cap XVI,329,P00–P96,Algumas afecções originadas no período perinatal
2021,Estado,Região Nordeste,Paraíba,PB,Cap XVI,458,P00–P96,Algumas afecções originadas no período perinatal
2021,Estado,Região Nordeste,Pernambuco,PE,Cap XVI,916,P00–P96,Algumas afecções originadas no período perinatal
2021,Estado,Região Nordeste,Alagoas,AL,Cap XVI,389,P00–P96,Algumas afecções originadas no período perinatal
2021,Estado,Região Nordeste,Sergipe,SE,Cap XVI,255,P00–P96,Algumas afecções originadas no período perinatal
2021,Estado,Região Nordeste,Bahia,BA,Cap XVI,1741,P00–P96,Algumas afecções originadas no período perinatal
2021,Regiao,Região Sudeste,,,Cap XVI,6427,P00–P96,Algumas afecções originadas no período perinatal
2021,Estado,Região Sudeste,Minas Gerais,MG,Cap XVI,1525,P00–P96,Algumas afecções originadas no período perinatal
2021,Estado,Região Sudeste,Espírito Santo,ES,Cap XVI,327,P00–P96,Algumas afecções originadas no período perinatal
2021,Estado,Região Sudeste,Rio de Janeiro,RJ,Cap XVI,1376,P00–P96,Algumas afecções originadas no período perinatal
2021,Estado,Região Sudeste,São Paulo,SP,Cap XVI,3199,P00–P96,Algumas afecções originadas no período perinatal
2021,Regiao,Região Sul,,,Cap XVI,1982,P00–P96,Algumas afecções originadas no período perinatal
2021,Estado,Região Sul,Paraná,PR,Cap XVI,744,P00–P96,Algumas afecções originadas no período perinatal
2021,Estado,Região Sul,Santa Catarina,SC,Cap XVI,517,P00–P96,Algumas afecções originadas no período perinatal
2021,Estado,Região Sul,Rio Grande do Sul,RS,Cap XVI,721,P00–P96,Algumas afecções originadas no período perinatal
2021,Regiao,Região Centro-Oeste,,,Cap XVI,1506,P00–P96,Algumas afecções originadas no período perinatal
2021,Estado,Região Centro-Oeste,Mato Grosso do Sul,MS,Cap XVI,223,P00–P96,Algumas afecções originadas no período perinatal
2021,Estado,Região Centro-Oeste,Mato Grosso,MT,Cap XVI,393,P00–P96,Algumas afecções originadas no período perinatal
2021,Estado,Região Centro-Oeste,Goiás,GO,Cap XVI,651,P00–P96,Algumas afecções originadas no período perinatal
2021,Estado,Região Centro-Oeste,Distrito Federal,DF,Cap XVI,239,P00–P96,Algumas afecções originadas no período perinatal
2022,Regiao,Região Norte,,,Cap XVI,2261,P00–P96,Algumas afecções originadas no período perinatal
2022,Estado,Região Norte,Rondônia,RO,Cap XVI,195,P00–P96,Algumas afecções originadas no período perinatal
2022,Estado,Região Norte,Acre,AC,Cap XVI,113,P00–P96,Algumas afecções originadas no período perinatal
2022,Estado,Região Norte,Amazonas,AM,Cap XVI,540,P00–P96,Algumas afecções originadas no período perinatal
2022,Estado,Região Norte,Roraima,RR,Cap XVI,87,P00–P96,Algumas afecções originadas no período perinatal
2022,Estado,Região Norte,Pará,PA,Cap XVI,1053,P00–P96,Algumas afecções originadas no período perinatal
2022,Estado,Região Norte,Amapá,AP,Cap XVI,131,P00–P96,Algumas afecções originadas no período perinatal
2022,Estado,Região Norte,Tocantins,TO,Cap XVI,142,P00–P96,Algumas afecções originadas no período perinatal
2022,Regiao,Região Nordeste,,,Cap XVI,5773,P00–P96,Algumas afecções originadas no período perinatal
2022,Estado,Região Nordeste,Maranhão,MA,Cap XVI,800,P00–P96,Algumas afecções originadas no período perinatal
2022,Estado,Região Nordeste,Piauí,PI,Cap XVI,370,P00–P96,Algumas afecções originadas no período perinatal
2022,Estado,Região Nordeste,Ceará,CE,Cap XVI,774,P00–P96,Algumas afecções originadas no período perinatal
2022,Estado,Região Nordeste,Rio Grande do Norte,RN,Cap XVI,288,P00–P96,Algumas afecções originadas no período perinatal
2022,Estado,Região Nordeste,Paraíba,PB,Cap XVI,441,P00–P96,Algumas afecções originadas no período perinatal
2022,Estado,Região Nordeste,Pernambuco,PE,Cap XVI,869,P00–P96,Algumas afecções originadas no período perinatal
2022,Estado,Região Nordeste,Alagoas,AL,Cap XVI,355,P00–P96,Algumas afecções originadas no período perinatal
2022,Estado,Região Nordeste,Sergipe,SE,Cap XVI,291,P00–P96,Algumas afecções originadas no período perinatal
2022,Estado,Região Nordeste,Bahia,BA,Cap XVI,1585,P00–P96,Algumas afecções originadas no período perinatal
2022,Regiao,Região Sudeste,,,Cap XVI,6482,P00–P96,Algumas afecções originadas no período perinatal
2022,Estado,Região Sudeste,Minas Gerais,MG,Cap XVI,1588,P00–P96,Algumas afecções originadas no período perinatal
2022,Estado,Região Sudeste,Espírito Santo,ES,Cap XVI,301,P00–P96,Algumas afecções originadas no período perinatal
2022,Estado,Região Sudeste,Rio de Janeiro,RJ,Cap XVI,1279,P00–P96,Algumas afecções originadas no período perinatal
2022,Estado,Região Sudeste,São Paulo,SP,Cap XVI,3314,P00–P96,Algumas afecções originadas no período perinatal
2022,Regiao,Região Sul,,,Cap XVI,2063,P00–P96,Algumas afecções originadas no período perinatal
2022,Estado,Região Sul,Paraná,PR,Cap XVI,808,P00–P96,Algumas afecções originadas no período perinatal
2022,Estado,Região Sul,Santa Catarina,SC,Cap XVI,533,P00–P96,Algumas afecções originadas no período perinatal
2022,Estado,Região Sul,Rio Grande do Sul,RS,Cap XVI,722,P00–P96,Algumas afecções originadas no período perinatal
2022,Regiao,Região Centro-Oeste,,,Cap XVI,1450,P00–P96,Algumas afecções originadas no período perinatal
2022,Estado,Região Centro-Oeste,Mato Grosso do Sul,MS,Cap XVI,232,P00–P96,Algumas afecções originadas no período perinatal
2022,Estado,Região Centro-Oeste,Mato Grosso,MT,Cap XVI,404,P00–P96,Algumas afecções originadas no período perinatal
2022,Estado,Região Centro-Oeste,Goiás,GO,Cap XVI,622,P00–P96,Algumas afecções originadas no período perinatal
2022,Estado,Região Centro-Oeste,Distrito Federal,DF,Cap XVI,192,P00–P96,Algumas afecções originadas no período perinatal
2023,Regiao,Região Norte,,,Cap XVI,2291,P00–P96,Algumas afecções originadas no período perinatal
2023,Estado,Região Norte,Rondônia,RO,Cap XVI,154,P00–P96,Algumas afecções originadas no período perinatal
2023,Estado,Região Norte,Acre,AC,Cap XVI,124,P00–P96,Algumas afecções originadas no período perinatal
2023,Estado,Região Norte,Amazonas,AM,Cap XVI,545,P00–P96,Algumas afecções originadas no período perinatal
2023,Estado,Região Norte,Roraima,RR,Cap XVI,129,P00–P96,Algumas afecções originadas no período perinatal
2023,Estado,Região Norte,Pará,PA,Cap XVI,1064,P00–P96,Algumas afecções originadas no período perinatal
2023,Estado,Região Norte,Amapá,AP,Cap XVI,122,P00–P96,Algumas afecções originadas no período perinatal
2023,Estado,Região Norte,Tocantins,TO,Cap XVI,153,P00–P96,Algumas afecções originadas no período perinatal
2023,Regiao,Região Nordeste,,,Cap XVI,5417,P00–P96,Algumas afecções originadas no período perinatal
2023,Estado,Região Nordeste,Maranhão,MA,Cap XVI,758,P00–P96,Algumas afecções originadas no período perinatal
2023,Estado,Região Nordeste,Piauí,PI,Cap XVI,344,P00–P96,Algumas afecções originadas no período perinatal
2023,Estado,Região Nordeste,Ceará,CE,Cap XVI,753,P00–P96,Algumas afecções originadas no período perinatal
2023,Estado,Região Nordeste,Rio Grande do Norte,RN,Cap XVI,252,P00–P96,Algumas afecções originadas no período perinatal
2023,Estado,Região Nordeste,Paraíba,PB,Cap XVI,373,P00–P96,Algumas afecções originadas no período perinatal
2023,Estado,Região Nordeste,Pernambuco,PE,Cap XVI,757,P00–P96,Algumas afecções originadas no período perinatal
2023,Estado,Região Nordeste,Alagoas,AL,Cap XVI,368,P00–P96,Algumas afecções originadas no período perinatal
2023,Estado,Região Nordeste,Sergipe,SE,Cap XVI,299,P00–P96,Algumas afecções originadas no período perinatal
2023,Estado,Região Nordeste,Bahia,BA,Cap XVI,1513,P00–P96,Algumas afecções originadas no período perinatal
2023,Regiao,Região Sudeste,,,Cap XVI,6404,P00–P96,Algumas afecções originadas no período perinatal
2023,Estado,Região Sudeste,Minas Gerais,MG,Cap XVI,1518,P00–P96,Algumas afecções originadas no período perinatal
2023,Estado,Região Sudeste,Espírito Santo,ES,Cap XVI,309,P00–P96,Algumas afecções originadas no período perinatal
2023,Estado,Região Sudeste,Rio de Janeiro,RJ,Cap XVI,1287,P00–P96,Algumas afecções originadas no período perinatal
2023,Estado,Região Sudeste,São Paulo,SP,Cap XVI,3290,P00–P96,Algumas afecções originadas no período perinatal
2023,Regiao,Região Sul,,,Cap XVI,1981,P00–P96,Algumas afecções originadas no período perinatal
2023,Estado,Região Sul,Paraná,PR,Cap XVI,822,P00–P96,Algumas afecções originadas no período perinatal
2023,Estado,Região Sul,Santa Catarina,SC,Cap XVI,477,P00–P96,Algumas afecções originadas no período perinatal
2023,Estado,Região Sul,Rio Grande do Sul,RS,Cap XVI,682,P00–P96,Algumas afecções originadas no período perinatal
2023,Regiao,Região Centro-Oeste,,,Cap XVI,1523,P00–P96,Algumas afecções originadas no período perinatal
2023,Estado,Região Centro-Oeste,Mato Grosso do Sul,MS,Cap XVI,259,P00–P96,Algumas afecções originadas no período perinatal
2023,Estado,Região Centro-Oeste,Mato Grosso,MT,Cap XVI,433,P00–P96,Algumas afecções originadas no período perinatal
2023,Estado,Região Centro-Oeste,Goiás,GO,Cap XVI,610,P00–P96,Algumas afecções originadas no período perinatal
2023,Estado,Região Centro-Oeste,Distrito Federal,DF,Cap XVI,221,P00–P96,Algumas afecções originadas no período perinatal
2024,Regiao,Região Norte,,,Cap XVI,2106,P00–P96,Algumas afecções originadas no período perinatal
2024,Estado,Região Norte,Rondônia,RO,Cap XVI,161,P00–P96,Algumas afecções originadas no período perinatal
2024,Estado,Região Norte,Acre,AC,Cap XVI,105,P00–P96,Algumas afecções originadas no período perinatal
2024,Estado,Região Norte,Amazonas,AM,Cap XVI,505,P00–P96,Algumas afecções originadas no período perinatal
2024,Estado,Região Norte,Roraima,RR,Cap XVI,90,P00–P96,Algumas afecções originadas no período perinatal
2024,Estado,Região Norte,Pará,PA,Cap XVI,961,P00–P96,Algumas afecções originadas no período perinatal
2024,Estado,Região Norte,Amapá,AP,Cap XVI,109,P00–P96,Algumas afecções originadas no período perinatal
2024,Estado,Região Norte,Tocantins,TO,Cap XVI,175,P00–P96,Algumas afecções originadas no período perinatal
2024,Regiao,Região Nordeste,,,Cap XVI,5059,P00–P96,Algumas afecções originadas no período perinatal
2024,Estado,Região Nordeste,Maranhão,MA,Cap XVI,690,P00–P96,Algumas afecções originadas no período perinatal
2024,Estado,Região Nordeste,Piauí,PI,Cap XVI,304,P00–P96,Algumas afecções originadas no período perinatal
2024,Estado,Região Nordeste,Ceará,CE,Cap XVI,655,P00–P96,Algumas afecções originadas no período perinatal
2024,Estado,Região Nordeste,Rio Grande do Norte,RN,Cap XVI,298,P00–P96,Algumas afecções originadas no período perinatal
2024,Estado,Região Nordeste,Paraíba,PB,Cap XVI,356,P00–P96,Algumas afecções originadas no período perinatal
2024,Estado,Região Nordeste,Pernambuco,PE,Cap XVI,776,P00–P96,Algumas afecções originadas no período perinatal
2024,Estado,Região Nordeste,Alagoas,AL,Cap XVI,369,P00–P96,Algumas afecções originadas no período perinatal
2024,Estado,Região Nordeste,Sergipe,SE,Cap XVI,216,P00–P96,Algumas afecções originadas no período perinatal
2024,Estado,Região Nordeste,Bahia,BA,Cap XVI,1395,P00–P96,Algumas afecções originadas no período perinatal
2024,Regiao,Região Sudeste,,,Cap XVI,5787,P00–P96,Algumas afecções originadas no período perinatal
2024,Estado,Região Sudeste,Minas Gerais,MG,Cap XVI,1391,P00–P96,Algumas afecções originadas no período perinatal
2024,Estado,Região Sudeste,Espírito Santo,ES,Cap XVI,311,P00–P96,Algumas afecções originadas no período perinatal
2024,Estado,Região Sudeste,Rio de Janeiro,RJ,Cap XVI,1148,P00–P96,Algumas afecções originadas no período perinatal
2024,Estado,Região Sudeste,São Paulo,SP,Cap XVI,2937,P00–P96,Algumas afecções originadas no período perinatal
2024,Regiao,Região Sul,,,Cap XVI,1936,P00–P96,Algumas afecções originadas no período perinatal
2024,Estado,Região Sul,Paraná,PR,Cap XVI,752,P00–P96,Algumas afecções originadas no período perinatal
2024,Estado,Região Sul,Santa Catarina,SC,Cap XVI,537,P00–P96,Algumas afecções originadas no período perinatal
2024,Estado,Região Sul,Rio Grande do Sul,RS,Cap XVI,647,P00–P96,Algumas afecções originadas no período perinatal
2024,Regiao,Região Centro-Oeste,,,Cap XVI,1365,P00–P96,Algumas afecções originadas no período perinatal
2024,Estado,Região Centro-Oeste,Mato Grosso do Sul,MS,Cap XVI,222,P00–P96,Algumas afecções originadas no período perinatal
2024,Estado,Região Centro-Oeste,Mato Grosso,MT,Cap XVI,385,P00–P96,Algumas afecções originadas no período perinatal
2024,Estado,Região Centro-Oeste,Goiás,GO,Cap XVI,574,P00–P96,Algumas afecções originadas no período perinatal
2024,Estado,Região Centro-Oeste,Distrito Federal,DF,Cap XVI,184,P00–P96,Algumas afecções originadas no período perinatal
2025,Regiao,Região Norte,,,Cap XVI,2221,P00–P96,Algumas afecções originadas no período perinatal
2025,Estado,Região Norte,Rondônia,RO,Cap XVI,173,P00–P96,Algumas afecções originadas no período perinatal
2025,Estado,Região Norte,Acre,AC,Cap XVI,115,P00–P96,Algumas afecções originadas no período perinatal
2025,Estado,Região Norte,Amazonas,AM,Cap XVI,559,P00–P96,Algumas afecções originadas no período perinatal
2025,Estado,Região Norte,Roraima,RR,Cap XVI,97,P00–P96,Algumas afecções originadas no período perinatal
2025,Estado,Região Norte,Pará,PA,Cap XVI,1022,P00–P96,Algumas afecções originadas no período perinatal
2025,Estado,Região Norte,Amapá,AP,Cap XVI,121,P00–P96,Algumas afecções originadas no período perinatal
2025,Estado,Região Norte,Tocantins,TO,Cap XVI,134,P00–P96,Algumas afecções originadas no período perinatal
2025,Regiao,Região Nordeste,,,Cap XVI,4942,P00–P96,Algumas afecções originadas no período perinatal
2025,Estado,Região Nordeste,Maranhão,MA,Cap XVI,676,P00–P96,Algumas afecções originadas no período perinatal
2025,Estado,Região Nordeste,Piauí,PI,Cap XVI,301,P00–P96,Algumas afecções originadas no período perinatal
2025,Estado,Região Nordeste,Ceará,CE,Cap XVI,678,P00–P96,Algumas afecções originadas no período perinatal
2025,Estado,Região Nordeste,Rio Grande do Norte,RN,Cap XVI,278,P00–P96,Algumas afecções originadas no período perinatal
2025,Estado,Região Nordeste,Paraíba,PB,Cap XVI,353,P00–P96,Algumas afecções originadas no período perinatal
2025,Estado,Região Nordeste,Pernambuco,PE,Cap XVI,695,P00–P96,Algumas afecções originadas no período perinatal
2025,Estado,Região Nordeste,Alagoas,AL,Cap XVI,330,P00–P96,Algumas afecções originadas no período perinatal
2025,Estado,Região Nordeste,Sergipe,SE,Cap XVI,254,P00–P96,Algumas afecções originadas no período perinatal
2025,Estado,Região Nordeste,Bahia,BA,Cap XVI,1377,P00–P96,Algumas afecções originadas no período perinatal
2025,Regiao,Região Sudeste,,,Cap XVI,5773,P00–P96,Algumas afecções originadas no período perinatal
2025,Estado,Região Sudeste,Minas Gerais,MG,Cap XVI,1431,P00–P96,Algumas afecções originadas no período perinatal
2025,Estado,Região Sudeste,Espírito Santo,ES,Cap XVI,287,P00–P96,Algumas afecções originadas no período perinatal
2025,Estado,Região Sudeste,Rio de Janeiro,RJ,Cap XVI,1197,P00–P96,Algumas afecções originadas no período perinatal
2025,Estado,Região Sudeste,São Paulo,SP,Cap XVI,2858,P00–P96,Algumas afecções originadas no período perinatal
2025,Regiao,Região Sul,,,Cap XVI,1992,P00–P96,Algumas afecções originadas no período perinatal
2025,Estado,Região Sul,Paraná,PR,Cap XVI,841,P00–P96,Algumas afecções originadas no período perinatal
2025,Estado,Região Sul,Santa Catarina,SC,Cap XVI,499,P00–P96,Algumas afecções originadas no período perinatal
2025,Estado,Região Sul,Rio Grande do Sul,RS,Cap XVI,652,P00–P96,Algumas afecções originadas no período perinatal
2025,Regiao,Região Centro-Oeste,,,Cap XVI,1366,P00–P96,Algumas afecções originadas no período perinatal
2025,Estado,Região Centro-Oeste,Mato Grosso do Sul,MS,Cap XVI,247,P00–P96,Algumas afecções originadas no período perinatal
2025,Estado,Região Centro-Oeste,Mato Grosso,MT,Cap XVI,408,P00–P96,Algumas afecções originadas no período perinatal
2025,Estado,Região Centro-Oeste,Goiás,GO,Cap XVI,542,P00–P96,Algumas afecções originadas no período perinatal
2025,Estado,Região Centro-Oeste,Distrito Federal,DF,Cap XVI,169,P00–P96,Algumas afecções originadas no período perinatal
2026,Regiao,Região Norte,,,Cap XVI,773,P00–P96,Algumas afecções originadas no período perinatal
2026,Estado,Região Norte,Rondônia,RO,Cap XVI,50,P00–P96,Algumas afecções originadas no período perinatal
2026,Estado,Região Norte,Acre,AC,Cap XVI,40,P00–P96,Algumas afecções originadas no período perinatal
2026,Estado,Região Norte,Amazonas,AM,Cap XVI,191,P00–P96,Algumas afecções originadas no período perinatal
2026,Estado,Região Norte,Roraima,RR,Cap XVI,38,P00–P96,Algumas afecções originadas no período perinatal
2026,Estado,Região Norte,Pará,PA,Cap XVI,364,P00–P96,Algumas afecções originadas no período perinatal
2026,Estado,Região Norte,Amapá,AP,Cap XVI,30,P00–P96,Algumas afecções originadas no período perinatal
2026,Estado,Região Norte,Tocantins,TO,Cap XVI,60,P00–P96,Algumas afecções originadas no período perinatal
2026,Regiao,Região Nordeste,,,Cap XVI,1982,P00–P96,Algumas afecções originadas no período perinatal
2026,Estado,Região Nordeste,Maranhão,MA,Cap XVI,283,P00–P96,Algumas afecções originadas no período perinatal
2026,Estado,Região Nordeste,Piauí,PI,Cap XVI,100,P00–P96,Algumas afecções originadas no período perinatal
2026,Estado,Região Nordeste,Ceará,CE,Cap XVI,235,P00–P96,Algumas afecções originadas no período perinatal
2026,Estado,Região Nordeste,Rio Grande do Norte,RN,Cap XVI,103,P00–P96,Algumas afecções originadas no período perinatal
2026,Estado,Região Nordeste,Paraíba,PB,Cap XVI,171,P00–P96,Algumas afecções originadas no período perinatal
2026,Estado,Região Nordeste,Pernambuco,PE,Cap XVI,261,P00–P96,Algumas afecções originadas no período perinatal
2026,Estado,Região Nordeste,Alagoas,AL,Cap XVI,159,P00–P96,Algumas afecções originadas no período perinatal
2026,Estado,Região Nordeste,Sergipe,SE,Cap XVI,117,P00–P96,Algumas afecções originadas no período perinatal
2026,Estado,Região Nordeste,Bahia,BA,Cap XVI,553,P00–P96,Algumas afecções originadas no período perinatal
2026,Regiao,Região Sudeste,,,Cap XVI,2031,P00–P96,Algumas afecções originadas no período perinatal
2026,Estado,Região Sudeste,Minas Gerais,MG,Cap XVI,471,P00–P96,Algumas afecções originadas no período perinatal
2026,Estado,Região Sudeste,Espírito Santo,ES,Cap XVI,92,P00–P96,Algumas afecções originadas no período perinatal
2026,Estado,Região Sudeste,Rio de Janeiro,RJ,Cap XVI,389,P00–P96,Algumas afecções originadas no período perinatal
2026,Estado,Região Sudeste,São Paulo,SP,Cap XVI,1079,P00–P96,Algumas afecções originadas no período perinatal
2026,Regiao,Região Sul,,,Cap XVI,767,P00–P96,Algumas afecções originadas no período perinatal
2026,Estado,Região Sul,Paraná,PR,Cap XVI,317,P00–P96,Algumas afecções originadas no período perinatal
2026,Estado,Região Sul,Santa Catarina,SC,Cap XVI,202,P00–P96,Algumas afecções originadas no período perinatal
2026,Estado,Região Sul,Rio Grande do Sul,RS,Cap XVI,248,P00–P96,Algumas afecções originadas no período perinatal
2026,Regiao,Região Centro-Oeste,,,Cap XVI,471,P00–P96,Algumas afecções originadas no período perinatal
2026,Estado,Região Centro-Oeste,Mato Grosso do Sul,MS,Cap XVI,77,P00–P96,Algumas afecções originadas no período perinatal
2026,Estado,Região Centro-Oeste,Mato Grosso,MT,Cap XVI,150,P00–P96,Algumas afecções originadas no período perinatal
2026,Estado,Região Centro-Oeste,Goiás,GO,Cap XVI,179,P00–P96,Algumas afecções originadas no período perinatal
2026,Estado,Região Centro-Oeste,Distrito Federal,DF,Cap XVI,65,P00–P96,Algumas afecções originadas no período perinatal
2016,Regiao,Região Norte,,,Cap XVII,1119,Q00–Q99,"Malformações congênitas, deformidades e anomalias cromossômicas"
2016,Estado,Região Norte,Rondônia,RO,Cap XVII,133,Q00–Q99,"Malformações congênitas, deformidades e anomalias cromossômicas"
2016,Estado,Região Norte,Acre,AC,Cap XVII,71,Q00–Q99,"Malformações congênitas, deformidades e anomalias cromossômicas"
2016,Estado,Região Norte,Amazonas,AM,Cap XVII,276,Q00–Q99,"Malformações congênitas, deformidades e anomalias cromossômicas"
2016,Estado,Região Norte,Roraima,RR,Cap XVII,41,Q00–Q99,"Malformações congênitas, deformidades e anomalias cromossômicas"
2016,Estado,Região Norte,Pará,PA,Cap XVII,434,Q00–Q99,"Malformações congênitas, deformidades e anomalias cromossômicas"
2016,Estado,Região Norte,Amapá,AP,Cap XVII,58,Q00–Q99,"Malformações congênitas, deformidades e anomalias cromossômicas"
2016,Estado,Região Norte,Tocantins,TO,Cap XVII,106,Q00–Q99,"Malformações congênitas, deformidades e anomalias cromossômicas"
2016,Regiao,Região Nordeste,,,Cap XVII,3074,Q00–Q99,"Malformações congênitas, deformidades e anomalias cromossômicas"
2016,Estado,Região Nordeste,Maranhão,MA,Cap XVII,376,Q00–Q99,"Malformações congênitas, deformidades e anomalias cromossômicas"
2016,Estado,Região Nordeste,Piauí,PI,Cap XVII,200,Q00–Q99,"Malformações congênitas, deformidades e anomalias cromossômicas"
2016,Estado,Região Nordeste,Ceará,CE,Cap XVII,500,Q00–Q99,"Malformações congênitas, deformidades e anomalias cromossômicas"
2016,Estado,Região Nordeste,Rio Grande do Norte,RN,Cap XVII,167,Q00–Q99,"Malformações congênitas, deformidades e anomalias cromossômicas"
2016,Estado,Região Nordeste,Paraíba,PB,Cap XVII,215,Q00–Q99,"Malformações congênitas, deformidades e anomalias cromossômicas"
2016,Estado,Região Nordeste,Pernambuco,PE,Cap XVII,573,Q00–Q99,"Malformações congênitas, deformidades e anomalias cromossômicas"
2016,Estado,Região Nordeste,Alagoas,AL,Cap XVII,165,Q00–Q99,"Malformações congênitas, deformidades e anomalias cromossômicas"
2016,Estado,Região Nordeste,Sergipe,SE,Cap XVII,138,Q00–Q99,"Malformações congênitas, deformidades e anomalias cromossômicas"
2016,Estado,Região Nordeste,Bahia,BA,Cap XVII,740,Q00–Q99,"Malformações congênitas, deformidades e anomalias cromossômicas"
2016,Regiao,Região Sudeste,,,Cap XVII,4315,Q00–Q99,"Malformações congênitas, deformidades e anomalias cromossômicas"
2016,Estado,Região Sudeste,Minas Gerais,MG,Cap XVII,966,Q00–Q99,"Malformações congênitas, deformidades e anomalias cromossômicas"
2016,Estado,Região Sudeste,Espírito Santo,ES,Cap XVII,250,Q00–Q99,"Malformações congênitas, deformidades e anomalias cromossômicas"
2016,Estado,Região Sudeste,Rio de Janeiro,RJ,Cap XVII,902,Q00–Q99,"Malformações congênitas, deformidades e anomalias cromossômicas"
2016,Estado,Região Sudeste,São Paulo,SP,Cap XVII,2197,Q00–Q99,"Malformações congênitas, deformidades e anomalias cromossômicas"
2016,Regiao,Região Sul,,,Cap XVII,1434,Q00–Q99,"Malformações congênitas, deformidades e anomalias cromossômicas"
2016,Estado,Região Sul,Paraná,PR,Cap XVII,596,Q00–Q99,"Malformações congênitas, deformidades e anomalias cromossômicas"
2016,Estado,Região Sul,Santa Catarina,SC,Cap XVII,303,Q00–Q99,"Malformações congênitas, deformidades e anomalias cromossômicas"
2016,Estado,Região Sul,Rio Grande do Sul,RS,Cap XVII,535,Q00–Q99,"Malformações congênitas, deformidades e anomalias cromossômicas"
2016,Regiao,Região Centro-Oeste,,,Cap XVII,940,Q00–Q99,"Malformações congênitas, deformidades e anomalias cromossômicas"
2016,Estado,Região Centro-Oeste,Mato Grosso do Sul,MS,Cap XVII,175,Q00–Q99,"Malformações congênitas, deformidades e anomalias cromossômicas"
2016,Estado,Região Centro-Oeste,Mato Grosso,MT,Cap XVII,209,Q00–Q99,"Malformações congênitas, deformidades e anomalias cromossômicas"
2016,Estado,Região Centro-Oeste,Goiás,GO,Cap XVII,416,Q00–Q99,"Malformações congênitas, deformidades e anomalias cromossômicas"
2016,Estado,Região Centro-Oeste,Distrito Federal,DF,Cap XVII,140,Q00–Q99,"Malformações congênitas, deformidades e anomalias cromossômicas"
2017,Regiao,Região Norte,,,Cap XVII,1193,Q00–Q99,"Malformações congênitas, deformidades e anomalias cromossômicas"
2017,Estado,Região Norte,Rondônia,RO,Cap XVII,115,Q00–Q99,"Malformações congênitas, deformidades e anomalias cromossômicas"
2017,Estado,Região Norte,Acre,AC,Cap XVII,45,Q00–Q99,"Malformações congênitas, deformidades e anomalias cromossômicas"
2017,Estado,Região Norte,Amazonas,AM,Cap XVII,297,Q00–Q99,"Malformações congênitas, deformidades e anomalias cromossômicas"
2017,Estado,Região Norte,Roraima,RR,Cap XVII,51,Q00–Q99,"Malformações congênitas, deformidades e anomalias cromossômicas"
2017,Estado,Região Norte,Pará,PA,Cap XVII,502,Q00–Q99,"Malformações congênitas, deformidades e anomalias cromossômicas"
2017,Estado,Região Norte,Amapá,AP,Cap XVII,68,Q00–Q99,"Malformações congênitas, deformidades e anomalias cromossômicas"
2017,Estado,Região Norte,Tocantins,TO,Cap XVII,115,Q00–Q99,"Malformações congênitas, deformidades e anomalias cromossômicas"
2017,Regiao,Região Nordeste,,,Cap XVII,3112,Q00–Q99,"Malformações congênitas, deformidades e anomalias cromossômicas"
2017,Estado,Região Nordeste,Maranhão,MA,Cap XVII,407,Q00–Q99,"Malformações congênitas, deformidades e anomalias cromossômicas"
2017,Estado,Região Nordeste,Piauí,PI,Cap XVII,213,Q00–Q99,"Malformações congênitas, deformidades e anomalias cromossômicas"
2017,Estado,Região Nordeste,Ceará,CE,Cap XVII,503,Q00–Q99,"Malformações congênitas, deformidades e anomalias cromossômicas"
2017,Estado,Região Nordeste,Rio Grande do Norte,RN,Cap XVII,195,Q00–Q99,"Malformações congênitas, deformidades e anomalias cromossômicas"
2017,Estado,Região Nordeste,Paraíba,PB,Cap XVII,229,Q00–Q99,"Malformações congênitas, deformidades e anomalias cromossômicas"
2017,Estado,Região Nordeste,Pernambuco,PE,Cap XVII,569,Q00–Q99,"Malformações congênitas, deformidades e anomalias cromossômicas"
2017,Estado,Região Nordeste,Alagoas,AL,Cap XVII,184,Q00–Q99,"Malformações congênitas, deformidades e anomalias cromossômicas"
2017,Estado,Região Nordeste,Sergipe,SE,Cap XVII,114,Q00–Q99,"Malformações congênitas, deformidades e anomalias cromossômicas"
2017,Estado,Região Nordeste,Bahia,BA,Cap XVII,698,Q00–Q99,"Malformações congênitas, deformidades e anomalias cromossômicas"
2017,Regiao,Região Sudeste,,,Cap XVII,4220,Q00–Q99,"Malformações congênitas, deformidades e anomalias cromossômicas"
2017,Estado,Região Sudeste,Minas Gerais,MG,Cap XVII,1039,Q00–Q99,"Malformações congênitas, deformidades e anomalias cromossômicas"
2017,Estado,Região Sudeste,Espírito Santo,ES,Cap XVII,230,Q00–Q99,"Malformações congênitas, deformidades e anomalias cromossômicas"
2017,Estado,Região Sudeste,Rio de Janeiro,RJ,Cap XVII,821,Q00–Q99,"Malformações congênitas, deformidades e anomalias cromossômicas"
2017,Estado,Região Sudeste,São Paulo,SP,Cap XVII,2130,Q00–Q99,"Malformações congênitas, deformidades e anomalias cromossômicas"
2017,Regiao,Região Sul,,,Cap XVII,1485,Q00–Q99,"Malformações congênitas, deformidades e anomalias cromossômicas"
2017,Estado,Região Sul,Paraná,PR,Cap XVII,584,Q00–Q99,"Malformações congênitas, deformidades e anomalias cromossômicas"
2017,Estado,Região Sul,Santa Catarina,SC,Cap XVII,347,Q00–Q99,"Malformações congênitas, deformidades e anomalias cromossômicas"
2017,Estado,Região Sul,Rio Grande do Sul,RS,Cap XVII,554,Q00–Q99,"Malformações congênitas, deformidades e anomalias cromossômicas"
2017,Regiao,Região Centro-Oeste,,,Cap XVII,985,Q00–Q99,"Malformações congênitas, deformidades e anomalias cromossômicas"
2017,Estado,Região Centro-Oeste,Mato Grosso do Sul,MS,Cap XVII,179,Q00–Q99,"Malformações congênitas, deformidades e anomalias cromossômicas"
2017,Estado,Região Centro-Oeste,Mato Grosso,MT,Cap XVII,227,Q00–Q99,"Malformações congênitas, deformidades e anomalias cromossômicas"
2017,Estado,Região Centro-Oeste,Goiás,GO,Cap XVII,374,Q00–Q99,"Malformações congênitas, deformidades e anomalias cromossômicas"
2017,Estado,Região Centro-Oeste,Distrito Federal,DF,Cap XVII,205,Q00–Q99,"Malformações congênitas, deformidades e anomalias cromossômicas"
2018,Regiao,Região Norte,,,Cap XVII,1230,Q00–Q99,"Malformações congênitas, deformidades e anomalias cromossômicas"
2018,Estado,Região Norte,Rondônia,RO,Cap XVII,113,Q00–Q99,"Malformações congênitas, deformidades e anomalias cromossômicas"
2018,Estado,Região Norte,Acre,AC,Cap XVII,63,Q00–Q99,"Malformações congênitas, deformidades e anomalias cromossômicas"
2018,Estado,Região Norte,Amazonas,AM,Cap XVII,294,Q00–Q99,"Malformações congênitas, deformidades e anomalias cromossômicas"
2018,Estado,Região Norte,Roraima,RR,Cap XVII,75,Q00–Q99,"Malformações congênitas, deformidades e anomalias cromossômicas"
2018,Estado,Região Norte,Pará,PA,Cap XVII,487,Q00–Q99,"Malformações congênitas, deformidades e anomalias cromossômicas"
2018,Estado,Região Norte,Amapá,AP,Cap XVII,74,Q00–Q99,"Malformações congênitas, deformidades e anomalias cromossômicas"
2018,Estado,Região Norte,Tocantins,TO,Cap XVII,124,Q00–Q99,"Malformações congênitas, deformidades e anomalias cromossômicas"
2018,Regiao,Região Nordeste,,,Cap XVII,3147,Q00–Q99,"Malformações congênitas, deformidades e anomalias cromossômicas"
2018,Estado,Região Nordeste,Maranhão,MA,Cap XVII,362,Q00–Q99,"Malformações congênitas, deformidades e anomalias cromossômicas"
2018,Estado,Região Nordeste,Piauí,PI,Cap XVII,209,Q00–Q99,"Malformações congênitas, deformidades e anomalias cromossômicas"
2018,Estado,Região Nordeste,Ceará,CE,Cap XVII,501,Q00–Q99,"Malformações congênitas, deformidades e anomalias cromossômicas"
2018,Estado,Região Nordeste,Rio Grande do Norte,RN,Cap XVII,158,Q00–Q99,"Malformações congênitas, deformidades e anomalias cromossômicas"
2018,Estado,Região Nordeste,Paraíba,PB,Cap XVII,205,Q00–Q99,"Malformações congênitas, deformidades e anomalias cromossômicas"
2018,Estado,Região Nordeste,Pernambuco,PE,Cap XVII,557,Q00–Q99,"Malformações congênitas, deformidades e anomalias cromossômicas"
2018,Estado,Região Nordeste,Alagoas,AL,Cap XVII,192,Q00–Q99,"Malformações congênitas, deformidades e anomalias cromossômicas"
2018,Estado,Região Nordeste,Sergipe,SE,Cap XVII,152,Q00–Q99,"Malformações congênitas, deformidades e anomalias cromossômicas"
2018,Estado,Região Nordeste,Bahia,BA,Cap XVII,811,Q00–Q99,"Malformações congênitas, deformidades e anomalias cromossômicas"
2018,Regiao,Região Sudeste,,,Cap XVII,4224,Q00–Q99,"Malformações congênitas, deformidades e anomalias cromossômicas"
2018,Estado,Região Sudeste,Minas Gerais,MG,Cap XVII,990,Q00–Q99,"Malformações congênitas, deformidades e anomalias cromossômicas"
2018,Estado,Região Sudeste,Espírito Santo,ES,Cap XVII,219,Q00–Q99,"Malformações congênitas, deformidades e anomalias cromossômicas"
2018,Estado,Região Sudeste,Rio de Janeiro,RJ,Cap XVII,812,Q00–Q99,"Malformações congênitas, deformidades e anomalias cromossômicas"
2018,Estado,Região Sudeste,São Paulo,SP,Cap XVII,2203,Q00–Q99,"Malformações congênitas, deformidades e anomalias cromossômicas"
2018,Regiao,Região Sul,,,Cap XVII,1520,Q00–Q99,"Malformações congênitas, deformidades e anomalias cromossômicas"
2018,Estado,Região Sul,Paraná,PR,Cap XVII,591,Q00–Q99,"Malformações congênitas, deformidades e anomalias cromossômicas"
2018,Estado,Região Sul,Santa Catarina,SC,Cap XVII,357,Q00–Q99,"Malformações congênitas, deformidades e anomalias cromossômicas"
2018,Estado,Região Sul,Rio Grande do Sul,RS,Cap XVII,572,Q00–Q99,"Malformações congênitas, deformidades e anomalias cromossômicas"
2018,Regiao,Região Centro-Oeste,,,Cap XVII,1035,Q00–Q99,"Malformações congênitas, deformidades e anomalias cromossômicas"
2018,Estado,Região Centro-Oeste,Mato Grosso do Sul,MS,Cap XVII,183,Q00–Q99,"Malformações congênitas, deformidades e anomalias cromossômicas"
2018,Estado,Região Centro-Oeste,Mato Grosso,MT,Cap XVII,237,Q00–Q99,"Malformações congênitas, deformidades e anomalias cromossômicas"
2018,Estado,Região Centro-Oeste,Goiás,GO,Cap XVII,410,Q00–Q99,"Malformações congênitas, deformidades e anomalias cromossômicas"
2018,Estado,Região Centro-Oeste,Distrito Federal,DF,Cap XVII,205,Q00–Q99,"Malformações congênitas, deformidades e anomalias cromossômicas"
2019,Regiao,Região Norte,,,Cap XVII,1248,Q00–Q99,"Malformações congênitas, deformidades e anomalias cromossômicas"
2019,Estado,Região Norte,Rondônia,RO,Cap XVII,94,Q00–Q99,"Malformações congênitas, deformidades e anomalias cromossômicas"
2019,Estado,Região Norte,Acre,AC,Cap XVII,60,Q00–Q99,"Malformações congênitas, deformidades e anomalias cromossômicas"
2019,Estado,Região Norte,Amazonas,AM,Cap XVII,360,Q00–Q99,"Malformações congênitas, deformidades e anomalias cromossômicas"
2019,Estado,Região Norte,Roraima,RR,Cap XVII,69,Q00–Q99,"Malformações congênitas, deformidades e anomalias cromossômicas"
2019,Estado,Região Norte,Pará,PA,Cap XVII,482,Q00–Q99,"Malformações congênitas, deformidades e anomalias cromossômicas"
2019,Estado,Região Norte,Amapá,AP,Cap XVII,68,Q00–Q99,"Malformações congênitas, deformidades e anomalias cromossômicas"
2019,Estado,Região Norte,Tocantins,TO,Cap XVII,115,Q00–Q99,"Malformações congênitas, deformidades e anomalias cromossômicas"
2019,Regiao,Região Nordeste,,,Cap XVII,3268,Q00–Q99,"Malformações congênitas, deformidades e anomalias cromossômicas"
2019,Estado,Região Nordeste,Maranhão,MA,Cap XVII,377,Q00–Q99,"Malformações congênitas, deformidades e anomalias cromossômicas"
2019,Estado,Região Nordeste,Piauí,PI,Cap XVII,221,Q00–Q99,"Malformações congênitas, deformidades e anomalias cromossômicas"
2019,Estado,Região Nordeste,Ceará,CE,Cap XVII,553,Q00–Q99,"Malformações congênitas, deformidades e anomalias cromossômicas"
2019,Estado,Região Nordeste,Rio Grande do Norte,RN,Cap XVII,156,Q00–Q99,"Malformações congênitas, deformidades e anomalias cromossômicas"
2019,Estado,Região Nordeste,Paraíba,PB,Cap XVII,239,Q00–Q99,"Malformações congênitas, deformidades e anomalias cromossômicas"
2019,Estado,Região Nordeste,Pernambuco,PE,Cap XVII,562,Q00–Q99,"Malformações congênitas, deformidades e anomalias cromossômicas"
2019,Estado,Região Nordeste,Alagoas,AL,Cap XVII,197,Q00–Q99,"Malformações congênitas, deformidades e anomalias cromossômicas"
2019,Estado,Região Nordeste,Sergipe,SE,Cap XVII,148,Q00–Q99,"Malformações congênitas, deformidades e anomalias cromossômicas"
2019,Estado,Região Nordeste,Bahia,BA,Cap XVII,815,Q00–Q99,"Malformações congênitas, deformidades e anomalias cromossômicas"
2019,Regiao,Região Sudeste,,,Cap XVII,4197,Q00–Q99,"Malformações congênitas, deformidades e anomalias cromossômicas"
2019,Estado,Região Sudeste,Minas Gerais,MG,Cap XVII,1029,Q00–Q99,"Malformações congênitas, deformidades e anomalias cromossômicas"
2019,Estado,Região Sudeste,Espírito Santo,ES,Cap XVII,215,Q00–Q99,"Malformações congênitas, deformidades e anomalias cromossômicas"
2019,Estado,Região Sudeste,Rio de Janeiro,RJ,Cap XVII,802,Q00–Q99,"Malformações congênitas, deformidades e anomalias cromossômicas"
2019,Estado,Região Sudeste,São Paulo,SP,Cap XVII,2151,Q00–Q99,"Malformações congênitas, deformidades e anomalias cromossômicas"
2019,Regiao,Região Sul,,,Cap XVII,1565,Q00–Q99,"Malformações congênitas, deformidades e anomalias cromossômicas"
2019,Estado,Região Sul,Paraná,PR,Cap XVII,636,Q00–Q99,"Malformações congênitas, deformidades e anomalias cromossômicas"
2019,Estado,Região Sul,Santa Catarina,SC,Cap XVII,337,Q00–Q99,"Malformações congênitas, deformidades e anomalias cromossômicas"
2019,Estado,Região Sul,Rio Grande do Sul,RS,Cap XVII,592,Q00–Q99,"Malformações congênitas, deformidades e anomalias cromossômicas"
2019,Regiao,Região Centro-Oeste,,,Cap XVII,1030,Q00–Q99,"Malformações congênitas, deformidades e anomalias cromossômicas"
2019,Estado,Região Centro-Oeste,Mato Grosso do Sul,MS,Cap XVII,167,Q00–Q99,"Malformações congênitas, deformidades e anomalias cromossômicas"
2019,Estado,Região Centro-Oeste,Mato Grosso,MT,Cap XVII,237,Q00–Q99,"Malformações congênitas, deformidades e anomalias cromossômicas"
2019,Estado,Região Centro-Oeste,Goiás,GO,Cap XVII,475,Q00–Q99,"Malformações congênitas, deformidades e anomalias cromossômicas"
2019,Estado,Região Centro-Oeste,Distrito Federal,DF,Cap XVII,151,Q00–Q99,"Malformações congênitas, deformidades e anomalias cromossômicas"
2020,Regiao,Região Norte,,,Cap XVII,1036,Q00–Q99,"Malformações congênitas, deformidades e anomalias cromossômicas"
2020,Estado,Região Norte,Rondônia,RO,Cap XVII,94,Q00–Q99,"Malformações congênitas, deformidades e anomalias cromossômicas"
2020,Estado,Região Norte,Acre,AC,Cap XVII,57,Q00–Q99,"Malformações congênitas, deformidades e anomalias cromossômicas"
2020,Estado,Região Norte,Amazonas,AM,Cap XVII,305,Q00–Q99,"Malformações congênitas, deformidades e anomalias cromossômicas"
2020,Estado,Região Norte,Roraima,RR,Cap XVII,44,Q00–Q99,"Malformações congênitas, deformidades e anomalias cromossômicas"
2020,Estado,Região Norte,Pará,PA,Cap XVII,396,Q00–Q99,"Malformações congênitas, deformidades e anomalias cromossômicas"
2020,Estado,Região Norte,Amapá,AP,Cap XVII,62,Q00–Q99,"Malformações congênitas, deformidades e anomalias cromossômicas"
2020,Estado,Região Norte,Tocantins,TO,Cap XVII,78,Q00–Q99,"Malformações congênitas, deformidades e anomalias cromossômicas"
2020,Regiao,Região Nordeste,,,Cap XVII,2807,Q00–Q99,"Malformações congênitas, deformidades e anomalias cromossômicas"
2020,Estado,Região Nordeste,Maranhão,MA,Cap XVII,340,Q00–Q99,"Malformações congênitas, deformidades e anomalias cromossômicas"
2020,Estado,Região Nordeste,Piauí,PI,Cap XVII,192,Q00–Q99,"Malformações congênitas, deformidades e anomalias cromossômicas"
2020,Estado,Região Nordeste,Ceará,CE,Cap XVII,408,Q00–Q99,"Malformações congênitas, deformidades e anomalias cromossômicas"
2020,Estado,Região Nordeste,Rio Grande do Norte,RN,Cap XVII,167,Q00–Q99,"Malformações congênitas, deformidades e anomalias cromossômicas"
2020,Estado,Região Nordeste,Paraíba,PB,Cap XVII,197,Q00–Q99,"Malformações congênitas, deformidades e anomalias cromossômicas"
2020,Estado,Região Nordeste,Pernambuco,PE,Cap XVII,499,Q00–Q99,"Malformações congênitas, deformidades e anomalias cromossômicas"
2020,Estado,Região Nordeste,Alagoas,AL,Cap XVII,163,Q00–Q99,"Malformações congênitas, deformidades e anomalias cromossômicas"
2020,Estado,Região Nordeste,Sergipe,SE,Cap XVII,128,Q00–Q99,"Malformações congênitas, deformidades e anomalias cromossômicas"
2020,Estado,Região Nordeste,Bahia,BA,Cap XVII,713,Q00–Q99,"Malformações congênitas, deformidades e anomalias cromossômicas"
2020,Regiao,Região Sudeste,,,Cap XVII,3608,Q00–Q99,"Malformações congênitas, deformidades e anomalias cromossômicas"
2020,Estado,Região Sudeste,Minas Gerais,MG,Cap XVII,900,Q00–Q99,"Malformações congênitas, deformidades e anomalias cromossômicas"
2020,Estado,Região Sudeste,Espírito Santo,ES,Cap XVII,210,Q00–Q99,"Malformações congênitas, deformidades e anomalias cromossômicas"
2020,Estado,Região Sudeste,Rio de Janeiro,RJ,Cap XVII,692,Q00–Q99,"Malformações congênitas, deformidades e anomalias cromossômicas"
2020,Estado,Região Sudeste,São Paulo,SP,Cap XVII,1806,Q00–Q99,"Malformações congênitas, deformidades e anomalias cromossômicas"
2020,Regiao,Região Sul,,,Cap XVII,1338,Q00–Q99,"Malformações congênitas, deformidades e anomalias cromossômicas"
2020,Estado,Região Sul,Paraná,PR,Cap XVII,565,Q00–Q99,"Malformações congênitas, deformidades e anomalias cromossômicas"
2020,Estado,Região Sul,Santa Catarina,SC,Cap XVII,331,Q00–Q99,"Malformações congênitas, deformidades e anomalias cromossômicas"
2020,Estado,Região Sul,Rio Grande do Sul,RS,Cap XVII,442,Q00–Q99,"Malformações congênitas, deformidades e anomalias cromossômicas"
2020,Regiao,Região Centro-Oeste,,,Cap XVII,884,Q00–Q99,"Malformações congênitas, deformidades e anomalias cromossômicas"
2020,Estado,Região Centro-Oeste,Mato Grosso do Sul,MS,Cap XVII,138,Q00–Q99,"Malformações congênitas, deformidades e anomalias cromossômicas"
2020,Estado,Região Centro-Oeste,Mato Grosso,MT,Cap XVII,208,Q00–Q99,"Malformações congênitas, deformidades e anomalias cromossômicas"
2020,Estado,Região Centro-Oeste,Goiás,GO,Cap XVII,360,Q00–Q99,"Malformações congênitas, deformidades e anomalias cromossômicas"
2020,Estado,Região Centro-Oeste,Distrito Federal,DF,Cap XVII,178,Q00–Q99,"Malformações congênitas, deformidades e anomalias cromossômicas"
2021,Regiao,Região Norte,,,Cap XVII,1148,Q00–Q99,"Malformações congênitas, deformidades e anomalias cromossômicas"
2021,Estado,Região Norte,Rondônia,RO,Cap XVII,97,Q00–Q99,"Malformações congênitas, deformidades e anomalias cromossômicas"
2021,Estado,Região Norte,Acre,AC,Cap XVII,55,Q00–Q99,"Malformações congênitas, deformidades e anomalias cromossômicas"
2021,Estado,Região Norte,Amazonas,AM,Cap XVII,310,Q00–Q99,"Malformações congênitas, deformidades e anomalias cromossômicas"
2021,Estado,Região Norte,Roraima,RR,Cap XVII,54,Q00–Q99,"Malformações congênitas, deformidades e anomalias cromossômicas"
2021,Estado,Região Norte,Pará,PA,Cap XVII,478,Q00–Q99,"Malformações congênitas, deformidades e anomalias cromossômicas"
2021,Estado,Região Norte,Amapá,AP,Cap XVII,62,Q00–Q99,"Malformações congênitas, deformidades e anomalias cromossômicas"
2021,Estado,Região Norte,Tocantins,TO,Cap XVII,92,Q00–Q99,"Malformações congênitas, deformidades e anomalias cromossômicas"
2021,Regiao,Região Nordeste,,,Cap XVII,2873,Q00–Q99,"Malformações congênitas, deformidades e anomalias cromossômicas"
2021,Estado,Região Nordeste,Maranhão,MA,Cap XVII,366,Q00–Q99,"Malformações congênitas, deformidades e anomalias cromossômicas"
2021,Estado,Região Nordeste,Piauí,PI,Cap XVII,197,Q00–Q99,"Malformações congênitas, deformidades e anomalias cromossômicas"
2021,Estado,Região Nordeste,Ceará,CE,Cap XVII,380,Q00–Q99,"Malformações congênitas, deformidades e anomalias cromossômicas"
2021,Estado,Região Nordeste,Rio Grande do Norte,RN,Cap XVII,180,Q00–Q99,"Malformações congênitas, deformidades e anomalias cromossômicas"
2021,Estado,Região Nordeste,Paraíba,PB,Cap XVII,202,Q00–Q99,"Malformações congênitas, deformidades e anomalias cromossômicas"
2021,Estado,Região Nordeste,Pernambuco,PE,Cap XVII,539,Q00–Q99,"Malformações congênitas, deformidades e anomalias cromossômicas"
2021,Estado,Região Nordeste,Alagoas,AL,Cap XVII,168,Q00–Q99,"Malformações congênitas, deformidades e anomalias cromossômicas"
2021,Estado,Região Nordeste,Sergipe,SE,Cap XVII,126,Q00–Q99,"Malformações congênitas, deformidades e anomalias cromossômicas"
2021,Estado,Região Nordeste,Bahia,BA,Cap XVII,715,Q00–Q99,"Malformações congênitas, deformidades e anomalias cromossômicas"
2021,Regiao,Região Sudeste,,,Cap XVII,3662,Q00–Q99,"Malformações congênitas, deformidades e anomalias cromossômicas"
2021,Estado,Região Sudeste,Minas Gerais,MG,Cap XVII,924,Q00–Q99,"Malformações congênitas, deformidades e anomalias cromossômicas"
2021,Estado,Região Sudeste,Espírito Santo,ES,Cap XVII,239,Q00–Q99,"Malformações congênitas, deformidades e anomalias cromossômicas"
2021,Estado,Região Sudeste,Rio de Janeiro,RJ,Cap XVII,655,Q00–Q99,"Malformações congênitas, deformidades e anomalias cromossômicas"
2021,Estado,Região Sudeste,São Paulo,SP,Cap XVII,1844,Q00–Q99,"Malformações congênitas, deformidades e anomalias cromossômicas"
2021,Regiao,Região Sul,,,Cap XVII,1379,Q00–Q99,"Malformações congênitas, deformidades e anomalias cromossômicas"
2021,Estado,Região Sul,Paraná,PR,Cap XVII,533,Q00–Q99,"Malformações congênitas, deformidades e anomalias cromossômicas"
2021,Estado,Região Sul,Santa Catarina,SC,Cap XVII,348,Q00–Q99,"Malformações congênitas, deformidades e anomalias cromossômicas"
2021,Estado,Região Sul,Rio Grande do Sul,RS,Cap XVII,498,Q00–Q99,"Malformações congênitas, deformidades e anomalias cromossômicas"
2021,Regiao,Região Centro-Oeste,,,Cap XVII,930,Q00–Q99,"Malformações congênitas, deformidades e anomalias cromossômicas"
2021,Estado,Região Centro-Oeste,Mato Grosso do Sul,MS,Cap XVII,149,Q00–Q99,"Malformações congênitas, deformidades e anomalias cromossômicas"
2021,Estado,Região Centro-Oeste,Mato Grosso,MT,Cap XVII,238,Q00–Q99,"Malformações congênitas, deformidades e anomalias cromossômicas"
2021,Estado,Região Centro-Oeste,Goiás,GO,Cap XVII,381,Q00–Q99,"Malformações congênitas, deformidades e anomalias cromossômicas"
2021,Estado,Região Centro-Oeste,Distrito Federal,DF,Cap XVII,162,Q00–Q99,"Malformações congênitas, deformidades e anomalias cromossômicas"
2022,Regiao,Região Norte,,,Cap XVII,1143,Q00–Q99,"Malformações congênitas, deformidades e anomalias cromossômicas"
2022,Estado,Região Norte,Rondônia,RO,Cap XVII,88,Q00–Q99,"Malformações congênitas, deformidades e anomalias cromossômicas"
2022,Estado,Região Norte,Acre,AC,Cap XVII,61,Q00–Q99,"Malformações congênitas, deformidades e anomalias cromossômicas"
2022,Estado,Região Norte,Amazonas,AM,Cap XVII,330,Q00–Q99,"Malformações congênitas, deformidades e anomalias cromossômicas"
2022,Estado,Região Norte,Roraima,RR,Cap XVII,60,Q00–Q99,"Malformações congênitas, deformidades e anomalias cromossômicas"
2022,Estado,Região Norte,Pará,PA,Cap XVII,445,Q00–Q99,"Malformações congênitas, deformidades e anomalias cromossômicas"
2022,Estado,Região Norte,Amapá,AP,Cap XVII,62,Q00–Q99,"Malformações congênitas, deformidades e anomalias cromossômicas"
2022,Estado,Região Norte,Tocantins,TO,Cap XVII,97,Q00–Q99,"Malformações congênitas, deformidades e anomalias cromossômicas"
2022,Regiao,Região Nordeste,,,Cap XVII,2967,Q00–Q99,"Malformações congênitas, deformidades e anomalias cromossômicas"
2022,Estado,Região Nordeste,Maranhão,MA,Cap XVII,430,Q00–Q99,"Malformações congênitas, deformidades e anomalias cromossômicas"
2022,Estado,Região Nordeste,Piauí,PI,Cap XVII,209,Q00–Q99,"Malformações congênitas, deformidades e anomalias cromossômicas"
2022,Estado,Região Nordeste,Ceará,CE,Cap XVII,403,Q00–Q99,"Malformações congênitas, deformidades e anomalias cromossômicas"
2022,Estado,Região Nordeste,Rio Grande do Norte,RN,Cap XVII,149,Q00–Q99,"Malformações congênitas, deformidades e anomalias cromossômicas"
2022,Estado,Região Nordeste,Paraíba,PB,Cap XVII,219,Q00–Q99,"Malformações congênitas, deformidades e anomalias cromossômicas"
2022,Estado,Região Nordeste,Pernambuco,PE,Cap XVII,518,Q00–Q99,"Malformações congênitas, deformidades e anomalias cromossômicas"
2022,Estado,Região Nordeste,Alagoas,AL,Cap XVII,138,Q00–Q99,"Malformações congênitas, deformidades e anomalias cromossômicas"
2022,Estado,Região Nordeste,Sergipe,SE,Cap XVII,149,Q00–Q99,"Malformações congênitas, deformidades e anomalias cromossômicas"
2022,Estado,Região Nordeste,Bahia,BA,Cap XVII,752,Q00–Q99,"Malformações congênitas, deformidades e anomalias cromossômicas"
2022,Regiao,Região Sudeste,,,Cap XVII,3851,Q00–Q99,"Malformações congênitas, deformidades e anomalias cromossômicas"
2022,Estado,Região Sudeste,Minas Gerais,MG,Cap XVII,939,Q00–Q99,"Malformações congênitas, deformidades e anomalias cromossômicas"
2022,Estado,Região Sudeste,Espírito Santo,ES,Cap XVII,231,Q00–Q99,"Malformações congênitas, deformidades e anomalias cromossômicas"
2022,Estado,Região Sudeste,Rio de Janeiro,RJ,Cap XVII,687,Q00–Q99,"Malformações congênitas, deformidades e anomalias cromossômicas"
2022,Estado,Região Sudeste,São Paulo,SP,Cap XVII,1994,Q00–Q99,"Malformações congênitas, deformidades e anomalias cromossômicas"
2022,Regiao,Região Sul,,,Cap XVII,1517,Q00–Q99,"Malformações congênitas, deformidades e anomalias cromossômicas"
2022,Estado,Região Sul,Paraná,PR,Cap XVII,547,Q00–Q99,"Malformações congênitas, deformidades e anomalias cromossômicas"
2022,Estado,Região Sul,Santa Catarina,SC,Cap XVII,359,Q00–Q99,"Malformações congênitas, deformidades e anomalias cromossômicas"
2022,Estado,Região Sul,Rio Grande do Sul,RS,Cap XVII,611,Q00–Q99,"Malformações congênitas, deformidades e anomalias cromossômicas"
2022,Regiao,Região Centro-Oeste,,,Cap XVII,969,Q00–Q99,"Malformações congênitas, deformidades e anomalias cromossômicas"
2022,Estado,Região Centro-Oeste,Mato Grosso do Sul,MS,Cap XVII,166,Q00–Q99,"Malformações congênitas, deformidades e anomalias cromossômicas"
2022,Estado,Região Centro-Oeste,Mato Grosso,MT,Cap XVII,256,Q00–Q99,"Malformações congênitas, deformidades e anomalias cromossômicas"
2022,Estado,Região Centro-Oeste,Goiás,GO,Cap XVII,362,Q00–Q99,"Malformações congênitas, deformidades e anomalias cromossômicas"
2022,Estado,Região Centro-Oeste,Distrito Federal,DF,Cap XVII,185,Q00–Q99,"Malformações congênitas, deformidades e anomalias cromossômicas"
2023,Regiao,Região Norte,,,Cap XVII,1245,Q00–Q99,"Malformações congênitas, deformidades e anomalias cromossômicas"
2023,Estado,Região Norte,Rondônia,RO,Cap XVII,90,Q00–Q99,"Malformações congênitas, deformidades e anomalias cromossômicas"
2023,Estado,Região Norte,Acre,AC,Cap XVII,49,Q00–Q99,"Malformações congênitas, deformidades e anomalias cromossômicas"
2023,Estado,Região Norte,Amazonas,AM,Cap XVII,342,Q00–Q99,"Malformações congênitas, deformidades e anomalias cromossômicas"
2023,Estado,Região Norte,Roraima,RR,Cap XVII,69,Q00–Q99,"Malformações congênitas, deformidades e anomalias cromossômicas"
2023,Estado,Região Norte,Pará,PA,Cap XVII,500,Q00–Q99,"Malformações congênitas, deformidades e anomalias cromossômicas"
2023,Estado,Região Norte,Amapá,AP,Cap XVII,81,Q00–Q99,"Malformações congênitas, deformidades e anomalias cromossômicas"
2023,Estado,Região Norte,Tocantins,TO,Cap XVII,114,Q00–Q99,"Malformações congênitas, deformidades e anomalias cromossômicas"
2023,Regiao,Região Nordeste,,,Cap XVII,3127,Q00–Q99,"Malformações congênitas, deformidades e anomalias cromossômicas"
2023,Estado,Região Nordeste,Maranhão,MA,Cap XVII,444,Q00–Q99,"Malformações congênitas, deformidades e anomalias cromossômicas"
2023,Estado,Região Nordeste,Piauí,PI,Cap XVII,234,Q00–Q99,"Malformações congênitas, deformidades e anomalias cromossômicas"
2023,Estado,Região Nordeste,Ceará,CE,Cap XVII,458,Q00–Q99,"Malformações congênitas, deformidades e anomalias cromossômicas"
2023,Estado,Região Nordeste,Rio Grande do Norte,RN,Cap XVII,169,Q00–Q99,"Malformações congênitas, deformidades e anomalias cromossômicas"
2023,Estado,Região Nordeste,Paraíba,PB,Cap XVII,226,Q00–Q99,"Malformações congênitas, deformidades e anomalias cromossômicas"
2023,Estado,Região Nordeste,Pernambuco,PE,Cap XVII,550,Q00–Q99,"Malformações congênitas, deformidades e anomalias cromossômicas"
2023,Estado,Região Nordeste,Alagoas,AL,Cap XVII,160,Q00–Q99,"Malformações congênitas, deformidades e anomalias cromossômicas"
2023,Estado,Região Nordeste,Sergipe,SE,Cap XVII,150,Q00–Q99,"Malformações congênitas, deformidades e anomalias cromossômicas"
2023,Estado,Região Nordeste,Bahia,BA,Cap XVII,736,Q00–Q99,"Malformações congênitas, deformidades e anomalias cromossômicas"
2023,Regiao,Região Sudeste,,,Cap XVII,3856,Q00–Q99,"Malformações congênitas, deformidades e anomalias cromossômicas"
2023,Estado,Região Sudeste,Minas Gerais,MG,Cap XVII,991,Q00–Q99,"Malformações congênitas, deformidades e anomalias cromossômicas"
2023,Estado,Região Sudeste,Espírito Santo,ES,Cap XVII,246,Q00–Q99,"Malformações congênitas, deformidades e anomalias cromossômicas"
2023,Estado,Região Sudeste,Rio de Janeiro,RJ,Cap XVII,676,Q00–Q99,"Malformações congênitas, deformidades e anomalias cromossômicas"
2023,Estado,Região Sudeste,São Paulo,SP,Cap XVII,1943,Q00–Q99,"Malformações congênitas, deformidades e anomalias cromossômicas"
2023,Regiao,Região Sul,,,Cap XVII,1531,Q00–Q99,"Malformações congênitas, deformidades e anomalias cromossômicas"
2023,Estado,Região Sul,Paraná,PR,Cap XVII,609,Q00–Q99,"Malformações congênitas, deformidades e anomalias cromossômicas"
2023,Estado,Região Sul,Santa Catarina,SC,Cap XVII,363,Q00–Q99,"Malformações congênitas, deformidades e anomalias cromossômicas"
2023,Estado,Região Sul,Rio Grande do Sul,RS,Cap XVII,559,Q00–Q99,"Malformações congênitas, deformidades e anomalias cromossômicas"
2023,Regiao,Região Centro-Oeste,,,Cap XVII,1021,Q00–Q99,"Malformações congênitas, deformidades e anomalias cromossômicas"
2023,Estado,Região Centro-Oeste,Mato Grosso do Sul,MS,Cap XVII,199,Q00–Q99,"Malformações congênitas, deformidades e anomalias cromossômicas"
2023,Estado,Região Centro-Oeste,Mato Grosso,MT,Cap XVII,250,Q00–Q99,"Malformações congênitas, deformidades e anomalias cromossômicas"
2023,Estado,Região Centro-Oeste,Goiás,GO,Cap XVII,419,Q00–Q99,"Malformações congênitas, deformidades e anomalias cromossômicas"
2023,Estado,Região Centro-Oeste,Distrito Federal,DF,Cap XVII,153,Q00–Q99,"Malformações congênitas, deformidades e anomalias cromossômicas"
2024,Regiao,Região Norte,,,Cap XVII,1185,Q00–Q99,"Malformações congênitas, deformidades e anomalias cromossômicas"
2024,Estado,Região Norte,Rondônia,RO,Cap XVII,89,Q00–Q99,"Malformações congênitas, deformidades e anomalias cromossômicas"
2024,Estado,Região Norte,Acre,AC,Cap XVII,66,Q00–Q99,"Malformações congênitas, deformidades e anomalias cromossômicas"
2024,Estado,Região Norte,Amazonas,AM,Cap XVII,323,Q00–Q99,"Malformações congênitas, deformidades e anomalias cromossômicas"
2024,Estado,Região Norte,Roraima,RR,Cap XVII,56,Q00–Q99,"Malformações congênitas, deformidades e anomalias cromossômicas"
2024,Estado,Região Norte,Pará,PA,Cap XVII,482,Q00–Q99,"Malformações congênitas, deformidades e anomalias cromossômicas"
2024,Estado,Região Norte,Amapá,AP,Cap XVII,60,Q00–Q99,"Malformações congênitas, deformidades e anomalias cromossômicas"
2024,Estado,Região Norte,Tocantins,TO,Cap XVII,109,Q00–Q99,"Malformações congênitas, deformidades e anomalias cromossômicas"
2024,Regiao,Região Nordeste,,,Cap XVII,2905,Q00–Q99,"Malformações congênitas, deformidades e anomalias cromossômicas"
2024,Estado,Região Nordeste,Maranhão,MA,Cap XVII,363,Q00–Q99,"Malformações congênitas, deformidades e anomalias cromossômicas"
2024,Estado,Região Nordeste,Piauí,PI,Cap XVII,196,Q00–Q99,"Malformações congênitas, deformidades e anomalias cromossômicas"
2024,Estado,Região Nordeste,Ceará,CE,Cap XVII,460,Q00–Q99,"Malformações congênitas, deformidades e anomalias cromossômicas"
2024,Estado,Região Nordeste,Rio Grande do Norte,RN,Cap XVII,157,Q00–Q99,"Malformações congênitas, deformidades e anomalias cromossômicas"
2024,Estado,Região Nordeste,Paraíba,PB,Cap XVII,183,Q00–Q99,"Malformações congênitas, deformidades e anomalias cromossômicas"
2024,Estado,Região Nordeste,Pernambuco,PE,Cap XVII,520,Q00–Q99,"Malformações congênitas, deformidades e anomalias cromossômicas"
2024,Estado,Região Nordeste,Alagoas,AL,Cap XVII,153,Q00–Q99,"Malformações congênitas, deformidades e anomalias cromossômicas"
2024,Estado,Região Nordeste,Sergipe,SE,Cap XVII,131,Q00–Q99,"Malformações congênitas, deformidades e anomalias cromossômicas"
2024,Estado,Região Nordeste,Bahia,BA,Cap XVII,742,Q00–Q99,"Malformações congênitas, deformidades e anomalias cromossômicas"
2024,Regiao,Região Sudeste,,,Cap XVII,3692,Q00–Q99,"Malformações congênitas, deformidades e anomalias cromossômicas"
2024,Estado,Região Sudeste,Minas Gerais,MG,Cap XVII,934,Q00–Q99,"Malformações congênitas, deformidades e anomalias cromossômicas"
2024,Estado,Região Sudeste,Espírito Santo,ES,Cap XVII,242,Q00–Q99,"Malformações congênitas, deformidades e anomalias cromossômicas"
2024,Estado,Região Sudeste,Rio de Janeiro,RJ,Cap XVII,639,Q00–Q99,"Malformações congênitas, deformidades e anomalias cromossômicas"
2024,Estado,Região Sudeste,São Paulo,SP,Cap XVII,1877,Q00–Q99,"Malformações congênitas, deformidades e anomalias cromossômicas"
2024,Regiao,Região Sul,,,Cap XVII,1531,Q00–Q99,"Malformações congênitas, deformidades e anomalias cromossômicas"
2024,Estado,Região Sul,Paraná,PR,Cap XVII,611,Q00–Q99,"Malformações congênitas, deformidades e anomalias cromossômicas"
2024,Estado,Região Sul,Santa Catarina,SC,Cap XVII,379,Q00–Q99,"Malformações congênitas, deformidades e anomalias cromossômicas"
2024,Estado,Região Sul,Rio Grande do Sul,RS,Cap XVII,541,Q00–Q99,"Malformações congênitas, deformidades e anomalias cromossômicas"
2024,Regiao,Região Centro-Oeste,,,Cap XVII,1005,Q00–Q99,"Malformações congênitas, deformidades e anomalias cromossômicas"
2024,Estado,Região Centro-Oeste,Mato Grosso do Sul,MS,Cap XVII,189,Q00–Q99,"Malformações congênitas, deformidades e anomalias cromossômicas"
2024,Estado,Região Centro-Oeste,Mato Grosso,MT,Cap XVII,254,Q00–Q99,"Malformações congênitas, deformidades e anomalias cromossômicas"
2024,Estado,Região Centro-Oeste,Goiás,GO,Cap XVII,410,Q00–Q99,"Malformações congênitas, deformidades e anomalias cromossômicas"
2024,Estado,Região Centro-Oeste,Distrito Federal,DF,Cap XVII,152,Q00–Q99,"Malformações congênitas, deformidades e anomalias cromossômicas"
2025,Regiao,Região Norte,,,Cap XVII,1169,Q00–Q99,"Malformações congênitas, deformidades e anomalias cromossômicas"
2025,Estado,Região Norte,Rondônia,RO,Cap XVII,87,Q00–Q99,"Malformações congênitas, deformidades e anomalias cromossômicas"
2025,Estado,Região Norte,Acre,AC,Cap XVII,60,Q00–Q99,"Malformações congênitas, deformidades e anomalias cromossômicas"
2025,Estado,Região Norte,Amazonas,AM,Cap XVII,305,Q00–Q99,"Malformações congênitas, deformidades e anomalias cromossômicas"
2025,Estado,Região Norte,Roraima,RR,Cap XVII,53,Q00–Q99,"Malformações congênitas, deformidades e anomalias cromossômicas"
2025,Estado,Região Norte,Pará,PA,Cap XVII,495,Q00–Q99,"Malformações congênitas, deformidades e anomalias cromossômicas"
2025,Estado,Região Norte,Amapá,AP,Cap XVII,52,Q00–Q99,"Malformações congênitas, deformidades e anomalias cromossômicas"
2025,Estado,Região Norte,Tocantins,TO,Cap XVII,117,Q00–Q99,"Malformações congênitas, deformidades e anomalias cromossômicas"
2025,Regiao,Região Nordeste,,,Cap XVII,3011,Q00–Q99,"Malformações congênitas, deformidades e anomalias cromossômicas"
2025,Estado,Região Nordeste,Maranhão,MA,Cap XVII,373,Q00–Q99,"Malformações congênitas, deformidades e anomalias cromossômicas"
2025,Estado,Região Nordeste,Piauí,PI,Cap XVII,211,Q00–Q99,"Malformações congênitas, deformidades e anomalias cromossômicas"
2025,Estado,Região Nordeste,Ceará,CE,Cap XVII,413,Q00–Q99,"Malformações congênitas, deformidades e anomalias cromossômicas"
2025,Estado,Região Nordeste,Rio Grande do Norte,RN,Cap XVII,159,Q00–Q99,"Malformações congênitas, deformidades e anomalias cromossômicas"
2025,Estado,Região Nordeste,Paraíba,PB,Cap XVII,212,Q00–Q99,"Malformações congênitas, deformidades e anomalias cromossômicas"
2025,Estado,Região Nordeste,Pernambuco,PE,Cap XVII,582,Q00–Q99,"Malformações congênitas, deformidades e anomalias cromossômicas"
2025,Estado,Região Nordeste,Alagoas,AL,Cap XVII,173,Q00–Q99,"Malformações congênitas, deformidades e anomalias cromossômicas"
2025,Estado,Região Nordeste,Sergipe,SE,Cap XVII,128,Q00–Q99,"Malformações congênitas, deformidades e anomalias cromossômicas"
2025,Estado,Região Nordeste,Bahia,BA,Cap XVII,760,Q00–Q99,"Malformações congênitas, deformidades e anomalias cromossômicas"
2025,Regiao,Região Sudeste,,,Cap XVII,3790,Q00–Q99,"Malformações congênitas, deformidades e anomalias cromossômicas"
2025,Estado,Região Sudeste,Minas Gerais,MG,Cap XVII,925,Q00–Q99,"Malformações congênitas, deformidades e anomalias cromossômicas"
2025,Estado,Região Sudeste,Espírito Santo,ES,Cap XVII,275,Q00–Q99,"Malformações congênitas, deformidades e anomalias cromossômicas"
2025,Estado,Região Sudeste,Rio de Janeiro,RJ,Cap XVII,690,Q00–Q99,"Malformações congênitas, deformidades e anomalias cromossômicas"
2025,Estado,Região Sudeste,São Paulo,SP,Cap XVII,1900,Q00–Q99,"Malformações congênitas, deformidades e anomalias cromossômicas"
2025,Regiao,Região Sul,,,Cap XVII,1456,Q00–Q99,"Malformações congênitas, deformidades e anomalias cromossômicas"
2025,Estado,Região Sul,Paraná,PR,Cap XVII,573,Q00–Q99,"Malformações congênitas, deformidades e anomalias cromossômicas"
2025,Estado,Região Sul,Santa Catarina,SC,Cap XVII,364,Q00–Q99,"Malformações congênitas, deformidades e anomalias cromossômicas"
2025,Estado,Região Sul,Rio Grande do Sul,RS,Cap XVII,519,Q00–Q99,"Malformações congênitas, deformidades e anomalias cromossômicas"
2025,Regiao,Região Centro-Oeste,,,Cap XVII,973,Q00–Q99,"Malformações congênitas, deformidades e anomalias cromossômicas"
2025,Estado,Região Centro-Oeste,Mato Grosso do Sul,MS,Cap XVII,187,Q00–Q99,"Malformações congênitas, deformidades e anomalias cromossômicas"
2025,Estado,Região Centro-Oeste,Mato Grosso,MT,Cap XVII,248,Q00–Q99,"Malformações congênitas, deformidades e anomalias cromossômicas"
2025,Estado,Região Centro-Oeste,Goiás,GO,Cap XVII,394,Q00–Q99,"Malformações congênitas, deformidades e anomalias cromossômicas"
2025,Estado,Região Centro-Oeste,Distrito Federal,DF,Cap XVII,144,Q00–Q99,"Malformações congênitas, deformidades e anomalias cromossômicas"
2026,Regiao,Região Norte,,,Cap XVII,354,Q00–Q99,"Malformações congênitas, deformidades e anomalias cromossômicas"
2026,Estado,Região Norte,Rondônia,RO,Cap XVII,25,Q00–Q99,"Malformações congênitas, deformidades e anomalias cromossômicas"
2026,Estado,Região Norte,Acre,AC,Cap XVII,19,Q00–Q99,"Malformações congênitas, deformidades e anomalias cromossômicas"
2026,Estado,Região Norte,Amazonas,AM,Cap XVII,71,Q00–Q99,"Malformações congênitas, deformidades e anomalias cromossômicas"
2026,Estado,Região Norte,Roraima,RR,Cap XVII,14,Q00–Q99,"Malformações congênitas, deformidades e anomalias cromossômicas"
2026,Estado,Região Norte,Pará,PA,Cap XVII,164,Q00–Q99,"Malformações congênitas, deformidades e anomalias cromossômicas"
2026,Estado,Região Norte,Amapá,AP,Cap XVII,22,Q00–Q99,"Malformações congênitas, deformidades e anomalias cromossômicas"
2026,Estado,Região Norte,Tocantins,TO,Cap XVII,39,Q00–Q99,"Malformações congênitas, deformidades e anomalias cromossômicas"
2026,Regiao,Região Nordeste,,,Cap XVII,1067,Q00–Q99,"Malformações congênitas, deformidades e anomalias cromossômicas"
2026,Estado,Região Nordeste,Maranhão,MA,Cap XVII,130,Q00–Q99,"Malformações congênitas, deformidades e anomalias cromossômicas"
2026,Estado,Região Nordeste,Piauí,PI,Cap XVII,56,Q00–Q99,"Malformações congênitas, deformidades e anomalias cromossômicas"
2026,Estado,Região Nordeste,Ceará,CE,Cap XVII,156,Q00–Q99,"Malformações congênitas, deformidades e anomalias cromossômicas"
2026,Estado,Região Nordeste,Rio Grande do Norte,RN,Cap XVII,61,Q00–Q99,"Malformações congênitas, deformidades e anomalias cromossômicas"
2026,Estado,Região Nordeste,Paraíba,PB,Cap XVII,71,Q00–Q99,"Malformações congênitas, deformidades e anomalias cromossômicas"
2026,Estado,Região Nordeste,Pernambuco,PE,Cap XVII,196,Q00–Q99,"Malformações congênitas, deformidades e anomalias cromossômicas"
2026,Estado,Região Nordeste,Alagoas,AL,Cap XVII,82,Q00–Q99,"Malformações congênitas, deformidades e anomalias cromossômicas"
2026,Estado,Região Nordeste,Sergipe,SE,Cap XVII,36,Q00–Q99,"Malformações congênitas, deformidades e anomalias cromossômicas"
2026,Estado,Região Nordeste,Bahia,BA,Cap XVII,279,Q00–Q99,"Malformações congênitas, deformidades e anomalias cromossômicas"
2026,Regiao,Região Sudeste,,,Cap XVII,1218,Q00–Q99,"Malformações congênitas, deformidades e anomalias cromossômicas"
2026,Estado,Região Sudeste,Minas Gerais,MG,Cap XVII,284,Q00–Q99,"Malformações congênitas, deformidades e anomalias cromossômicas"
2026,Estado,Região Sudeste,Espírito Santo,ES,Cap XVII,88,Q00–Q99,"Malformações congênitas, deformidades e anomalias cromossômicas"
2026,Estado,Região Sudeste,Rio de Janeiro,RJ,Cap XVII,226,Q00–Q99,"Malformações congênitas, deformidades e anomalias cromossômicas"
2026,Estado,Região Sudeste,São Paulo,SP,Cap XVII,620,Q00–Q99,"Malformações congênitas, deformidades e anomalias cromossômicas"
2026,Regiao,Região Sul,,,Cap XVII,492,Q00–Q99,"Malformações congênitas, deformidades e anomalias cromossômicas"
2026,Estado,Região Sul,Paraná,PR,Cap XVII,184,Q00–Q99,"Malformações congênitas, deformidades e anomalias cromossômicas"
2026,Estado,Região Sul,Santa Catarina,SC,Cap XVII,141,Q00–Q99,"Malformações congênitas, deformidades e anomalias cromossômicas"
2026,Estado,Região Sul,Rio Grande do Sul,RS,Cap XVII,167,Q00–Q99,"Malformações congênitas, deformidades e anomalias cromossômicas"
2026,Regiao,Região Centro-Oeste,,,Cap XVII,289,Q00–Q99,"Malformações congênitas, deformidades e anomalias cromossômicas"
2026,Estado,Região Centro-Oeste,Mato Grosso do Sul,MS,Cap XVII,54,Q00–Q99,"Malformações congênitas, deformidades e anomalias cromossômicas"
2026,Estado,Região Centro-Oeste,Mato Grosso,MT,Cap XVII,78,Q00–Q99,"Malformações congênitas, deformidades e anomalias cromossômicas"
2026,Estado,Região Centro-Oeste,Goiás,GO,Cap XVII,112,Q00–Q99,"Malformações congênitas, deformidades e anomalias cromossômicas"
2026,Estado,Região Centro-Oeste,Distrito Federal,DF,Cap XVII,45,Q00–Q99,"Malformações congênitas, deformidades e anomalias cromossômicas"
2016,Regiao,Região Norte,,,Cap XVIII,6243,R00–R99,"Sintomas, sinais e achados anormais de exames clínicos e laboratoriais"
2016,Estado,Região Norte,Rondônia,RO,Cap XVIII,511,R00–R99,"Sintomas, sinais e achados anormais de exames clínicos e laboratoriais"
2016,Estado,Região Norte,Acre,AC,Cap XVIII,243,R00–R99,"Sintomas, sinais e achados anormais de exames clínicos e laboratoriais"
2016,Estado,Região Norte,Amazonas,AM,Cap XVIII,2087,R00–R99,"Sintomas, sinais e achados anormais de exames clínicos e laboratoriais"
2016,Estado,Região Norte,Roraima,RR,Cap XVIII,106,R00–R99,"Sintomas, sinais e achados anormais de exames clínicos e laboratoriais"
2016,Estado,Região Norte,Pará,PA,Cap XVIII,2903,R00–R99,"Sintomas, sinais e achados anormais de exames clínicos e laboratoriais"
2016,Estado,Região Norte,Amapá,AP,Cap XVIII,231,R00–R99,"Sintomas, sinais e achados anormais de exames clínicos e laboratoriais"
2016,Estado,Região Norte,Tocantins,TO,Cap XVIII,162,R00–R99,"Sintomas, sinais e achados anormais de exames clínicos e laboratoriais"
2016,Regiao,Região Nordeste,,,Cap XVIII,25057,R00–R99,"Sintomas, sinais e achados anormais de exames clínicos e laboratoriais"
2016,Estado,Região Nordeste,Maranhão,MA,Cap XVIII,1786,R00–R99,"Sintomas, sinais e achados anormais de exames clínicos e laboratoriais"
2016,Estado,Região Nordeste,Piauí,PI,Cap XVIII,735,R00–R99,"Sintomas, sinais e achados anormais de exames clínicos e laboratoriais"
2016,Estado,Região Nordeste,Ceará,CE,Cap XVIII,3331,R00–R99,"Sintomas, sinais e achados anormais de exames clínicos e laboratoriais"
2016,Estado,Região Nordeste,Rio Grande do Norte,RN,Cap XVIII,889,R00–R99,"Sintomas, sinais e achados anormais de exames clínicos e laboratoriais"
2016,Estado,Região Nordeste,Paraíba,PB,Cap XVIII,1757,R00–R99,"Sintomas, sinais e achados anormais de exames clínicos e laboratoriais"
2016,Estado,Região Nordeste,Pernambuco,PE,Cap XVIII,2696,R00–R99,"Sintomas, sinais e achados anormais de exames clínicos e laboratoriais"
2016,Estado,Região Nordeste,Alagoas,AL,Cap XVIII,930,R00–R99,"Sintomas, sinais e achados anormais de exames clínicos e laboratoriais"
2016,Estado,Região Nordeste,Sergipe,SE,Cap XVIII,855,R00–R99,"Sintomas, sinais e achados anormais de exames clínicos e laboratoriais"
2016,Estado,Região Nordeste,Bahia,BA,Cap XVIII,12078,R00–R99,"Sintomas, sinais e achados anormais de exames clínicos e laboratoriais"
2016,Regiao,Região Sudeste,,,Cap XVIII,34121,R00–R99,"Sintomas, sinais e achados anormais de exames clínicos e laboratoriais"
2016,Estado,Região Sudeste,Minas Gerais,MG,Cap XVIII,10960,R00–R99,"Sintomas, sinais e achados anormais de exames clínicos e laboratoriais"
2016,Estado,Região Sudeste,Espírito Santo,ES,Cap XVIII,234,R00–R99,"Sintomas, sinais e achados anormais de exames clínicos e laboratoriais"
2016,Estado,Região Sudeste,Rio de Janeiro,RJ,Cap XVIII,7915,R00–R99,"Sintomas, sinais e achados anormais de exames clínicos e laboratoriais"
2016,Estado,Região Sudeste,São Paulo,SP,Cap XVIII,15012,R00–R99,"Sintomas, sinais e achados anormais de exames clínicos e laboratoriais"
2016,Regiao,Região Sul,,,Cap XVIII,7872,R00–R99,"Sintomas, sinais e achados anormais de exames clínicos e laboratoriais"
2016,Estado,Região Sul,Paraná,PR,Cap XVIII,2639,R00–R99,"Sintomas, sinais e achados anormais de exames clínicos e laboratoriais"
2016,Estado,Região Sul,Santa Catarina,SC,Cap XVIII,1151,R00–R99,"Sintomas, sinais e achados anormais de exames clínicos e laboratoriais"
2016,Estado,Região Sul,Rio Grande do Sul,RS,Cap XVIII,4082,R00–R99,"Sintomas, sinais e achados anormais de exames clínicos e laboratoriais"
2016,Regiao,Região Centro-Oeste,,,Cap XVIII,2576,R00–R99,"Sintomas, sinais e achados anormais de exames clínicos e laboratoriais"
2016,Estado,Região Centro-Oeste,Mato Grosso do Sul,MS,Cap XVIII,411,R00–R99,"Sintomas, sinais e achados anormais de exames clínicos e laboratoriais"
2016,Estado,Região Centro-Oeste,Mato Grosso,MT,Cap XVIII,1037,R00–R99,"Sintomas, sinais e achados anormais de exames clínicos e laboratoriais"
2016,Estado,Região Centro-Oeste,Goiás,GO,Cap XVIII,900,R00–R99,"Sintomas, sinais e achados anormais de exames clínicos e laboratoriais"
2016,Estado,Região Centro-Oeste,Distrito Federal,DF,Cap XVIII,228,R00–R99,"Sintomas, sinais e achados anormais de exames clínicos e laboratoriais"
2017,Regiao,Região Norte,,,Cap XVIII,5876,R00–R99,"Sintomas, sinais e achados anormais de exames clínicos e laboratoriais"
2017,Estado,Região Norte,Rondônia,RO,Cap XVIII,469,R00–R99,"Sintomas, sinais e achados anormais de exames clínicos e laboratoriais"
2017,Estado,Região Norte,Acre,AC,Cap XVIII,139,R00–R99,"Sintomas, sinais e achados anormais de exames clínicos e laboratoriais"
2017,Estado,Região Norte,Amazonas,AM,Cap XVIII,2147,R00–R99,"Sintomas, sinais e achados anormais de exames clínicos e laboratoriais"
2017,Estado,Região Norte,Roraima,RR,Cap XVIII,75,R00–R99,"Sintomas, sinais e achados anormais de exames clínicos e laboratoriais"
2017,Estado,Região Norte,Pará,PA,Cap XVIII,2686,R00–R99,"Sintomas, sinais e achados anormais de exames clínicos e laboratoriais"
2017,Estado,Região Norte,Amapá,AP,Cap XVIII,240,R00–R99,"Sintomas, sinais e achados anormais de exames clínicos e laboratoriais"
2017,Estado,Região Norte,Tocantins,TO,Cap XVIII,120,R00–R99,"Sintomas, sinais e achados anormais de exames clínicos e laboratoriais"
2017,Regiao,Região Nordeste,,,Cap XVIII,22565,R00–R99,"Sintomas, sinais e achados anormais de exames clínicos e laboratoriais"
2017,Estado,Região Nordeste,Maranhão,MA,Cap XVIII,1871,R00–R99,"Sintomas, sinais e achados anormais de exames clínicos e laboratoriais"
2017,Estado,Região Nordeste,Piauí,PI,Cap XVIII,874,R00–R99,"Sintomas, sinais e achados anormais de exames clínicos e laboratoriais"
2017,Estado,Região Nordeste,Ceará,CE,Cap XVIII,2173,R00–R99,"Sintomas, sinais e achados anormais de exames clínicos e laboratoriais"
2017,Estado,Região Nordeste,Rio Grande do Norte,RN,Cap XVIII,649,R00–R99,"Sintomas, sinais e achados anormais de exames clínicos e laboratoriais"
2017,Estado,Região Nordeste,Paraíba,PB,Cap XVIII,1572,R00–R99,"Sintomas, sinais e achados anormais de exames clínicos e laboratoriais"
2017,Estado,Região Nordeste,Pernambuco,PE,Cap XVIII,2045,R00–R99,"Sintomas, sinais e achados anormais de exames clínicos e laboratoriais"
2017,Estado,Região Nordeste,Alagoas,AL,Cap XVIII,820,R00–R99,"Sintomas, sinais e achados anormais de exames clínicos e laboratoriais"
2017,Estado,Região Nordeste,Sergipe,SE,Cap XVIII,923,R00–R99,"Sintomas, sinais e achados anormais de exames clínicos e laboratoriais"
2017,Estado,Região Nordeste,Bahia,BA,Cap XVIII,11638,R00–R99,"Sintomas, sinais e achados anormais de exames clínicos e laboratoriais"
2017,Regiao,Região Sudeste,,,Cap XVIII,33915,R00–R99,"Sintomas, sinais e achados anormais de exames clínicos e laboratoriais"
2017,Estado,Região Sudeste,Minas Gerais,MG,Cap XVIII,10583,R00–R99,"Sintomas, sinais e achados anormais de exames clínicos e laboratoriais"
2017,Estado,Região Sudeste,Espírito Santo,ES,Cap XVIII,179,R00–R99,"Sintomas, sinais e achados anormais de exames clínicos e laboratoriais"
2017,Estado,Região Sudeste,Rio de Janeiro,RJ,Cap XVIII,9320,R00–R99,"Sintomas, sinais e achados anormais de exames clínicos e laboratoriais"
2017,Estado,Região Sudeste,São Paulo,SP,Cap XVIII,13833,R00–R99,"Sintomas, sinais e achados anormais de exames clínicos e laboratoriais"
2017,Regiao,Região Sul,,,Cap XVIII,6951,R00–R99,"Sintomas, sinais e achados anormais de exames clínicos e laboratoriais"
2017,Estado,Região Sul,Paraná,PR,Cap XVIII,1692,R00–R99,"Sintomas, sinais e achados anormais de exames clínicos e laboratoriais"
2017,Estado,Região Sul,Santa Catarina,SC,Cap XVIII,1177,R00–R99,"Sintomas, sinais e achados anormais de exames clínicos e laboratoriais"
2017,Estado,Região Sul,Rio Grande do Sul,RS,Cap XVIII,4082,R00–R99,"Sintomas, sinais e achados anormais de exames clínicos e laboratoriais"
2017,Regiao,Região Centro-Oeste,,,Cap XVIII,2515,R00–R99,"Sintomas, sinais e achados anormais de exames clínicos e laboratoriais"
2017,Estado,Região Centro-Oeste,Mato Grosso do Sul,MS,Cap XVIII,254,R00–R99,"Sintomas, sinais e achados anormais de exames clínicos e laboratoriais"
2017,Estado,Região Centro-Oeste,Mato Grosso,MT,Cap XVIII,1036,R00–R99,"Sintomas, sinais e achados anormais de exames clínicos e laboratoriais"
2017,Estado,Região Centro-Oeste,Goiás,GO,Cap XVIII,961,R00–R99,"Sintomas, sinais e achados anormais de exames clínicos e laboratoriais"
2017,Estado,Região Centro-Oeste,Distrito Federal,DF,Cap XVIII,264,R00–R99,"Sintomas, sinais e achados anormais de exames clínicos e laboratoriais"
2018,Regiao,Região Norte,,,Cap XVIII,6165,R00–R99,"Sintomas, sinais e achados anormais de exames clínicos e laboratoriais"
2018,Estado,Região Norte,Rondônia,RO,Cap XVIII,505,R00–R99,"Sintomas, sinais e achados anormais de exames clínicos e laboratoriais"
2018,Estado,Região Norte,Acre,AC,Cap XVIII,213,R00–R99,"Sintomas, sinais e achados anormais de exames clínicos e laboratoriais"
2018,Estado,Região Norte,Amazonas,AM,Cap XVIII,2158,R00–R99,"Sintomas, sinais e achados anormais de exames clínicos e laboratoriais"
2018,Estado,Região Norte,Roraima,RR,Cap XVIII,67,R00–R99,"Sintomas, sinais e achados anormais de exames clínicos e laboratoriais"
2018,Estado,Região Norte,Pará,PA,Cap XVIII,2837,R00–R99,"Sintomas, sinais e achados anormais de exames clínicos e laboratoriais"
2018,Estado,Região Norte,Amapá,AP,Cap XVIII,218,R00–R99,"Sintomas, sinais e achados anormais de exames clínicos e laboratoriais"
2018,Estado,Região Norte,Tocantins,TO,Cap XVIII,167,R00–R99,"Sintomas, sinais e achados anormais de exames clínicos e laboratoriais"
2018,Regiao,Região Nordeste,,,Cap XVIII,20310,R00–R99,"Sintomas, sinais e achados anormais de exames clínicos e laboratoriais"
2018,Estado,Região Nordeste,Maranhão,MA,Cap XVIII,1790,R00–R99,"Sintomas, sinais e achados anormais de exames clínicos e laboratoriais"
2018,Estado,Região Nordeste,Piauí,PI,Cap XVIII,859,R00–R99,"Sintomas, sinais e achados anormais de exames clínicos e laboratoriais"
2018,Estado,Região Nordeste,Ceará,CE,Cap XVIII,1725,R00–R99,"Sintomas, sinais e achados anormais de exames clínicos e laboratoriais"
2018,Estado,Região Nordeste,Rio Grande do Norte,RN,Cap XVIII,629,R00–R99,"Sintomas, sinais e achados anormais de exames clínicos e laboratoriais"
2018,Estado,Região Nordeste,Paraíba,PB,Cap XVIII,1456,R00–R99,"Sintomas, sinais e achados anormais de exames clínicos e laboratoriais"
2018,Estado,Região Nordeste,Pernambuco,PE,Cap XVIII,1852,R00–R99,"Sintomas, sinais e achados anormais de exames clínicos e laboratoriais"
2018,Estado,Região Nordeste,Alagoas,AL,Cap XVIII,696,R00–R99,"Sintomas, sinais e achados anormais de exames clínicos e laboratoriais"
2018,Estado,Região Nordeste,Sergipe,SE,Cap XVIII,957,R00–R99,"Sintomas, sinais e achados anormais de exames clínicos e laboratoriais"
2018,Estado,Região Nordeste,Bahia,BA,Cap XVIII,10346,R00–R99,"Sintomas, sinais e achados anormais de exames clínicos e laboratoriais"
2018,Regiao,Região Sudeste,,,Cap XVIII,34634,R00–R99,"Sintomas, sinais e achados anormais de exames clínicos e laboratoriais"
2018,Estado,Região Sudeste,Minas Gerais,MG,Cap XVIII,9446,R00–R99,"Sintomas, sinais e achados anormais de exames clínicos e laboratoriais"
2018,Estado,Região Sudeste,Espírito Santo,ES,Cap XVIII,164,R00–R99,"Sintomas, sinais e achados anormais de exames clínicos e laboratoriais"
2018,Estado,Região Sudeste,Rio de Janeiro,RJ,Cap XVIII,10605,R00–R99,"Sintomas, sinais e achados anormais de exames clínicos e laboratoriais"
2018,Estado,Região Sudeste,São Paulo,SP,Cap XVIII,14419,R00–R99,"Sintomas, sinais e achados anormais de exames clínicos e laboratoriais"
2018,Regiao,Região Sul,,,Cap XVIII,7197,R00–R99,"Sintomas, sinais e achados anormais de exames clínicos e laboratoriais"
2018,Estado,Região Sul,Paraná,PR,Cap XVIII,1604,R00–R99,"Sintomas, sinais e achados anormais de exames clínicos e laboratoriais"
2018,Estado,Região Sul,Santa Catarina,SC,Cap XVIII,1283,R00–R99,"Sintomas, sinais e achados anormais de exames clínicos e laboratoriais"
2018,Estado,Região Sul,Rio Grande do Sul,RS,Cap XVIII,4310,R00–R99,"Sintomas, sinais e achados anormais de exames clínicos e laboratoriais"
2018,Regiao,Região Centro-Oeste,,,Cap XVIII,2199,R00–R99,"Sintomas, sinais e achados anormais de exames clínicos e laboratoriais"
2018,Estado,Região Centro-Oeste,Mato Grosso do Sul,MS,Cap XVIII,330,R00–R99,"Sintomas, sinais e achados anormais de exames clínicos e laboratoriais"
2018,Estado,Região Centro-Oeste,Mato Grosso,MT,Cap XVIII,1040,R00–R99,"Sintomas, sinais e achados anormais de exames clínicos e laboratoriais"
2018,Estado,Região Centro-Oeste,Goiás,GO,Cap XVIII,596,R00–R99,"Sintomas, sinais e achados anormais de exames clínicos e laboratoriais"
2018,Estado,Região Centro-Oeste,Distrito Federal,DF,Cap XVIII,233,R00–R99,"Sintomas, sinais e achados anormais de exames clínicos e laboratoriais"
2019,Regiao,Região Norte,,,Cap XVIII,7034,R00–R99,"Sintomas, sinais e achados anormais de exames clínicos e laboratoriais"
2019,Estado,Região Norte,Rondônia,RO,Cap XVIII,521,R00–R99,"Sintomas, sinais e achados anormais de exames clínicos e laboratoriais"
2019,Estado,Região Norte,Acre,AC,Cap XVIII,311,R00–R99,"Sintomas, sinais e achados anormais de exames clínicos e laboratoriais"
2019,Estado,Região Norte,Amazonas,AM,Cap XVIII,2317,R00–R99,"Sintomas, sinais e achados anormais de exames clínicos e laboratoriais"
2019,Estado,Região Norte,Roraima,RR,Cap XVIII,93,R00–R99,"Sintomas, sinais e achados anormais de exames clínicos e laboratoriais"
2019,Estado,Região Norte,Pará,PA,Cap XVIII,3290,R00–R99,"Sintomas, sinais e achados anormais de exames clínicos e laboratoriais"
2019,Estado,Região Norte,Amapá,AP,Cap XVIII,250,R00–R99,"Sintomas, sinais e achados anormais de exames clínicos e laboratoriais"
2019,Estado,Região Norte,Tocantins,TO,Cap XVIII,252,R00–R99,"Sintomas, sinais e achados anormais de exames clínicos e laboratoriais"
2019,Regiao,Região Nordeste,,,Cap XVIII,21994,R00–R99,"Sintomas, sinais e achados anormais de exames clínicos e laboratoriais"
2019,Estado,Região Nordeste,Maranhão,MA,Cap XVIII,1712,R00–R99,"Sintomas, sinais e achados anormais de exames clínicos e laboratoriais"
2019,Estado,Região Nordeste,Piauí,PI,Cap XVIII,897,R00–R99,"Sintomas, sinais e achados anormais de exames clínicos e laboratoriais"
2019,Estado,Região Nordeste,Ceará,CE,Cap XVIII,1643,R00–R99,"Sintomas, sinais e achados anormais de exames clínicos e laboratoriais"
2019,Estado,Região Nordeste,Rio Grande do Norte,RN,Cap XVIII,675,R00–R99,"Sintomas, sinais e achados anormais de exames clínicos e laboratoriais"
2019,Estado,Região Nordeste,Paraíba,PB,Cap XVIII,1585,R00–R99,"Sintomas, sinais e achados anormais de exames clínicos e laboratoriais"
2019,Estado,Região Nordeste,Pernambuco,PE,Cap XVIII,2046,R00–R99,"Sintomas, sinais e achados anormais de exames clínicos e laboratoriais"
2019,Estado,Região Nordeste,Alagoas,AL,Cap XVIII,940,R00–R99,"Sintomas, sinais e achados anormais de exames clínicos e laboratoriais"
2019,Estado,Região Nordeste,Sergipe,SE,Cap XVIII,1108,R00–R99,"Sintomas, sinais e achados anormais de exames clínicos e laboratoriais"
2019,Estado,Região Nordeste,Bahia,BA,Cap XVIII,11388,R00–R99,"Sintomas, sinais e achados anormais de exames clínicos e laboratoriais"
2019,Regiao,Região Sudeste,,,Cap XVIII,36049,R00–R99,"Sintomas, sinais e achados anormais de exames clínicos e laboratoriais"
2019,Estado,Região Sudeste,Minas Gerais,MG,Cap XVIII,9301,R00–R99,"Sintomas, sinais e achados anormais de exames clínicos e laboratoriais"
2019,Estado,Região Sudeste,Espírito Santo,ES,Cap XVIII,208,R00–R99,"Sintomas, sinais e achados anormais de exames clínicos e laboratoriais"
2019,Estado,Região Sudeste,Rio de Janeiro,RJ,Cap XVIII,12027,R00–R99,"Sintomas, sinais e achados anormais de exames clínicos e laboratoriais"
2019,Estado,Região Sudeste,São Paulo,SP,Cap XVIII,14513,R00–R99,"Sintomas, sinais e achados anormais de exames clínicos e laboratoriais"
2019,Regiao,Região Sul,,,Cap XVIII,7253,R00–R99,"Sintomas, sinais e achados anormais de exames clínicos e laboratoriais"
2019,Estado,Região Sul,Paraná,PR,Cap XVIII,1785,R00–R99,"Sintomas, sinais e achados anormais de exames clínicos e laboratoriais"
2019,Estado,Região Sul,Santa Catarina,SC,Cap XVIII,1240,R00–R99,"Sintomas, sinais e achados anormais de exames clínicos e laboratoriais"
2019,Estado,Região Sul,Rio Grande do Sul,RS,Cap XVIII,4228,R00–R99,"Sintomas, sinais e achados anormais de exames clínicos e laboratoriais"
2019,Regiao,Região Centro-Oeste,,,Cap XVIII,2642,R00–R99,"Sintomas, sinais e achados anormais de exames clínicos e laboratoriais"
2019,Estado,Região Centro-Oeste,Mato Grosso do Sul,MS,Cap XVIII,513,R00–R99,"Sintomas, sinais e achados anormais de exames clínicos e laboratoriais"
2019,Estado,Região Centro-Oeste,Mato Grosso,MT,Cap XVIII,1035,R00–R99,"Sintomas, sinais e achados anormais de exames clínicos e laboratoriais"
2019,Estado,Região Centro-Oeste,Goiás,GO,Cap XVIII,828,R00–R99,"Sintomas, sinais e achados anormais de exames clínicos e laboratoriais"
2019,Estado,Região Centro-Oeste,Distrito Federal,DF,Cap XVIII,266,R00–R99,"Sintomas, sinais e achados anormais de exames clínicos e laboratoriais"
2020,Regiao,Região Norte,,,Cap XVIII,8612,R00–R99,"Sintomas, sinais e achados anormais de exames clínicos e laboratoriais"
2020,Estado,Região Norte,Rondônia,RO,Cap XVIII,614,R00–R99,"Sintomas, sinais e achados anormais de exames clínicos e laboratoriais"
2020,Estado,Região Norte,Acre,AC,Cap XVIII,662,R00–R99,"Sintomas, sinais e achados anormais de exames clínicos e laboratoriais"
2020,Estado,Região Norte,Amazonas,AM,Cap XVIII,2777,R00–R99,"Sintomas, sinais e achados anormais de exames clínicos e laboratoriais"
2020,Estado,Região Norte,Roraima,RR,Cap XVIII,125,R00–R99,"Sintomas, sinais e achados anormais de exames clínicos e laboratoriais"
2020,Estado,Região Norte,Pará,PA,Cap XVIII,3999,R00–R99,"Sintomas, sinais e achados anormais de exames clínicos e laboratoriais"
2020,Estado,Região Norte,Amapá,AP,Cap XVIII,191,R00–R99,"Sintomas, sinais e achados anormais de exames clínicos e laboratoriais"
2020,Estado,Região Norte,Tocantins,TO,Cap XVIII,244,R00–R99,"Sintomas, sinais e achados anormais de exames clínicos e laboratoriais"
2020,Regiao,Região Nordeste,,,Cap XVIII,27252,R00–R99,"Sintomas, sinais e achados anormais de exames clínicos e laboratoriais"
2020,Estado,Região Nordeste,Maranhão,MA,Cap XVIII,2252,R00–R99,"Sintomas, sinais e achados anormais de exames clínicos e laboratoriais"
2020,Estado,Região Nordeste,Piauí,PI,Cap XVIII,1313,R00–R99,"Sintomas, sinais e achados anormais de exames clínicos e laboratoriais"
2020,Estado,Região Nordeste,Ceará,CE,Cap XVIII,2953,R00–R99,"Sintomas, sinais e achados anormais de exames clínicos e laboratoriais"
2020,Estado,Região Nordeste,Rio Grande do Norte,RN,Cap XVIII,808,R00–R99,"Sintomas, sinais e achados anormais de exames clínicos e laboratoriais"
2020,Estado,Região Nordeste,Paraíba,PB,Cap XVIII,1853,R00–R99,"Sintomas, sinais e achados anormais de exames clínicos e laboratoriais"
2020,Estado,Região Nordeste,Pernambuco,PE,Cap XVIII,3263,R00–R99,"Sintomas, sinais e achados anormais de exames clínicos e laboratoriais"
2020,Estado,Região Nordeste,Alagoas,AL,Cap XVIII,1496,R00–R99,"Sintomas, sinais e achados anormais de exames clínicos e laboratoriais"
2020,Estado,Região Nordeste,Sergipe,SE,Cap XVIII,1289,R00–R99,"Sintomas, sinais e achados anormais de exames clínicos e laboratoriais"
2020,Estado,Região Nordeste,Bahia,BA,Cap XVIII,12025,R00–R99,"Sintomas, sinais e achados anormais de exames clínicos e laboratoriais"
2020,Regiao,Região Sudeste,,,Cap XVIII,43433,R00–R99,"Sintomas, sinais e achados anormais de exames clínicos e laboratoriais"
2020,Estado,Região Sudeste,Minas Gerais,MG,Cap XVIII,10514,R00–R99,"Sintomas, sinais e achados anormais de exames clínicos e laboratoriais"
2020,Estado,Região Sudeste,Espírito Santo,ES,Cap XVIII,358,R00–R99,"Sintomas, sinais e achados anormais de exames clínicos e laboratoriais"
2020,Estado,Região Sudeste,Rio de Janeiro,RJ,Cap XVIII,14671,R00–R99,"Sintomas, sinais e achados anormais de exames clínicos e laboratoriais"
2020,Estado,Região Sudeste,São Paulo,SP,Cap XVIII,17890,R00–R99,"Sintomas, sinais e achados anormais de exames clínicos e laboratoriais"
2020,Regiao,Região Sul,,,Cap XVIII,7921,R00–R99,"Sintomas, sinais e achados anormais de exames clínicos e laboratoriais"
2020,Estado,Região Sul,Paraná,PR,Cap XVIII,2054,R00–R99,"Sintomas, sinais e achados anormais de exames clínicos e laboratoriais"
2020,Estado,Região Sul,Santa Catarina,SC,Cap XVIII,1263,R00–R99,"Sintomas, sinais e achados anormais de exames clínicos e laboratoriais"
2020,Estado,Região Sul,Rio Grande do Sul,RS,Cap XVIII,4604,R00–R99,"Sintomas, sinais e achados anormais de exames clínicos e laboratoriais"
2020,Regiao,Região Centro-Oeste,,,Cap XVIII,3127,R00–R99,"Sintomas, sinais e achados anormais de exames clínicos e laboratoriais"
2020,Estado,Região Centro-Oeste,Mato Grosso do Sul,MS,Cap XVIII,587,R00–R99,"Sintomas, sinais e achados anormais de exames clínicos e laboratoriais"
2020,Estado,Região Centro-Oeste,Mato Grosso,MT,Cap XVIII,1299,R00–R99,"Sintomas, sinais e achados anormais de exames clínicos e laboratoriais"
2020,Estado,Região Centro-Oeste,Goiás,GO,Cap XVIII,896,R00–R99,"Sintomas, sinais e achados anormais de exames clínicos e laboratoriais"
2020,Estado,Região Centro-Oeste,Distrito Federal,DF,Cap XVIII,345,R00–R99,"Sintomas, sinais e achados anormais de exames clínicos e laboratoriais"
2021,Regiao,Região Norte,,,Cap XVIII,7624,R00–R99,"Sintomas, sinais e achados anormais de exames clínicos e laboratoriais"
2021,Estado,Região Norte,Rondônia,RO,Cap XVIII,719,R00–R99,"Sintomas, sinais e achados anormais de exames clínicos e laboratoriais"
2021,Estado,Região Norte,Acre,AC,Cap XVIII,580,R00–R99,"Sintomas, sinais e achados anormais de exames clínicos e laboratoriais"
2021,Estado,Região Norte,Amazonas,AM,Cap XVIII,2178,R00–R99,"Sintomas, sinais e achados anormais de exames clínicos e laboratoriais"
2021,Estado,Região Norte,Roraima,RR,Cap XVIII,132,R00–R99,"Sintomas, sinais e achados anormais de exames clínicos e laboratoriais"
2021,Estado,Região Norte,Pará,PA,Cap XVIII,3525,R00–R99,"Sintomas, sinais e achados anormais de exames clínicos e laboratoriais"
2021,Estado,Região Norte,Amapá,AP,Cap XVIII,237,R00–R99,"Sintomas, sinais e achados anormais de exames clínicos e laboratoriais"
2021,Estado,Região Norte,Tocantins,TO,Cap XVIII,253,R00–R99,"Sintomas, sinais e achados anormais de exames clínicos e laboratoriais"
2021,Regiao,Região Nordeste,,,Cap XVIII,26187,R00–R99,"Sintomas, sinais e achados anormais de exames clínicos e laboratoriais"
2021,Estado,Região Nordeste,Maranhão,MA,Cap XVIII,2048,R00–R99,"Sintomas, sinais e achados anormais de exames clínicos e laboratoriais"
2021,Estado,Região Nordeste,Piauí,PI,Cap XVIII,1290,R00–R99,"Sintomas, sinais e achados anormais de exames clínicos e laboratoriais"
2021,Estado,Região Nordeste,Ceará,CE,Cap XVIII,2086,R00–R99,"Sintomas, sinais e achados anormais de exames clínicos e laboratoriais"
2021,Estado,Região Nordeste,Rio Grande do Norte,RN,Cap XVIII,857,R00–R99,"Sintomas, sinais e achados anormais de exames clínicos e laboratoriais"
2021,Estado,Região Nordeste,Paraíba,PB,Cap XVIII,1737,R00–R99,"Sintomas, sinais e achados anormais de exames clínicos e laboratoriais"
2021,Estado,Região Nordeste,Pernambuco,PE,Cap XVIII,4066,R00–R99,"Sintomas, sinais e achados anormais de exames clínicos e laboratoriais"
2021,Estado,Região Nordeste,Alagoas,AL,Cap XVIII,1496,R00–R99,"Sintomas, sinais e achados anormais de exames clínicos e laboratoriais"
2021,Estado,Região Nordeste,Sergipe,SE,Cap XVIII,1149,R00–R99,"Sintomas, sinais e achados anormais de exames clínicos e laboratoriais"
2021,Estado,Região Nordeste,Bahia,BA,Cap XVIII,11458,R00–R99,"Sintomas, sinais e achados anormais de exames clínicos e laboratoriais"
2021,Regiao,Região Sudeste,,,Cap XVIII,48404,R00–R99,"Sintomas, sinais e achados anormais de exames clínicos e laboratoriais"
2021,Estado,Região Sudeste,Minas Gerais,MG,Cap XVIII,11304,R00–R99,"Sintomas, sinais e achados anormais de exames clínicos e laboratoriais"
2021,Estado,Região Sudeste,Espírito Santo,ES,Cap XVIII,252,R00–R99,"Sintomas, sinais e achados anormais de exames clínicos e laboratoriais"
2021,Estado,Região Sudeste,Rio de Janeiro,RJ,Cap XVIII,17451,R00–R99,"Sintomas, sinais e achados anormais de exames clínicos e laboratoriais"
2021,Estado,Região Sudeste,São Paulo,SP,Cap XVIII,19397,R00–R99,"Sintomas, sinais e achados anormais de exames clínicos e laboratoriais"
2021,Regiao,Região Sul,,,Cap XVIII,8916,R00–R99,"Sintomas, sinais e achados anormais de exames clínicos e laboratoriais"
2021,Estado,Região Sul,Paraná,PR,Cap XVIII,2430,R00–R99,"Sintomas, sinais e achados anormais de exames clínicos e laboratoriais"
2021,Estado,Região Sul,Santa Catarina,SC,Cap XVIII,1436,R00–R99,"Sintomas, sinais e achados anormais de exames clínicos e laboratoriais"
2021,Estado,Região Sul,Rio Grande do Sul,RS,Cap XVIII,5050,R00–R99,"Sintomas, sinais e achados anormais de exames clínicos e laboratoriais"
2021,Regiao,Região Centro-Oeste,,,Cap XVIII,3003,R00–R99,"Sintomas, sinais e achados anormais de exames clínicos e laboratoriais"
2021,Estado,Região Centro-Oeste,Mato Grosso do Sul,MS,Cap XVIII,680,R00–R99,"Sintomas, sinais e achados anormais de exames clínicos e laboratoriais"
2021,Estado,Região Centro-Oeste,Mato Grosso,MT,Cap XVIII,1280,R00–R99,"Sintomas, sinais e achados anormais de exames clínicos e laboratoriais"
2021,Estado,Região Centro-Oeste,Goiás,GO,Cap XVIII,676,R00–R99,"Sintomas, sinais e achados anormais de exames clínicos e laboratoriais"
2021,Estado,Região Centro-Oeste,Distrito Federal,DF,Cap XVIII,367,R00–R99,"Sintomas, sinais e achados anormais de exames clínicos e laboratoriais"
2022,Regiao,Região Norte,,,Cap XVIII,6659,R00–R99,"Sintomas, sinais e achados anormais de exames clínicos e laboratoriais"
2022,Estado,Região Norte,Rondônia,RO,Cap XVIII,769,R00–R99,"Sintomas, sinais e achados anormais de exames clínicos e laboratoriais"
2022,Estado,Região Norte,Acre,AC,Cap XVIII,323,R00–R99,"Sintomas, sinais e achados anormais de exames clínicos e laboratoriais"
2022,Estado,Região Norte,Amazonas,AM,Cap XVIII,1649,R00–R99,"Sintomas, sinais e achados anormais de exames clínicos e laboratoriais"
2022,Estado,Região Norte,Roraima,RR,Cap XVIII,139,R00–R99,"Sintomas, sinais e achados anormais de exames clínicos e laboratoriais"
2022,Estado,Região Norte,Pará,PA,Cap XVIII,3350,R00–R99,"Sintomas, sinais e achados anormais de exames clínicos e laboratoriais"
2022,Estado,Região Norte,Amapá,AP,Cap XVIII,200,R00–R99,"Sintomas, sinais e achados anormais de exames clínicos e laboratoriais"
2022,Estado,Região Norte,Tocantins,TO,Cap XVIII,229,R00–R99,"Sintomas, sinais e achados anormais de exames clínicos e laboratoriais"
2022,Regiao,Região Nordeste,,,Cap XVIII,24321,R00–R99,"Sintomas, sinais e achados anormais de exames clínicos e laboratoriais"
2022,Estado,Região Nordeste,Maranhão,MA,Cap XVIII,2214,R00–R99,"Sintomas, sinais e achados anormais de exames clínicos e laboratoriais"
2022,Estado,Região Nordeste,Piauí,PI,Cap XVIII,1166,R00–R99,"Sintomas, sinais e achados anormais de exames clínicos e laboratoriais"
2022,Estado,Região Nordeste,Ceará,CE,Cap XVIII,1491,R00–R99,"Sintomas, sinais e achados anormais de exames clínicos e laboratoriais"
2022,Estado,Região Nordeste,Rio Grande do Norte,RN,Cap XVIII,834,R00–R99,"Sintomas, sinais e achados anormais de exames clínicos e laboratoriais"
2022,Estado,Região Nordeste,Paraíba,PB,Cap XVIII,1848,R00–R99,"Sintomas, sinais e achados anormais de exames clínicos e laboratoriais"
2022,Estado,Região Nordeste,Pernambuco,PE,Cap XVIII,3817,R00–R99,"Sintomas, sinais e achados anormais de exames clínicos e laboratoriais"
2022,Estado,Região Nordeste,Alagoas,AL,Cap XVIII,1487,R00–R99,"Sintomas, sinais e achados anormais de exames clínicos e laboratoriais"
2022,Estado,Região Nordeste,Sergipe,SE,Cap XVIII,1100,R00–R99,"Sintomas, sinais e achados anormais de exames clínicos e laboratoriais"
2022,Estado,Região Nordeste,Bahia,BA,Cap XVIII,10364,R00–R99,"Sintomas, sinais e achados anormais de exames clínicos e laboratoriais"
2022,Regiao,Região Sudeste,,,Cap XVIII,40295,R00–R99,"Sintomas, sinais e achados anormais de exames clínicos e laboratoriais"
2022,Estado,Região Sudeste,Minas Gerais,MG,Cap XVIII,11217,R00–R99,"Sintomas, sinais e achados anormais de exames clínicos e laboratoriais"
2022,Estado,Região Sudeste,Espírito Santo,ES,Cap XVIII,352,R00–R99,"Sintomas, sinais e achados anormais de exames clínicos e laboratoriais"
2022,Estado,Região Sudeste,Rio de Janeiro,RJ,Cap XVIII,13746,R00–R99,"Sintomas, sinais e achados anormais de exames clínicos e laboratoriais"
2022,Estado,Região Sudeste,São Paulo,SP,Cap XVIII,14980,R00–R99,"Sintomas, sinais e achados anormais de exames clínicos e laboratoriais"
2022,Regiao,Região Sul,,,Cap XVIII,8523,R00–R99,"Sintomas, sinais e achados anormais de exames clínicos e laboratoriais"
2022,Estado,Região Sul,Paraná,PR,Cap XVIII,2018,R00–R99,"Sintomas, sinais e achados anormais de exames clínicos e laboratoriais"
2022,Estado,Região Sul,Santa Catarina,SC,Cap XVIII,1421,R00–R99,"Sintomas, sinais e achados anormais de exames clínicos e laboratoriais"
2022,Estado,Região Sul,Rio Grande do Sul,RS,Cap XVIII,5084,R00–R99,"Sintomas, sinais e achados anormais de exames clínicos e laboratoriais"
2022,Regiao,Região Centro-Oeste,,,Cap XVIII,2799,R00–R99,"Sintomas, sinais e achados anormais de exames clínicos e laboratoriais"
2022,Estado,Região Centro-Oeste,Mato Grosso do Sul,MS,Cap XVIII,672,R00–R99,"Sintomas, sinais e achados anormais de exames clínicos e laboratoriais"
2022,Estado,Região Centro-Oeste,Mato Grosso,MT,Cap XVIII,1036,R00–R99,"Sintomas, sinais e achados anormais de exames clínicos e laboratoriais"
2022,Estado,Região Centro-Oeste,Goiás,GO,Cap XVIII,724,R00–R99,"Sintomas, sinais e achados anormais de exames clínicos e laboratoriais"
2022,Estado,Região Centro-Oeste,Distrito Federal,DF,Cap XVIII,367,R00–R99,"Sintomas, sinais e achados anormais de exames clínicos e laboratoriais"
2023,Regiao,Região Norte,,,Cap XVIII,5992,R00–R99,"Sintomas, sinais e achados anormais de exames clínicos e laboratoriais"
2023,Estado,Região Norte,Rondônia,RO,Cap XVIII,692,R00–R99,"Sintomas, sinais e achados anormais de exames clínicos e laboratoriais"
2023,Estado,Região Norte,Acre,AC,Cap XVIII,241,R00–R99,"Sintomas, sinais e achados anormais de exames clínicos e laboratoriais"
2023,Estado,Região Norte,Amazonas,AM,Cap XVIII,1589,R00–R99,"Sintomas, sinais e achados anormais de exames clínicos e laboratoriais"
2023,Estado,Região Norte,Roraima,RR,Cap XVIII,120,R00–R99,"Sintomas, sinais e achados anormais de exames clínicos e laboratoriais"
2023,Estado,Região Norte,Pará,PA,Cap XVIII,2893,R00–R99,"Sintomas, sinais e achados anormais de exames clínicos e laboratoriais"
2023,Estado,Região Norte,Amapá,AP,Cap XVIII,220,R00–R99,"Sintomas, sinais e achados anormais de exames clínicos e laboratoriais"
2023,Estado,Região Norte,Tocantins,TO,Cap XVIII,237,R00–R99,"Sintomas, sinais e achados anormais de exames clínicos e laboratoriais"
2023,Regiao,Região Nordeste,,,Cap XVIII,19389,R00–R99,"Sintomas, sinais e achados anormais de exames clínicos e laboratoriais"
2023,Estado,Região Nordeste,Maranhão,MA,Cap XVIII,2097,R00–R99,"Sintomas, sinais e achados anormais de exames clínicos e laboratoriais"
2023,Estado,Região Nordeste,Piauí,PI,Cap XVIII,1021,R00–R99,"Sintomas, sinais e achados anormais de exames clínicos e laboratoriais"
2023,Estado,Região Nordeste,Ceará,CE,Cap XVIII,1339,R00–R99,"Sintomas, sinais e achados anormais de exames clínicos e laboratoriais"
2023,Estado,Região Nordeste,Rio Grande do Norte,RN,Cap XVIII,763,R00–R99,"Sintomas, sinais e achados anormais de exames clínicos e laboratoriais"
2023,Estado,Região Nordeste,Paraíba,PB,Cap XVIII,1301,R00–R99,"Sintomas, sinais e achados anormais de exames clínicos e laboratoriais"
2023,Estado,Região Nordeste,Pernambuco,PE,Cap XVIII,2467,R00–R99,"Sintomas, sinais e achados anormais de exames clínicos e laboratoriais"
2023,Estado,Região Nordeste,Alagoas,AL,Cap XVIII,993,R00–R99,"Sintomas, sinais e achados anormais de exames clínicos e laboratoriais"
2023,Estado,Região Nordeste,Sergipe,SE,Cap XVIII,979,R00–R99,"Sintomas, sinais e achados anormais de exames clínicos e laboratoriais"
2023,Estado,Região Nordeste,Bahia,BA,Cap XVIII,8429,R00–R99,"Sintomas, sinais e achados anormais de exames clínicos e laboratoriais"
2023,Regiao,Região Sudeste,,,Cap XVIII,35985,R00–R99,"Sintomas, sinais e achados anormais de exames clínicos e laboratoriais"
2023,Estado,Região Sudeste,Minas Gerais,MG,Cap XVIII,10393,R00–R99,"Sintomas, sinais e achados anormais de exames clínicos e laboratoriais"
2023,Estado,Região Sudeste,Espírito Santo,ES,Cap XVIII,192,R00–R99,"Sintomas, sinais e achados anormais de exames clínicos e laboratoriais"
2023,Estado,Região Sudeste,Rio de Janeiro,RJ,Cap XVIII,11770,R00–R99,"Sintomas, sinais e achados anormais de exames clínicos e laboratoriais"
2023,Estado,Região Sudeste,São Paulo,SP,Cap XVIII,13630,R00–R99,"Sintomas, sinais e achados anormais de exames clínicos e laboratoriais"
2023,Regiao,Região Sul,,,Cap XVIII,7107,R00–R99,"Sintomas, sinais e achados anormais de exames clínicos e laboratoriais"
2023,Estado,Região Sul,Paraná,PR,Cap XVIII,1853,R00–R99,"Sintomas, sinais e achados anormais de exames clínicos e laboratoriais"
2023,Estado,Região Sul,Santa Catarina,SC,Cap XVIII,1147,R00–R99,"Sintomas, sinais e achados anormais de exames clínicos e laboratoriais"
2023,Estado,Região Sul,Rio Grande do Sul,RS,Cap XVIII,4107,R00–R99,"Sintomas, sinais e achados anormais de exames clínicos e laboratoriais"
2023,Regiao,Região Centro-Oeste,,,Cap XVIII,2655,R00–R99,"Sintomas, sinais e achados anormais de exames clínicos e laboratoriais"
2023,Estado,Região Centro-Oeste,Mato Grosso do Sul,MS,Cap XVIII,677,R00–R99,"Sintomas, sinais e achados anormais de exames clínicos e laboratoriais"
2023,Estado,Região Centro-Oeste,Mato Grosso,MT,Cap XVIII,1035,R00–R99,"Sintomas, sinais e achados anormais de exames clínicos e laboratoriais"
2023,Estado,Região Centro-Oeste,Goiás,GO,Cap XVIII,635,R00–R99,"Sintomas, sinais e achados anormais de exames clínicos e laboratoriais"
2023,Estado,Região Centro-Oeste,Distrito Federal,DF,Cap XVIII,308,R00–R99,"Sintomas, sinais e achados anormais de exames clínicos e laboratoriais"
2024,Regiao,Região Norte,,,Cap XVIII,6010,R00–R99,"Sintomas, sinais e achados anormais de exames clínicos e laboratoriais"
2024,Estado,Região Norte,Rondônia,RO,Cap XVIII,629,R00–R99,"Sintomas, sinais e achados anormais de exames clínicos e laboratoriais"
2024,Estado,Região Norte,Acre,AC,Cap XVIII,253,R00–R99,"Sintomas, sinais e achados anormais de exames clínicos e laboratoriais"
2024,Estado,Região Norte,Amazonas,AM,Cap XVIII,1564,R00–R99,"Sintomas, sinais e achados anormais de exames clínicos e laboratoriais"
2024,Estado,Região Norte,Roraima,RR,Cap XVIII,108,R00–R99,"Sintomas, sinais e achados anormais de exames clínicos e laboratoriais"
2024,Estado,Região Norte,Pará,PA,Cap XVIII,3120,R00–R99,"Sintomas, sinais e achados anormais de exames clínicos e laboratoriais"
2024,Estado,Região Norte,Amapá,AP,Cap XVIII,158,R00–R99,"Sintomas, sinais e achados anormais de exames clínicos e laboratoriais"
2024,Estado,Região Norte,Tocantins,TO,Cap XVIII,178,R00–R99,"Sintomas, sinais e achados anormais de exames clínicos e laboratoriais"
2024,Regiao,Região Nordeste,,,Cap XVIII,18109,R00–R99,"Sintomas, sinais e achados anormais de exames clínicos e laboratoriais"
2024,Estado,Região Nordeste,Maranhão,MA,Cap XVIII,2295,R00–R99,"Sintomas, sinais e achados anormais de exames clínicos e laboratoriais"
2024,Estado,Região Nordeste,Piauí,PI,Cap XVIII,974,R00–R99,"Sintomas, sinais e achados anormais de exames clínicos e laboratoriais"
2024,Estado,Região Nordeste,Ceará,CE,Cap XVIII,1474,R00–R99,"Sintomas, sinais e achados anormais de exames clínicos e laboratoriais"
2024,Estado,Região Nordeste,Rio Grande do Norte,RN,Cap XVIII,783,R00–R99,"Sintomas, sinais e achados anormais de exames clínicos e laboratoriais"
2024,Estado,Região Nordeste,Paraíba,PB,Cap XVIII,1415,R00–R99,"Sintomas, sinais e achados anormais de exames clínicos e laboratoriais"
2024,Estado,Região Nordeste,Pernambuco,PE,Cap XVIII,2160,R00–R99,"Sintomas, sinais e achados anormais de exames clínicos e laboratoriais"
2024,Estado,Região Nordeste,Alagoas,AL,Cap XVIII,1014,R00–R99,"Sintomas, sinais e achados anormais de exames clínicos e laboratoriais"
2024,Estado,Região Nordeste,Sergipe,SE,Cap XVIII,976,R00–R99,"Sintomas, sinais e achados anormais de exames clínicos e laboratoriais"
2024,Estado,Região Nordeste,Bahia,BA,Cap XVIII,7018,R00–R99,"Sintomas, sinais e achados anormais de exames clínicos e laboratoriais"
2024,Regiao,Região Sudeste,,,Cap XVIII,35103,R00–R99,"Sintomas, sinais e achados anormais de exames clínicos e laboratoriais"
2024,Estado,Região Sudeste,Minas Gerais,MG,Cap XVIII,10618,R00–R99,"Sintomas, sinais e achados anormais de exames clínicos e laboratoriais"
2024,Estado,Região Sudeste,Espírito Santo,ES,Cap XVIII,62,R00–R99,"Sintomas, sinais e achados anormais de exames clínicos e laboratoriais"
2024,Estado,Região Sudeste,Rio de Janeiro,RJ,Cap XVIII,10967,R00–R99,"Sintomas, sinais e achados anormais de exames clínicos e laboratoriais"
2024,Estado,Região Sudeste,São Paulo,SP,Cap XVIII,13456,R00–R99,"Sintomas, sinais e achados anormais de exames clínicos e laboratoriais"
2024,Regiao,Região Sul,,,Cap XVIII,7111,R00–R99,"Sintomas, sinais e achados anormais de exames clínicos e laboratoriais"
2024,Estado,Região Sul,Paraná,PR,Cap XVIII,1600,R00–R99,"Sintomas, sinais e achados anormais de exames clínicos e laboratoriais"
2024,Estado,Região Sul,Santa Catarina,SC,Cap XVIII,1237,R00–R99,"Sintomas, sinais e achados anormais de exames clínicos e laboratoriais"
2024,Estado,Região Sul,Rio Grande do Sul,RS,Cap XVIII,4274,R00–R99,"Sintomas, sinais e achados anormais de exames clínicos e laboratoriais"
2024,Regiao,Região Centro-Oeste,,,Cap XVIII,2755,R00–R99,"Sintomas, sinais e achados anormais de exames clínicos e laboratoriais"
2024,Estado,Região Centro-Oeste,Mato Grosso do Sul,MS,Cap XVIII,695,R00–R99,"Sintomas, sinais e achados anormais de exames clínicos e laboratoriais"
2024,Estado,Região Centro-Oeste,Mato Grosso,MT,Cap XVIII,1122,R00–R99,"Sintomas, sinais e achados anormais de exames clínicos e laboratoriais"
2024,Estado,Região Centro-Oeste,Goiás,GO,Cap XVIII,684,R00–R99,"Sintomas, sinais e achados anormais de exames clínicos e laboratoriais"
2024,Estado,Região Centro-Oeste,Distrito Federal,DF,Cap XVIII,254,R00–R99,"Sintomas, sinais e achados anormais de exames clínicos e laboratoriais"
2025,Regiao,Região Norte,,,Cap XVIII,5833,R00–R99,"Sintomas, sinais e achados anormais de exames clínicos e laboratoriais"
2025,Estado,Região Norte,Rondônia,RO,Cap XVIII,619,R00–R99,"Sintomas, sinais e achados anormais de exames clínicos e laboratoriais"
2025,Estado,Região Norte,Acre,AC,Cap XVIII,209,R00–R99,"Sintomas, sinais e achados anormais de exames clínicos e laboratoriais"
2025,Estado,Região Norte,Amazonas,AM,Cap XVIII,1611,R00–R99,"Sintomas, sinais e achados anormais de exames clínicos e laboratoriais"
2025,Estado,Região Norte,Roraima,RR,Cap XVIII,115,R00–R99,"Sintomas, sinais e achados anormais de exames clínicos e laboratoriais"
2025,Estado,Região Norte,Pará,PA,Cap XVIII,2811,R00–R99,"Sintomas, sinais e achados anormais de exames clínicos e laboratoriais"
2025,Estado,Região Norte,Amapá,AP,Cap XVIII,211,R00–R99,"Sintomas, sinais e achados anormais de exames clínicos e laboratoriais"
2025,Estado,Região Norte,Tocantins,TO,Cap XVIII,257,R00–R99,"Sintomas, sinais e achados anormais de exames clínicos e laboratoriais"
2025,Regiao,Região Nordeste,,,Cap XVIII,17950,R00–R99,"Sintomas, sinais e achados anormais de exames clínicos e laboratoriais"
2025,Estado,Região Nordeste,Maranhão,MA,Cap XVIII,2210,R00–R99,"Sintomas, sinais e achados anormais de exames clínicos e laboratoriais"
2025,Estado,Região Nordeste,Piauí,PI,Cap XVIII,1000,R00–R99,"Sintomas, sinais e achados anormais de exames clínicos e laboratoriais"
2025,Estado,Região Nordeste,Ceará,CE,Cap XVIII,1587,R00–R99,"Sintomas, sinais e achados anormais de exames clínicos e laboratoriais"
2025,Estado,Região Nordeste,Rio Grande do Norte,RN,Cap XVIII,732,R00–R99,"Sintomas, sinais e achados anormais de exames clínicos e laboratoriais"
2025,Estado,Região Nordeste,Paraíba,PB,Cap XVIII,1318,R00–R99,"Sintomas, sinais e achados anormais de exames clínicos e laboratoriais"
2025,Estado,Região Nordeste,Pernambuco,PE,Cap XVIII,1962,R00–R99,"Sintomas, sinais e achados anormais de exames clínicos e laboratoriais"
2025,Estado,Região Nordeste,Alagoas,AL,Cap XVIII,858,R00–R99,"Sintomas, sinais e achados anormais de exames clínicos e laboratoriais"
2025,Estado,Região Nordeste,Sergipe,SE,Cap XVIII,872,R00–R99,"Sintomas, sinais e achados anormais de exames clínicos e laboratoriais"
2025,Estado,Região Nordeste,Bahia,BA,Cap XVIII,7411,R00–R99,"Sintomas, sinais e achados anormais de exames clínicos e laboratoriais"
2025,Regiao,Região Sudeste,,,Cap XVIII,34432,R00–R99,"Sintomas, sinais e achados anormais de exames clínicos e laboratoriais"
2025,Estado,Região Sudeste,Minas Gerais,MG,Cap XVIII,9783,R00–R99,"Sintomas, sinais e achados anormais de exames clínicos e laboratoriais"
2025,Estado,Região Sudeste,Espírito Santo,ES,Cap XVIII,136,R00–R99,"Sintomas, sinais e achados anormais de exames clínicos e laboratoriais"
2025,Estado,Região Sudeste,Rio de Janeiro,RJ,Cap XVIII,10963,R00–R99,"Sintomas, sinais e achados anormais de exames clínicos e laboratoriais"
2025,Estado,Região Sudeste,São Paulo,SP,Cap XVIII,13550,R00–R99,"Sintomas, sinais e achados anormais de exames clínicos e laboratoriais"
2025,Regiao,Região Sul,,,Cap XVIII,7608,R00–R99,"Sintomas, sinais e achados anormais de exames clínicos e laboratoriais"
2025,Estado,Região Sul,Paraná,PR,Cap XVIII,1733,R00–R99,"Sintomas, sinais e achados anormais de exames clínicos e laboratoriais"
2025,Estado,Região Sul,Santa Catarina,SC,Cap XVIII,1315,R00–R99,"Sintomas, sinais e achados anormais de exames clínicos e laboratoriais"
2025,Estado,Região Sul,Rio Grande do Sul,RS,Cap XVIII,4560,R00–R99,"Sintomas, sinais e achados anormais de exames clínicos e laboratoriais"
2025,Regiao,Região Centro-Oeste,,,Cap XVIII,3349,R00–R99,"Sintomas, sinais e achados anormais de exames clínicos e laboratoriais"
2025,Estado,Região Centro-Oeste,Mato Grosso do Sul,MS,Cap XVIII,665,R00–R99,"Sintomas, sinais e achados anormais de exames clínicos e laboratoriais"
2025,Estado,Região Centro-Oeste,Mato Grosso,MT,Cap XVIII,1210,R00–R99,"Sintomas, sinais e achados anormais de exames clínicos e laboratoriais"
2025,Estado,Região Centro-Oeste,Goiás,GO,Cap XVIII,967,R00–R99,"Sintomas, sinais e achados anormais de exames clínicos e laboratoriais"
2025,Estado,Região Centro-Oeste,Distrito Federal,DF,Cap XVIII,507,R00–R99,"Sintomas, sinais e achados anormais de exames clínicos e laboratoriais"
2026,Regiao,Região Norte,,,Cap XVIII,2199,R00–R99,"Sintomas, sinais e achados anormais de exames clínicos e laboratoriais"
2026,Estado,Região Norte,Rondônia,RO,Cap XVIII,220,R00–R99,"Sintomas, sinais e achados anormais de exames clínicos e laboratoriais"
2026,Estado,Região Norte,Acre,AC,Cap XVIII,193,R00–R99,"Sintomas, sinais e achados anormais de exames clínicos e laboratoriais"
2026,Estado,Região Norte,Amazonas,AM,Cap XVIII,526,R00–R99,"Sintomas, sinais e achados anormais de exames clínicos e laboratoriais"
2026,Estado,Região Norte,Roraima,RR,Cap XVIII,32,R00–R99,"Sintomas, sinais e achados anormais de exames clínicos e laboratoriais"
2026,Estado,Região Norte,Pará,PA,Cap XVIII,996,R00–R99,"Sintomas, sinais e achados anormais de exames clínicos e laboratoriais"
2026,Estado,Região Norte,Amapá,AP,Cap XVIII,75,R00–R99,"Sintomas, sinais e achados anormais de exames clínicos e laboratoriais"
2026,Estado,Região Norte,Tocantins,TO,Cap XVIII,157,R00–R99,"Sintomas, sinais e achados anormais de exames clínicos e laboratoriais"
2026,Regiao,Região Nordeste,,,Cap XVIII,7719,R00–R99,"Sintomas, sinais e achados anormais de exames clínicos e laboratoriais"
2026,Estado,Região Nordeste,Maranhão,MA,Cap XVIII,694,R00–R99,"Sintomas, sinais e achados anormais de exames clínicos e laboratoriais"
2026,Estado,Região Nordeste,Piauí,PI,Cap XVIII,352,R00–R99,"Sintomas, sinais e achados anormais de exames clínicos e laboratoriais"
2026,Estado,Região Nordeste,Ceará,CE,Cap XVIII,923,R00–R99,"Sintomas, sinais e achados anormais de exames clínicos e laboratoriais"
2026,Estado,Região Nordeste,Rio Grande do Norte,RN,Cap XVIII,266,R00–R99,"Sintomas, sinais e achados anormais de exames clínicos e laboratoriais"
2026,Estado,Região Nordeste,Paraíba,PB,Cap XVIII,520,R00–R99,"Sintomas, sinais e achados anormais de exames clínicos e laboratoriais"
2026,Estado,Região Nordeste,Pernambuco,PE,Cap XVIII,1005,R00–R99,"Sintomas, sinais e achados anormais de exames clínicos e laboratoriais"
2026,Estado,Região Nordeste,Alagoas,AL,Cap XVIII,410,R00–R99,"Sintomas, sinais e achados anormais de exames clínicos e laboratoriais"
2026,Estado,Região Nordeste,Sergipe,SE,Cap XVIII,373,R00–R99,"Sintomas, sinais e achados anormais de exames clínicos e laboratoriais"
2026,Estado,Região Nordeste,Bahia,BA,Cap XVIII,3176,R00–R99,"Sintomas, sinais e achados anormais de exames clínicos e laboratoriais"
2026,Regiao,Região Sudeste,,,Cap XVIII,12195,R00–R99,"Sintomas, sinais e achados anormais de exames clínicos e laboratoriais"
2026,Estado,Região Sudeste,Minas Gerais,MG,Cap XVIII,3206,R00–R99,"Sintomas, sinais e achados anormais de exames clínicos e laboratoriais"
2026,Estado,Região Sudeste,Espírito Santo,ES,Cap XVIII,62,R00–R99,"Sintomas, sinais e achados anormais de exames clínicos e laboratoriais"
2026,Estado,Região Sudeste,Rio de Janeiro,RJ,Cap XVIII,3868,R00–R99,"Sintomas, sinais e achados anormais de exames clínicos e laboratoriais"
2026,Estado,Região Sudeste,São Paulo,SP,Cap XVIII,5059,R00–R99,"Sintomas, sinais e achados anormais de exames clínicos e laboratoriais"
2026,Regiao,Região Sul,,,Cap XVIII,4004,R00–R99,"Sintomas, sinais e achados anormais de exames clínicos e laboratoriais"
2026,Estado,Região Sul,Paraná,PR,Cap XVIII,1314,R00–R99,"Sintomas, sinais e achados anormais de exames clínicos e laboratoriais"
2026,Estado,Região Sul,Santa Catarina,SC,Cap XVIII,517,R00–R99,"Sintomas, sinais e achados anormais de exames clínicos e laboratoriais"
2026,Estado,Região Sul,Rio Grande do Sul,RS,Cap XVIII,2173,R00–R99,"Sintomas, sinais e achados anormais de exames clínicos e laboratoriais"
2026,Regiao,Região Centro-Oeste,,,Cap XVIII,2030,R00–R99,"Sintomas, sinais e achados anormais de exames clínicos e laboratoriais"
2026,Estado,Região Centro-Oeste,Mato Grosso do Sul,MS,Cap XVIII,329,R00–R99,"Sintomas, sinais e achados anormais de exames clínicos e laboratoriais"
2026,Estado,Região Centro-Oeste,Mato Grosso,MT,Cap XVIII,746,R00–R99,"Sintomas, sinais e achados anormais de exames clínicos e laboratoriais"
2026,Estado,Região Centro-Oeste,Goiás,GO,Cap XVIII,683,R00–R99,"Sintomas, sinais e achados anormais de exames clínicos e laboratoriais"
2026,Estado,Região Centro-Oeste,Distrito Federal,DF,Cap XVIII,272,R00–R99,"Sintomas, sinais e achados anormais de exames clínicos e laboratoriais"
2016,Regiao,Região Norte,,,Cap XX,15078,V01–Y98,"Causas externas de morbidade e mortalidade (ex: acidentes, violência)"
2016,Estado,Região Norte,Rondônia,RO,Cap XX,1571,V01–Y98,"Causas externas de morbidade e mortalidade (ex: acidentes, violência)"
2016,Estado,Região Norte,Acre,AC,Cap XX,655,V01–Y98,"Causas externas de morbidade e mortalidade (ex: acidentes, violência)"
2016,Estado,Região Norte,Amazonas,AM,Cap XX,2821,V01–Y98,"Causas externas de morbidade e mortalidade (ex: acidentes, violência)"
2016,Estado,Região Norte,Roraima,RR,Cap XX,474,V01–Y98,"Causas externas de morbidade e mortalidade (ex: acidentes, violência)"
2016,Estado,Região Norte,Pará,PA,Cap XX,7432,V01–Y98,"Causas externas de morbidade e mortalidade (ex: acidentes, violência)"
2016,Estado,Região Norte,Amapá,AP,Cap XX,600,V01–Y98,"Causas externas de morbidade e mortalidade (ex: acidentes, violência)"
2016,Estado,Região Norte,Tocantins,TO,Cap XX,1525,V01–Y98,"Causas externas de morbidade e mortalidade (ex: acidentes, violência)"
2016,Regiao,Região Nordeste,,,Cap XX,50901,V01–Y98,"Causas externas de morbidade e mortalidade (ex: acidentes, violência)"
2016,Estado,Região Nordeste,Maranhão,MA,Cap XX,5452,V01–Y98,"Causas externas de morbidade e mortalidade (ex: acidentes, violência)"
2016,Estado,Região Nordeste,Piauí,PI,Cap XX,2584,V01–Y98,"Causas externas de morbidade e mortalidade (ex: acidentes, violência)"
2016,Estado,Região Nordeste,Ceará,CE,Cap XX,8129,V01–Y98,"Causas externas de morbidade e mortalidade (ex: acidentes, violência)"
2016,Estado,Região Nordeste,Rio Grande do Norte,RN,Cap XX,3180,V01–Y98,"Causas externas de morbidade e mortalidade (ex: acidentes, violência)"
2016,Estado,Região Nordeste,Paraíba,PB,Cap XX,3156,V01–Y98,"Causas externas de morbidade e mortalidade (ex: acidentes, violência)"
2016,Estado,Região Nordeste,Pernambuco,PE,Cap XX,9114,V01–Y98,"Causas externas de morbidade e mortalidade (ex: acidentes, violência)"
2016,Estado,Região Nordeste,Alagoas,AL,Cap XX,3096,V01–Y98,"Causas externas de morbidade e mortalidade (ex: acidentes, violência)"
2016,Estado,Região Nordeste,Sergipe,SE,Cap XX,2483,V01–Y98,"Causas externas de morbidade e mortalidade (ex: acidentes, violência)"
2016,Estado,Região Nordeste,Bahia,BA,Cap XX,13707,V01–Y98,"Causas externas de morbidade e mortalidade (ex: acidentes, violência)"
2016,Regiao,Região Sudeste,,,Cap XX,54554,V01–Y98,"Causas externas de morbidade e mortalidade (ex: acidentes, violência)"
2016,Estado,Região Sudeste,Minas Gerais,MG,Cap XX,14032,V01–Y98,"Causas externas de morbidade e mortalidade (ex: acidentes, violência)"
2016,Estado,Região Sudeste,Espírito Santo,ES,Cap XX,3433,V01–Y98,"Causas externas de morbidade e mortalidade (ex: acidentes, violência)"
2016,Estado,Região Sudeste,Rio de Janeiro,RJ,Cap XX,14563,V01–Y98,"Causas externas de morbidade e mortalidade (ex: acidentes, violência)"
2016,Estado,Região Sudeste,São Paulo,SP,Cap XX,22526,V01–Y98,"Causas externas de morbidade e mortalidade (ex: acidentes, violência)"
2016,Regiao,Região Sul,,,Cap XX,21792,V01–Y98,"Causas externas de morbidade e mortalidade (ex: acidentes, violência)"
2016,Estado,Região Sul,Paraná,PR,Cap XX,9022,V01–Y98,"Causas externas de morbidade e mortalidade (ex: acidentes, violência)"
2016,Estado,Região Sul,Santa Catarina,SC,Cap XX,4334,V01–Y98,"Causas externas de morbidade e mortalidade (ex: acidentes, violência)"
2016,Estado,Região Sul,Rio Grande do Sul,RS,Cap XX,8436,V01–Y98,"Causas externas de morbidade e mortalidade (ex: acidentes, violência)"
2016,Regiao,Região Centro-Oeste,,,Cap XX,13536,V01–Y98,"Causas externas de morbidade e mortalidade (ex: acidentes, violência)"
2016,Estado,Região Centro-Oeste,Mato Grosso do Sul,MS,Cap XX,2105,V01–Y98,"Causas externas de morbidade e mortalidade (ex: acidentes, violência)"
2016,Estado,Região Centro-Oeste,Mato Grosso,MT,Cap XX,3079,V01–Y98,"Causas externas de morbidade e mortalidade (ex: acidentes, violência)"
2016,Estado,Região Centro-Oeste,Goiás,GO,Cap XX,6579,V01–Y98,"Causas externas de morbidade e mortalidade (ex: acidentes, violência)"
2016,Estado,Região Centro-Oeste,Distrito Federal,DF,Cap XX,1773,V01–Y98,"Causas externas de morbidade e mortalidade (ex: acidentes, violência)"
2017,Regiao,Região Norte,,,Cap XX,15789,V01–Y98,"Causas externas de morbidade e mortalidade (ex: acidentes, violência)"
2017,Estado,Região Norte,Rondônia,RO,Cap XX,1458,V01–Y98,"Causas externas de morbidade e mortalidade (ex: acidentes, violência)"
2017,Estado,Região Norte,Acre,AC,Cap XX,820,V01–Y98,"Causas externas de morbidade e mortalidade (ex: acidentes, violência)"
2017,Estado,Região Norte,Amazonas,AM,Cap XX,3005,V01–Y98,"Causas externas de morbidade e mortalidade (ex: acidentes, violência)"
2017,Estado,Região Norte,Roraima,RR,Cap XX,590,V01–Y98,"Causas externas de morbidade e mortalidade (ex: acidentes, violência)"
2017,Estado,Região Norte,Pará,PA,Cap XX,7714,V01–Y98,"Causas externas de morbidade e mortalidade (ex: acidentes, violência)"
2017,Estado,Região Norte,Amapá,AP,Cap XX,634,V01–Y98,"Causas externas de morbidade e mortalidade (ex: acidentes, violência)"
2017,Estado,Região Norte,Tocantins,TO,Cap XX,1568,V01–Y98,"Causas externas de morbidade e mortalidade (ex: acidentes, violência)"
2017,Regiao,Região Nordeste,,,Cap XX,52983,V01–Y98,"Causas externas de morbidade e mortalidade (ex: acidentes, violência)"
2017,Estado,Região Nordeste,Maranhão,MA,Cap XX,5076,V01–Y98,"Causas externas de morbidade e mortalidade (ex: acidentes, violência)"
2017,Estado,Região Nordeste,Piauí,PI,Cap XX,2414,V01–Y98,"Causas externas de morbidade e mortalidade (ex: acidentes, violência)"
2017,Estado,Região Nordeste,Ceará,CE,Cap XX,9807,V01–Y98,"Causas externas de morbidade e mortalidade (ex: acidentes, violência)"
2017,Estado,Região Nordeste,Rio Grande do Norte,RN,Cap XX,3580,V01–Y98,"Causas externas de morbidade e mortalidade (ex: acidentes, violência)"
2017,Estado,Região Nordeste,Paraíba,PB,Cap XX,3095,V01–Y98,"Causas externas de morbidade e mortalidade (ex: acidentes, violência)"
2017,Estado,Região Nordeste,Pernambuco,PE,Cap XX,9770,V01–Y98,"Causas externas de morbidade e mortalidade (ex: acidentes, violência)"
2017,Estado,Região Nordeste,Alagoas,AL,Cap XX,3133,V01–Y98,"Causas externas de morbidade e mortalidade (ex: acidentes, violência)"
2017,Estado,Região Nordeste,Sergipe,SE,Cap XX,2323,V01–Y98,"Causas externas de morbidade e mortalidade (ex: acidentes, violência)"
2017,Estado,Região Nordeste,Bahia,BA,Cap XX,13785,V01–Y98,"Causas externas de morbidade e mortalidade (ex: acidentes, violência)"
2017,Regiao,Região Sudeste,,,Cap XX,54934,V01–Y98,"Causas externas de morbidade e mortalidade (ex: acidentes, violência)"
2017,Estado,Região Sudeste,Minas Gerais,MG,Cap XX,14324,V01–Y98,"Causas externas de morbidade e mortalidade (ex: acidentes, violência)"
2017,Estado,Região Sudeste,Espírito Santo,ES,Cap XX,3782,V01–Y98,"Causas externas de morbidade e mortalidade (ex: acidentes, violência)"
2017,Estado,Região Sudeste,Rio de Janeiro,RJ,Cap XX,14634,V01–Y98,"Causas externas de morbidade e mortalidade (ex: acidentes, violência)"
2017,Estado,Região Sudeste,São Paulo,SP,Cap XX,22194,V01–Y98,"Causas externas de morbidade e mortalidade (ex: acidentes, violência)"
2017,Regiao,Região Sul,,,Cap XX,21867,V01–Y98,"Causas externas de morbidade e mortalidade (ex: acidentes, violência)"
2017,Estado,Região Sul,Paraná,PR,Cap XX,8603,V01–Y98,"Causas externas de morbidade e mortalidade (ex: acidentes, violência)"
2017,Estado,Região Sul,Santa Catarina,SC,Cap XX,4621,V01–Y98,"Causas externas de morbidade e mortalidade (ex: acidentes, violência)"
2017,Estado,Região Sul,Rio Grande do Sul,RS,Cap XX,8643,V01–Y98,"Causas externas de morbidade e mortalidade (ex: acidentes, violência)"
2017,Regiao,Região Centro-Oeste,,,Cap XX,13084,V01–Y98,"Causas externas de morbidade e mortalidade (ex: acidentes, violência)"
2017,Estado,Região Centro-Oeste,Mato Grosso do Sul,MS,Cap XX,2062,V01–Y98,"Causas externas de morbidade e mortalidade (ex: acidentes, violência)"
2017,Estado,Região Centro-Oeste,Mato Grosso,MT,Cap XX,3021,V01–Y98,"Causas externas de morbidade e mortalidade (ex: acidentes, violência)"
2017,Estado,Região Centro-Oeste,Goiás,GO,Cap XX,6452,V01–Y98,"Causas externas de morbidade e mortalidade (ex: acidentes, violência)"
2017,Estado,Região Centro-Oeste,Distrito Federal,DF,Cap XX,1549,V01–Y98,"Causas externas de morbidade e mortalidade (ex: acidentes, violência)"
2018,Regiao,Região Norte,,,Cap XX,15282,V01–Y98,"Causas externas de morbidade e mortalidade (ex: acidentes, violência)"
2018,Estado,Região Norte,Rondônia,RO,Cap XX,1290,V01–Y98,"Causas externas de morbidade e mortalidade (ex: acidentes, violência)"
2018,Estado,Região Norte,Acre,AC,Cap XX,689,V01–Y98,"Causas externas de morbidade e mortalidade (ex: acidentes, violência)"
2018,Estado,Região Norte,Amazonas,AM,Cap XX,2928,V01–Y98,"Causas externas de morbidade e mortalidade (ex: acidentes, violência)"
2018,Estado,Região Norte,Roraima,RR,Cap XX,698,V01–Y98,"Causas externas de morbidade e mortalidade (ex: acidentes, violência)"
2018,Estado,Região Norte,Pará,PA,Cap XX,7569,V01–Y98,"Causas externas de morbidade e mortalidade (ex: acidentes, violência)"
2018,Estado,Região Norte,Amapá,AP,Cap XX,652,V01–Y98,"Causas externas de morbidade e mortalidade (ex: acidentes, violência)"
2018,Estado,Região Norte,Tocantins,TO,Cap XX,1456,V01–Y98,"Causas externas de morbidade e mortalidade (ex: acidentes, violência)"
2018,Regiao,Região Nordeste,,,Cap XX,49179,V01–Y98,"Causas externas de morbidade e mortalidade (ex: acidentes, violência)"
2018,Estado,Região Nordeste,Maranhão,MA,Cap XX,4811,V01–Y98,"Causas externas de morbidade e mortalidade (ex: acidentes, violência)"
2018,Estado,Região Nordeste,Piauí,PI,Cap XX,2472,V01–Y98,"Causas externas de morbidade e mortalidade (ex: acidentes, violência)"
2018,Estado,Região Nordeste,Ceará,CE,Cap XX,9186,V01–Y98,"Causas externas de morbidade e mortalidade (ex: acidentes, violência)"
2018,Estado,Região Nordeste,Rio Grande do Norte,RN,Cap XX,3144,V01–Y98,"Causas externas de morbidade e mortalidade (ex: acidentes, violência)"
2018,Estado,Região Nordeste,Paraíba,PB,Cap XX,3036,V01–Y98,"Causas externas de morbidade e mortalidade (ex: acidentes, violência)"
2018,Estado,Região Nordeste,Pernambuco,PE,Cap XX,8639,V01–Y98,"Causas externas de morbidade e mortalidade (ex: acidentes, violência)"
2018,Estado,Região Nordeste,Alagoas,AL,Cap XX,2683,V01–Y98,"Causas externas de morbidade e mortalidade (ex: acidentes, violência)"
2018,Estado,Região Nordeste,Sergipe,SE,Cap XX,2112,V01–Y98,"Causas externas de morbidade e mortalidade (ex: acidentes, violência)"
2018,Estado,Região Nordeste,Bahia,BA,Cap XX,13096,V01–Y98,"Causas externas de morbidade e mortalidade (ex: acidentes, violência)"
2018,Regiao,Região Sudeste,,,Cap XX,52881,V01–Y98,"Causas externas de morbidade e mortalidade (ex: acidentes, violência)"
2018,Estado,Região Sudeste,Minas Gerais,MG,Cap XX,12782,V01–Y98,"Causas externas de morbidade e mortalidade (ex: acidentes, violência)"
2018,Estado,Região Sudeste,Espírito Santo,ES,Cap XX,3409,V01–Y98,"Causas externas de morbidade e mortalidade (ex: acidentes, violência)"
2018,Estado,Região Sudeste,Rio de Janeiro,RJ,Cap XX,14705,V01–Y98,"Causas externas de morbidade e mortalidade (ex: acidentes, violência)"
2018,Estado,Região Sudeste,São Paulo,SP,Cap XX,21985,V01–Y98,"Causas externas de morbidade e mortalidade (ex: acidentes, violência)"
2018,Regiao,Região Sul,,,Cap XX,20822,V01–Y98,"Causas externas de morbidade e mortalidade (ex: acidentes, violência)"
2018,Estado,Região Sul,Paraná,PR,Cap XX,8549,V01–Y98,"Causas externas de morbidade e mortalidade (ex: acidentes, violência)"
2018,Estado,Região Sul,Santa Catarina,SC,Cap XX,4251,V01–Y98,"Causas externas de morbidade e mortalidade (ex: acidentes, violência)"
2018,Estado,Região Sul,Rio Grande do Sul,RS,Cap XX,8022,V01–Y98,"Causas externas de morbidade e mortalidade (ex: acidentes, violência)"
2018,Regiao,Região Centro-Oeste,,,Cap XX,12650,V01–Y98,"Causas externas de morbidade e mortalidade (ex: acidentes, violência)"
2018,Estado,Região Centro-Oeste,Mato Grosso do Sul,MS,Cap XX,1985,V01–Y98,"Causas externas de morbidade e mortalidade (ex: acidentes, violência)"
2018,Estado,Região Centro-Oeste,Mato Grosso,MT,Cap XX,2922,V01–Y98,"Causas externas de morbidade e mortalidade (ex: acidentes, violência)"
2018,Estado,Região Centro-Oeste,Goiás,GO,Cap XX,6185,V01–Y98,"Causas externas de morbidade e mortalidade (ex: acidentes, violência)"
2018,Estado,Região Centro-Oeste,Distrito Federal,DF,Cap XX,1558,V01–Y98,"Causas externas de morbidade e mortalidade (ex: acidentes, violência)"
2019,Regiao,Região Norte,,,Cap XX,14055,V01–Y98,"Causas externas de morbidade e mortalidade (ex: acidentes, violência)"
2019,Estado,Região Norte,Rondônia,RO,Cap XX,1314,V01–Y98,"Causas externas de morbidade e mortalidade (ex: acidentes, violência)"
2019,Estado,Região Norte,Acre,AC,Cap XX,625,V01–Y98,"Causas externas de morbidade e mortalidade (ex: acidentes, violência)"
2019,Estado,Região Norte,Amazonas,AM,Cap XX,3030,V01–Y98,"Causas externas de morbidade e mortalidade (ex: acidentes, violência)"
2019,Estado,Região Norte,Roraima,RR,Cap XX,591,V01–Y98,"Causas externas de morbidade e mortalidade (ex: acidentes, violência)"
2019,Estado,Região Norte,Pará,PA,Cap XX,6487,V01–Y98,"Causas externas de morbidade e mortalidade (ex: acidentes, violência)"
2019,Estado,Região Norte,Amapá,AP,Cap XX,631,V01–Y98,"Causas externas de morbidade e mortalidade (ex: acidentes, violência)"
2019,Estado,Região Norte,Tocantins,TO,Cap XX,1377,V01–Y98,"Causas externas de morbidade e mortalidade (ex: acidentes, violência)"
2019,Regiao,Região Nordeste,,,Cap XX,44284,V01–Y98,"Causas externas de morbidade e mortalidade (ex: acidentes, violência)"
2019,Estado,Região Nordeste,Maranhão,MA,Cap XX,4514,V01–Y98,"Causas externas de morbidade e mortalidade (ex: acidentes, violência)"
2019,Estado,Região Nordeste,Piauí,PI,Cap XX,2261,V01–Y98,"Causas externas de morbidade e mortalidade (ex: acidentes, violência)"
2019,Estado,Região Nordeste,Ceará,CE,Cap XX,6826,V01–Y98,"Causas externas de morbidade e mortalidade (ex: acidentes, violência)"
2019,Estado,Região Nordeste,Rio Grande do Norte,RN,Cap XX,2595,V01–Y98,"Causas externas de morbidade e mortalidade (ex: acidentes, violência)"
2019,Estado,Região Nordeste,Paraíba,PB,Cap XX,2666,V01–Y98,"Causas externas de morbidade e mortalidade (ex: acidentes, violência)"
2019,Estado,Região Nordeste,Pernambuco,PE,Cap XX,8189,V01–Y98,"Causas externas de morbidade e mortalidade (ex: acidentes, violência)"
2019,Estado,Região Nordeste,Alagoas,AL,Cap XX,2383,V01–Y98,"Causas externas de morbidade e mortalidade (ex: acidentes, violência)"
2019,Estado,Região Nordeste,Sergipe,SE,Cap XX,1957,V01–Y98,"Causas externas de morbidade e mortalidade (ex: acidentes, violência)"
2019,Estado,Região Nordeste,Bahia,BA,Cap XX,12893,V01–Y98,"Causas externas de morbidade e mortalidade (ex: acidentes, violência)"
2019,Regiao,Região Sudeste,,,Cap XX,52133,V01–Y98,"Causas externas de morbidade e mortalidade (ex: acidentes, violência)"
2019,Estado,Região Sudeste,Minas Gerais,MG,Cap XX,13113,V01–Y98,"Causas externas de morbidade e mortalidade (ex: acidentes, violência)"
2019,Estado,Região Sudeste,Espírito Santo,ES,Cap XX,3302,V01–Y98,"Causas externas de morbidade e mortalidade (ex: acidentes, violência)"
2019,Estado,Região Sudeste,Rio de Janeiro,RJ,Cap XX,13969,V01–Y98,"Causas externas de morbidade e mortalidade (ex: acidentes, violência)"
2019,Estado,Região Sudeste,São Paulo,SP,Cap XX,21749,V01–Y98,"Causas externas de morbidade e mortalidade (ex: acidentes, violência)"
2019,Regiao,Região Sul,,,Cap XX,20329,V01–Y98,"Causas externas de morbidade e mortalidade (ex: acidentes, violência)"
2019,Estado,Região Sul,Paraná,PR,Cap XX,8388,V01–Y98,"Causas externas de morbidade e mortalidade (ex: acidentes, violência)"
2019,Estado,Região Sul,Santa Catarina,SC,Cap XX,4329,V01–Y98,"Causas externas de morbidade e mortalidade (ex: acidentes, violência)"
2019,Estado,Região Sul,Rio Grande do Sul,RS,Cap XX,7612,V01–Y98,"Causas externas de morbidade e mortalidade (ex: acidentes, violência)"
2019,Regiao,Região Centro-Oeste,,,Cap XX,11999,V01–Y98,"Causas externas de morbidade e mortalidade (ex: acidentes, violência)"
2019,Estado,Região Centro-Oeste,Mato Grosso do Sul,MS,Cap XX,1910,V01–Y98,"Causas externas de morbidade e mortalidade (ex: acidentes, violência)"
2019,Estado,Região Centro-Oeste,Mato Grosso,MT,Cap XX,2784,V01–Y98,"Causas externas de morbidade e mortalidade (ex: acidentes, violência)"
2019,Estado,Região Centro-Oeste,Goiás,GO,Cap XX,5829,V01–Y98,"Causas externas de morbidade e mortalidade (ex: acidentes, violência)"
2019,Estado,Região Centro-Oeste,Distrito Federal,DF,Cap XX,1476,V01–Y98,"Causas externas de morbidade e mortalidade (ex: acidentes, violência)"
2020,Regiao,Região Norte,,,Cap XX,13495,V01–Y98,"Causas externas de morbidade e mortalidade (ex: acidentes, violência)"
2020,Estado,Região Norte,Rondônia,RO,Cap XX,1378,V01–Y98,"Causas externas de morbidade e mortalidade (ex: acidentes, violência)"
2020,Estado,Região Norte,Acre,AC,Cap XX,596,V01–Y98,"Causas externas de morbidade e mortalidade (ex: acidentes, violência)"
2020,Estado,Região Norte,Amazonas,AM,Cap XX,2732,V01–Y98,"Causas externas de morbidade e mortalidade (ex: acidentes, violência)"
2020,Estado,Região Norte,Roraima,RR,Cap XX,601,V01–Y98,"Causas externas de morbidade e mortalidade (ex: acidentes, violência)"
2020,Estado,Região Norte,Pará,PA,Cap XX,6091,V01–Y98,"Causas externas de morbidade e mortalidade (ex: acidentes, violência)"
2020,Estado,Região Norte,Amapá,AP,Cap XX,677,V01–Y98,"Causas externas de morbidade e mortalidade (ex: acidentes, violência)"
2020,Estado,Região Norte,Tocantins,TO,Cap XX,1420,V01–Y98,"Causas externas de morbidade e mortalidade (ex: acidentes, violência)"
2020,Regiao,Região Nordeste,,,Cap XX,48592,V01–Y98,"Causas externas de morbidade e mortalidade (ex: acidentes, violência)"
2020,Estado,Região Nordeste,Maranhão,MA,Cap XX,4991,V01–Y98,"Causas externas de morbidade e mortalidade (ex: acidentes, violência)"
2020,Estado,Região Nordeste,Piauí,PI,Cap XX,2478,V01–Y98,"Causas externas de morbidade e mortalidade (ex: acidentes, violência)"
2020,Estado,Região Nordeste,Ceará,CE,Cap XX,8671,V01–Y98,"Causas externas de morbidade e mortalidade (ex: acidentes, violência)"
2020,Estado,Região Nordeste,Rio Grande do Norte,RN,Cap XX,2730,V01–Y98,"Causas externas de morbidade e mortalidade (ex: acidentes, violência)"
2020,Estado,Região Nordeste,Paraíba,PB,Cap XX,2976,V01–Y98,"Causas externas de morbidade e mortalidade (ex: acidentes, violência)"
2020,Estado,Região Nordeste,Pernambuco,PE,Cap XX,8653,V01–Y98,"Causas externas de morbidade e mortalidade (ex: acidentes, violência)"
2020,Estado,Região Nordeste,Alagoas,AL,Cap XX,2708,V01–Y98,"Causas externas de morbidade e mortalidade (ex: acidentes, violência)"
2020,Estado,Região Nordeste,Sergipe,SE,Cap XX,2010,V01–Y98,"Causas externas de morbidade e mortalidade (ex: acidentes, violência)"
2020,Estado,Região Nordeste,Bahia,BA,Cap XX,13375,V01–Y98,"Causas externas de morbidade e mortalidade (ex: acidentes, violência)"
2020,Regiao,Região Sudeste,,,Cap XX,51057,V01–Y98,"Causas externas de morbidade e mortalidade (ex: acidentes, violência)"
2020,Estado,Região Sudeste,Minas Gerais,MG,Cap XX,12416,V01–Y98,"Causas externas de morbidade e mortalidade (ex: acidentes, violência)"
2020,Estado,Região Sudeste,Espírito Santo,ES,Cap XX,3464,V01–Y98,"Causas externas de morbidade e mortalidade (ex: acidentes, violência)"
2020,Estado,Região Sudeste,Rio de Janeiro,RJ,Cap XX,12901,V01–Y98,"Causas externas de morbidade e mortalidade (ex: acidentes, violência)"
2020,Estado,Região Sudeste,São Paulo,SP,Cap XX,22276,V01–Y98,"Causas externas de morbidade e mortalidade (ex: acidentes, violência)"
2020,Regiao,Região Sul,,,Cap XX,20277,V01–Y98,"Causas externas de morbidade e mortalidade (ex: acidentes, violência)"
2020,Estado,Região Sul,Paraná,PR,Cap XX,8725,V01–Y98,"Causas externas de morbidade e mortalidade (ex: acidentes, violência)"
2020,Estado,Região Sul,Santa Catarina,SC,Cap XX,4342,V01–Y98,"Causas externas de morbidade e mortalidade (ex: acidentes, violência)"
2020,Estado,Região Sul,Rio Grande do Sul,RS,Cap XX,7210,V01–Y98,"Causas externas de morbidade e mortalidade (ex: acidentes, violência)"
2020,Regiao,Região Centro-Oeste,,,Cap XX,12617,V01–Y98,"Causas externas de morbidade e mortalidade (ex: acidentes, violência)"
2020,Estado,Região Centro-Oeste,Mato Grosso do Sul,MS,Cap XX,1906,V01–Y98,"Causas externas de morbidade e mortalidade (ex: acidentes, violência)"
2020,Estado,Região Centro-Oeste,Mato Grosso,MT,Cap XX,3142,V01–Y98,"Causas externas de morbidade e mortalidade (ex: acidentes, violência)"
2020,Estado,Região Centro-Oeste,Goiás,GO,Cap XX,6058,V01–Y98,"Causas externas de morbidade e mortalidade (ex: acidentes, violência)"
2020,Estado,Região Centro-Oeste,Distrito Federal,DF,Cap XX,1511,V01–Y98,"Causas externas de morbidade e mortalidade (ex: acidentes, violência)"
2021,Regiao,Região Norte,,,Cap XX,14404,V01–Y98,"Causas externas de morbidade e mortalidade (ex: acidentes, violência)"
2021,Estado,Região Norte,Rondônia,RO,Cap XX,1498,V01–Y98,"Causas externas de morbidade e mortalidade (ex: acidentes, violência)"
2021,Estado,Região Norte,Acre,AC,Cap XX,469,V01–Y98,"Causas externas de morbidade e mortalidade (ex: acidentes, violência)"
2021,Estado,Região Norte,Amazonas,AM,Cap XX,3303,V01–Y98,"Causas externas de morbidade e mortalidade (ex: acidentes, violência)"
2021,Estado,Região Norte,Roraima,RR,Cap XX,659,V01–Y98,"Causas externas de morbidade e mortalidade (ex: acidentes, violência)"
2021,Estado,Região Norte,Pará,PA,Cap XX,6182,V01–Y98,"Causas externas de morbidade e mortalidade (ex: acidentes, violência)"
2021,Estado,Região Norte,Amapá,AP,Cap XX,784,V01–Y98,"Causas externas de morbidade e mortalidade (ex: acidentes, violência)"
2021,Estado,Região Norte,Tocantins,TO,Cap XX,1509,V01–Y98,"Causas externas de morbidade e mortalidade (ex: acidentes, violência)"
2021,Regiao,Região Nordeste,,,Cap XX,47632,V01–Y98,"Causas externas de morbidade e mortalidade (ex: acidentes, violência)"
2021,Estado,Região Nordeste,Maranhão,MA,Cap XX,5056,V01–Y98,"Causas externas de morbidade e mortalidade (ex: acidentes, violência)"
2021,Estado,Região Nordeste,Piauí,PI,Cap XX,2652,V01–Y98,"Causas externas de morbidade e mortalidade (ex: acidentes, violência)"
2021,Estado,Região Nordeste,Ceará,CE,Cap XX,8157,V01–Y98,"Causas externas de morbidade e mortalidade (ex: acidentes, violência)"
2021,Estado,Região Nordeste,Rio Grande do Norte,RN,Cap XX,2576,V01–Y98,"Causas externas de morbidade e mortalidade (ex: acidentes, violência)"
2021,Estado,Região Nordeste,Paraíba,PB,Cap XX,2981,V01–Y98,"Causas externas de morbidade e mortalidade (ex: acidentes, violência)"
2021,Estado,Região Nordeste,Pernambuco,PE,Cap XX,8252,V01–Y98,"Causas externas de morbidade e mortalidade (ex: acidentes, violência)"
2021,Estado,Região Nordeste,Alagoas,AL,Cap XX,2473,V01–Y98,"Causas externas de morbidade e mortalidade (ex: acidentes, violência)"
2021,Estado,Região Nordeste,Sergipe,SE,Cap XX,1841,V01–Y98,"Causas externas de morbidade e mortalidade (ex: acidentes, violência)"
2021,Estado,Região Nordeste,Bahia,BA,Cap XX,13644,V01–Y98,"Causas externas de morbidade e mortalidade (ex: acidentes, violência)"
2021,Regiao,Região Sudeste,,,Cap XX,53247,V01–Y98,"Causas externas de morbidade e mortalidade (ex: acidentes, violência)"
2021,Estado,Região Sudeste,Minas Gerais,MG,Cap XX,13366,V01–Y98,"Causas externas de morbidade e mortalidade (ex: acidentes, violência)"
2021,Estado,Região Sudeste,Espírito Santo,ES,Cap XX,3744,V01–Y98,"Causas externas de morbidade e mortalidade (ex: acidentes, violência)"
2021,Estado,Região Sudeste,Rio de Janeiro,RJ,Cap XX,13034,V01–Y98,"Causas externas de morbidade e mortalidade (ex: acidentes, violência)"
2021,Estado,Região Sudeste,São Paulo,SP,Cap XX,23103,V01–Y98,"Causas externas de morbidade e mortalidade (ex: acidentes, violência)"
2021,Regiao,Região Sul,,,Cap XX,21412,V01–Y98,"Causas externas de morbidade e mortalidade (ex: acidentes, violência)"
2021,Estado,Região Sul,Paraná,PR,Cap XX,9172,V01–Y98,"Causas externas de morbidade e mortalidade (ex: acidentes, violência)"
2021,Estado,Região Sul,Santa Catarina,SC,Cap XX,4575,V01–Y98,"Causas externas de morbidade e mortalidade (ex: acidentes, violência)"
2021,Estado,Região Sul,Rio Grande do Sul,RS,Cap XX,7665,V01–Y98,"Causas externas de morbidade e mortalidade (ex: acidentes, violência)"
2021,Regiao,Região Centro-Oeste,,,Cap XX,12627,V01–Y98,"Causas externas de morbidade e mortalidade (ex: acidentes, violência)"
2021,Estado,Região Centro-Oeste,Mato Grosso do Sul,MS,Cap XX,2091,V01–Y98,"Causas externas de morbidade e mortalidade (ex: acidentes, violência)"
2021,Estado,Região Centro-Oeste,Mato Grosso,MT,Cap XX,3169,V01–Y98,"Causas externas de morbidade e mortalidade (ex: acidentes, violência)"
2021,Estado,Região Centro-Oeste,Goiás,GO,Cap XX,5905,V01–Y98,"Causas externas de morbidade e mortalidade (ex: acidentes, violência)"
2021,Estado,Região Centro-Oeste,Distrito Federal,DF,Cap XX,1462,V01–Y98,"Causas externas de morbidade e mortalidade (ex: acidentes, violência)"
2022,Regiao,Região Norte,,,Cap XX,14595,V01–Y98,"Causas externas de morbidade e mortalidade (ex: acidentes, violência)"
2022,Estado,Região Norte,Rondônia,RO,Cap XX,1599,V01–Y98,"Causas externas de morbidade e mortalidade (ex: acidentes, violência)"
2022,Estado,Região Norte,Acre,AC,Cap XX,522,V01–Y98,"Causas externas de morbidade e mortalidade (ex: acidentes, violência)"
2022,Estado,Região Norte,Amazonas,AM,Cap XX,3222,V01–Y98,"Causas externas de morbidade e mortalidade (ex: acidentes, violência)"
2022,Estado,Região Norte,Roraima,RR,Cap XX,611,V01–Y98,"Causas externas de morbidade e mortalidade (ex: acidentes, violência)"
2022,Estado,Região Norte,Pará,PA,Cap XX,6434,V01–Y98,"Causas externas de morbidade e mortalidade (ex: acidentes, violência)"
2022,Estado,Região Norte,Amapá,AP,Cap XX,691,V01–Y98,"Causas externas de morbidade e mortalidade (ex: acidentes, violência)"
2022,Estado,Região Norte,Tocantins,TO,Cap XX,1516,V01–Y98,"Causas externas de morbidade e mortalidade (ex: acidentes, violência)"
2022,Regiao,Região Nordeste,,,Cap XX,47813,V01–Y98,"Causas externas de morbidade e mortalidade (ex: acidentes, violência)"
2022,Estado,Região Nordeste,Maranhão,MA,Cap XX,4854,V01–Y98,"Causas externas de morbidade e mortalidade (ex: acidentes, violência)"
2022,Estado,Região Nordeste,Piauí,PI,Cap XX,2643,V01–Y98,"Causas externas de morbidade e mortalidade (ex: acidentes, violência)"
2022,Estado,Região Nordeste,Ceará,CE,Cap XX,8181,V01–Y98,"Causas externas de morbidade e mortalidade (ex: acidentes, violência)"
2022,Estado,Região Nordeste,Rio Grande do Norte,RN,Cap XX,2509,V01–Y98,"Causas externas de morbidade e mortalidade (ex: acidentes, violência)"
2022,Estado,Região Nordeste,Paraíba,PB,Cap XX,3070,V01–Y98,"Causas externas de morbidade e mortalidade (ex: acidentes, violência)"
2022,Estado,Região Nordeste,Pernambuco,PE,Cap XX,8502,V01–Y98,"Causas externas de morbidade e mortalidade (ex: acidentes, violência)"
2022,Estado,Região Nordeste,Alagoas,AL,Cap XX,2484,V01–Y98,"Causas externas de morbidade e mortalidade (ex: acidentes, violência)"
2022,Estado,Região Nordeste,Sergipe,SE,Cap XX,1922,V01–Y98,"Causas externas de morbidade e mortalidade (ex: acidentes, violência)"
2022,Estado,Região Nordeste,Bahia,BA,Cap XX,13648,V01–Y98,"Causas externas de morbidade e mortalidade (ex: acidentes, violência)"
2022,Regiao,Região Sudeste,,,Cap XX,54848,V01–Y98,"Causas externas de morbidade e mortalidade (ex: acidentes, violência)"
2022,Estado,Região Sudeste,Minas Gerais,MG,Cap XX,14021,V01–Y98,"Causas externas de morbidade e mortalidade (ex: acidentes, violência)"
2022,Estado,Região Sudeste,Espírito Santo,ES,Cap XX,3816,V01–Y98,"Causas externas de morbidade e mortalidade (ex: acidentes, violência)"
2022,Estado,Região Sudeste,Rio de Janeiro,RJ,Cap XX,12679,V01–Y98,"Causas externas de morbidade e mortalidade (ex: acidentes, violência)"
2022,Estado,Região Sudeste,São Paulo,SP,Cap XX,24332,V01–Y98,"Causas externas de morbidade e mortalidade (ex: acidentes, violência)"
2022,Regiao,Região Sul,,,Cap XX,22573,V01–Y98,"Causas externas de morbidade e mortalidade (ex: acidentes, violência)"
2022,Estado,Região Sul,Paraná,PR,Cap XX,9901,V01–Y98,"Causas externas de morbidade e mortalidade (ex: acidentes, violência)"
2022,Estado,Região Sul,Santa Catarina,SC,Cap XX,4762,V01–Y98,"Causas externas de morbidade e mortalidade (ex: acidentes, violência)"
2022,Estado,Região Sul,Rio Grande do Sul,RS,Cap XX,7910,V01–Y98,"Causas externas de morbidade e mortalidade (ex: acidentes, violência)"
2022,Regiao,Região Centro-Oeste,,,Cap XX,13116,V01–Y98,"Causas externas de morbidade e mortalidade (ex: acidentes, violência)"
2022,Estado,Região Centro-Oeste,Mato Grosso do Sul,MS,Cap XX,2261,V01–Y98,"Causas externas de morbidade e mortalidade (ex: acidentes, violência)"
2022,Estado,Região Centro-Oeste,Mato Grosso,MT,Cap XX,3421,V01–Y98,"Causas externas de morbidade e mortalidade (ex: acidentes, violência)"
2022,Estado,Região Centro-Oeste,Goiás,GO,Cap XX,5926,V01–Y98,"Causas externas de morbidade e mortalidade (ex: acidentes, violência)"
2022,Estado,Região Centro-Oeste,Distrito Federal,DF,Cap XX,1508,V01–Y98,"Causas externas de morbidade e mortalidade (ex: acidentes, violência)"
2023,Regiao,Região Norte,,,Cap XX,14323,V01–Y98,"Causas externas de morbidade e mortalidade (ex: acidentes, violência)"
2023,Estado,Região Norte,Rondônia,RO,Cap XX,1537,V01–Y98,"Causas externas de morbidade e mortalidade (ex: acidentes, violência)"
2023,Estado,Região Norte,Acre,AC,Cap XX,557,V01–Y98,"Causas externas de morbidade e mortalidade (ex: acidentes, violência)"
2023,Estado,Região Norte,Amazonas,AM,Cap XX,3112,V01–Y98,"Causas externas de morbidade e mortalidade (ex: acidentes, violência)"
2023,Estado,Região Norte,Roraima,RR,Cap XX,598,V01–Y98,"Causas externas de morbidade e mortalidade (ex: acidentes, violência)"
2023,Estado,Região Norte,Pará,PA,Cap XX,6178,V01–Y98,"Causas externas de morbidade e mortalidade (ex: acidentes, violência)"
2023,Estado,Região Norte,Amapá,AP,Cap XX,833,V01–Y98,"Causas externas de morbidade e mortalidade (ex: acidentes, violência)"
2023,Estado,Região Norte,Tocantins,TO,Cap XX,1508,V01–Y98,"Causas externas de morbidade e mortalidade (ex: acidentes, violência)"
2023,Regiao,Região Nordeste,,,Cap XX,48480,V01–Y98,"Causas externas de morbidade e mortalidade (ex: acidentes, violência)"
2023,Estado,Região Nordeste,Maranhão,MA,Cap XX,5155,V01–Y98,"Causas externas de morbidade e mortalidade (ex: acidentes, violência)"
2023,Estado,Região Nordeste,Piauí,PI,Cap XX,2743,V01–Y98,"Causas externas de morbidade e mortalidade (ex: acidentes, violência)"
2023,Estado,Região Nordeste,Ceará,CE,Cap XX,8306,V01–Y98,"Causas externas de morbidade e mortalidade (ex: acidentes, violência)"
2023,Estado,Região Nordeste,Rio Grande do Norte,RN,Cap XX,2253,V01–Y98,"Causas externas de morbidade e mortalidade (ex: acidentes, violência)"
2023,Estado,Região Nordeste,Paraíba,PB,Cap XX,3003,V01–Y98,"Causas externas de morbidade e mortalidade (ex: acidentes, violência)"
2023,Estado,Região Nordeste,Pernambuco,PE,Cap XX,8700,V01–Y98,"Causas externas de morbidade e mortalidade (ex: acidentes, violência)"
2023,Estado,Região Nordeste,Alagoas,AL,Cap XX,2691,V01–Y98,"Causas externas de morbidade e mortalidade (ex: acidentes, violência)"
2023,Estado,Região Nordeste,Sergipe,SE,Cap XX,1860,V01–Y98,"Causas externas de morbidade e mortalidade (ex: acidentes, violência)"
2023,Estado,Região Nordeste,Bahia,BA,Cap XX,13769,V01–Y98,"Causas externas de morbidade e mortalidade (ex: acidentes, violência)"
2023,Regiao,Região Sudeste,,,Cap XX,55931,V01–Y98,"Causas externas de morbidade e mortalidade (ex: acidentes, violência)"
2023,Estado,Região Sudeste,Minas Gerais,MG,Cap XX,14670,V01–Y98,"Causas externas de morbidade e mortalidade (ex: acidentes, violência)"
2023,Estado,Região Sudeste,Espírito Santo,ES,Cap XX,3959,V01–Y98,"Causas externas de morbidade e mortalidade (ex: acidentes, violência)"
2023,Estado,Região Sudeste,Rio de Janeiro,RJ,Cap XX,12852,V01–Y98,"Causas externas de morbidade e mortalidade (ex: acidentes, violência)"
2023,Estado,Região Sudeste,São Paulo,SP,Cap XX,24450,V01–Y98,"Causas externas de morbidade e mortalidade (ex: acidentes, violência)"
2023,Regiao,Região Sul,,,Cap XX,22340,V01–Y98,"Causas externas de morbidade e mortalidade (ex: acidentes, violência)"
2023,Estado,Região Sul,Paraná,PR,Cap XX,9368,V01–Y98,"Causas externas de morbidade e mortalidade (ex: acidentes, violência)"
2023,Estado,Região Sul,Santa Catarina,SC,Cap XX,4944,V01–Y98,"Causas externas de morbidade e mortalidade (ex: acidentes, violência)"
2023,Estado,Região Sul,Rio Grande do Sul,RS,Cap XX,8028,V01–Y98,"Causas externas de morbidade e mortalidade (ex: acidentes, violência)"
2023,Regiao,Região Centro-Oeste,,,Cap XX,13123,V01–Y98,"Causas externas de morbidade e mortalidade (ex: acidentes, violência)"
2023,Estado,Região Centro-Oeste,Mato Grosso do Sul,MS,Cap XX,2232,V01–Y98,"Causas externas de morbidade e mortalidade (ex: acidentes, violência)"
2023,Estado,Região Centro-Oeste,Mato Grosso,MT,Cap XX,3559,V01–Y98,"Causas externas de morbidade e mortalidade (ex: acidentes, violência)"
2023,Estado,Região Centro-Oeste,Goiás,GO,Cap XX,5824,V01–Y98,"Causas externas de morbidade e mortalidade (ex: acidentes, violência)"
2023,Estado,Região Centro-Oeste,Distrito Federal,DF,Cap XX,1508,V01–Y98,"Causas externas de morbidade e mortalidade (ex: acidentes, violência)"
2024,Regiao,Região Norte,,,Cap XX,14287,V01–Y98,"Causas externas de morbidade e mortalidade (ex: acidentes, violência)"
2024,Estado,Região Norte,Rondônia,RO,Cap XX,1592,V01–Y98,"Causas externas de morbidade e mortalidade (ex: acidentes, violência)"
2024,Estado,Região Norte,Acre,AC,Cap XX,569,V01–Y98,"Causas externas de morbidade e mortalidade (ex: acidentes, violência)"
2024,Estado,Região Norte,Amazonas,AM,Cap XX,3019,V01–Y98,"Causas externas de morbidade e mortalidade (ex: acidentes, violência)"
2024,Estado,Região Norte,Roraima,RR,Cap XX,556,V01–Y98,"Causas externas de morbidade e mortalidade (ex: acidentes, violência)"
2024,Estado,Região Norte,Pará,PA,Cap XX,6343,V01–Y98,"Causas externas de morbidade e mortalidade (ex: acidentes, violência)"
2024,Estado,Região Norte,Amapá,AP,Cap XX,701,V01–Y98,"Causas externas de morbidade e mortalidade (ex: acidentes, violência)"
2024,Estado,Região Norte,Tocantins,TO,Cap XX,1507,V01–Y98,"Causas externas de morbidade e mortalidade (ex: acidentes, violência)"
2024,Regiao,Região Nordeste,,,Cap XX,50488,V01–Y98,"Causas externas de morbidade e mortalidade (ex: acidentes, violência)"
2024,Estado,Região Nordeste,Maranhão,MA,Cap XX,5573,V01–Y98,"Causas externas de morbidade e mortalidade (ex: acidentes, violência)"
2024,Estado,Região Nordeste,Piauí,PI,Cap XX,2932,V01–Y98,"Causas externas de morbidade e mortalidade (ex: acidentes, violência)"
2024,Estado,Região Nordeste,Ceará,CE,Cap XX,9041,V01–Y98,"Causas externas de morbidade e mortalidade (ex: acidentes, violência)"
2024,Estado,Região Nordeste,Rio Grande do Norte,RN,Cap XX,2354,V01–Y98,"Causas externas de morbidade e mortalidade (ex: acidentes, violência)"
2024,Estado,Região Nordeste,Paraíba,PB,Cap XX,3191,V01–Y98,"Causas externas de morbidade e mortalidade (ex: acidentes, violência)"
2024,Estado,Região Nordeste,Pernambuco,PE,Cap XX,8866,V01–Y98,"Causas externas de morbidade e mortalidade (ex: acidentes, violência)"
2024,Estado,Região Nordeste,Alagoas,AL,Cap XX,2879,V01–Y98,"Causas externas de morbidade e mortalidade (ex: acidentes, violência)"
2024,Estado,Região Nordeste,Sergipe,SE,Cap XX,1823,V01–Y98,"Causas externas de morbidade e mortalidade (ex: acidentes, violência)"
2024,Estado,Região Nordeste,Bahia,BA,Cap XX,13829,V01–Y98,"Causas externas de morbidade e mortalidade (ex: acidentes, violência)"
2024,Regiao,Região Sudeste,,,Cap XX,58042,V01–Y98,"Causas externas de morbidade e mortalidade (ex: acidentes, violência)"
2024,Estado,Região Sudeste,Minas Gerais,MG,Cap XX,15452,V01–Y98,"Causas externas de morbidade e mortalidade (ex: acidentes, violência)"
2024,Estado,Região Sudeste,Espírito Santo,ES,Cap XX,4024,V01–Y98,"Causas externas de morbidade e mortalidade (ex: acidentes, violência)"
2024,Estado,Região Sudeste,Rio de Janeiro,RJ,Cap XX,12839,V01–Y98,"Causas externas de morbidade e mortalidade (ex: acidentes, violência)"
2024,Estado,Região Sudeste,São Paulo,SP,Cap XX,25727,V01–Y98,"Causas externas de morbidade e mortalidade (ex: acidentes, violência)"
2024,Regiao,Região Sul,,,Cap XX,23139,V01–Y98,"Causas externas de morbidade e mortalidade (ex: acidentes, violência)"
2024,Estado,Região Sul,Paraná,PR,Cap XX,9881,V01–Y98,"Causas externas de morbidade e mortalidade (ex: acidentes, violência)"
2024,Estado,Região Sul,Santa Catarina,SC,Cap XX,5078,V01–Y98,"Causas externas de morbidade e mortalidade (ex: acidentes, violência)"
2024,Estado,Região Sul,Rio Grande do Sul,RS,Cap XX,8180,V01–Y98,"Causas externas de morbidade e mortalidade (ex: acidentes, violência)"
2024,Regiao,Região Centro-Oeste,,,Cap XX,13578,V01–Y98,"Causas externas de morbidade e mortalidade (ex: acidentes, violência)"
2024,Estado,Região Centro-Oeste,Mato Grosso do Sul,MS,Cap XX,2300,V01–Y98,"Causas externas de morbidade e mortalidade (ex: acidentes, violência)"
2024,Estado,Região Centro-Oeste,Mato Grosso,MT,Cap XX,3598,V01–Y98,"Causas externas de morbidade e mortalidade (ex: acidentes, violência)"
2024,Estado,Região Centro-Oeste,Goiás,GO,Cap XX,6023,V01–Y98,"Causas externas de morbidade e mortalidade (ex: acidentes, violência)"
2024,Estado,Região Centro-Oeste,Distrito Federal,DF,Cap XX,1657,V01–Y98,"Causas externas de morbidade e mortalidade (ex: acidentes, violência)"
2025,Regiao,Região Norte,,,Cap XX,14182,V01–Y98,"Causas externas de morbidade e mortalidade (ex: acidentes, violência)"
2025,Estado,Região Norte,Rondônia,RO,Cap XX,1582,V01–Y98,"Causas externas de morbidade e mortalidade (ex: acidentes, violência)"
2025,Estado,Região Norte,Acre,AC,Cap XX,572,V01–Y98,"Causas externas de morbidade e mortalidade (ex: acidentes, violência)"
2025,Estado,Região Norte,Amazonas,AM,Cap XX,2547,V01–Y98,"Causas externas de morbidade e mortalidade (ex: acidentes, violência)"
2025,Estado,Região Norte,Roraima,RR,Cap XX,664,V01–Y98,"Causas externas de morbidade e mortalidade (ex: acidentes, violência)"
2025,Estado,Região Norte,Pará,PA,Cap XX,6529,V01–Y98,"Causas externas de morbidade e mortalidade (ex: acidentes, violência)"
2025,Estado,Região Norte,Amapá,AP,Cap XX,653,V01–Y98,"Causas externas de morbidade e mortalidade (ex: acidentes, violência)"
2025,Estado,Região Norte,Tocantins,TO,Cap XX,1635,V01–Y98,"Causas externas de morbidade e mortalidade (ex: acidentes, violência)"
2025,Regiao,Região Nordeste,,,Cap XX,49521,V01–Y98,"Causas externas de morbidade e mortalidade (ex: acidentes, violência)"
2025,Estado,Região Nordeste,Maranhão,MA,Cap XX,5551,V01–Y98,"Causas externas de morbidade e mortalidade (ex: acidentes, violência)"
2025,Estado,Região Nordeste,Piauí,PI,Cap XX,2874,V01–Y98,"Causas externas de morbidade e mortalidade (ex: acidentes, violência)"
2025,Estado,Região Nordeste,Ceará,CE,Cap XX,9142,V01–Y98,"Causas externas de morbidade e mortalidade (ex: acidentes, violência)"
2025,Estado,Região Nordeste,Rio Grande do Norte,RN,Cap XX,2442,V01–Y98,"Causas externas de morbidade e mortalidade (ex: acidentes, violência)"
2025,Estado,Região Nordeste,Paraíba,PB,Cap XX,3049,V01–Y98,"Causas externas de morbidade e mortalidade (ex: acidentes, violência)"
2025,Estado,Região Nordeste,Pernambuco,PE,Cap XX,8789,V01–Y98,"Causas externas de morbidade e mortalidade (ex: acidentes, violência)"
2025,Estado,Região Nordeste,Alagoas,AL,Cap XX,2856,V01–Y98,"Causas externas de morbidade e mortalidade (ex: acidentes, violência)"
2025,Estado,Região Nordeste,Sergipe,SE,Cap XX,1773,V01–Y98,"Causas externas de morbidade e mortalidade (ex: acidentes, violência)"
2025,Estado,Região Nordeste,Bahia,BA,Cap XX,13045,V01–Y98,"Causas externas de morbidade e mortalidade (ex: acidentes, violência)"
2025,Regiao,Região Sudeste,,,Cap XX,58445,V01–Y98,"Causas externas de morbidade e mortalidade (ex: acidentes, violência)"
2025,Estado,Região Sudeste,Minas Gerais,MG,Cap XX,15544,V01–Y98,"Causas externas de morbidade e mortalidade (ex: acidentes, violência)"
2025,Estado,Região Sudeste,Espírito Santo,ES,Cap XX,4053,V01–Y98,"Causas externas de morbidade e mortalidade (ex: acidentes, violência)"
2025,Estado,Região Sudeste,Rio de Janeiro,RJ,Cap XX,13287,V01–Y98,"Causas externas de morbidade e mortalidade (ex: acidentes, violência)"
2025,Estado,Região Sudeste,São Paulo,SP,Cap XX,25561,V01–Y98,"Causas externas de morbidade e mortalidade (ex: acidentes, violência)"
2025,Regiao,Região Sul,,,Cap XX,21942,V01–Y98,"Causas externas de morbidade e mortalidade (ex: acidentes, violência)"
2025,Estado,Região Sul,Paraná,PR,Cap XX,9300,V01–Y98,"Causas externas de morbidade e mortalidade (ex: acidentes, violência)"
2025,Estado,Região Sul,Santa Catarina,SC,Cap XX,5051,V01–Y98,"Causas externas de morbidade e mortalidade (ex: acidentes, violência)"
2025,Estado,Região Sul,Rio Grande do Sul,RS,Cap XX,7591,V01–Y98,"Causas externas de morbidade e mortalidade (ex: acidentes, violência)"
2025,Regiao,Região Centro-Oeste,,,Cap XX,12793,V01–Y98,"Causas externas de morbidade e mortalidade (ex: acidentes, violência)"
2025,Estado,Região Centro-Oeste,Mato Grosso do Sul,MS,Cap XX,2220,V01–Y98,"Causas externas de morbidade e mortalidade (ex: acidentes, violência)"
2025,Estado,Região Centro-Oeste,Mato Grosso,MT,Cap XX,3131,V01–Y98,"Causas externas de morbidade e mortalidade (ex: acidentes, violência)"
2025,Estado,Região Centro-Oeste,Goiás,GO,Cap XX,5889,V01–Y98,"Causas externas de morbidade e mortalidade (ex: acidentes, violência)"
2025,Estado,Região Centro-Oeste,Distrito Federal,DF,Cap XX,1553,V01–Y98,"Causas externas de morbidade e mortalidade (ex: acidentes, violência)"
2026,Regiao,Região Norte,,,Cap XX,4324,V01–Y98,"Causas externas de morbidade e mortalidade (ex: acidentes, violência)"
2026,Estado,Região Norte,Rondônia,RO,Cap XX,462,V01–Y98,"Causas externas de morbidade e mortalidade (ex: acidentes, violência)"
2026,Estado,Região Norte,Acre,AC,Cap XX,170,V01–Y98,"Causas externas de morbidade e mortalidade (ex: acidentes, violência)"
2026,Estado,Região Norte,Amazonas,AM,Cap XX,805,V01–Y98,"Causas externas de morbidade e mortalidade (ex: acidentes, violência)"
2026,Estado,Região Norte,Roraima,RR,Cap XX,169,V01–Y98,"Causas externas de morbidade e mortalidade (ex: acidentes, violência)"
2026,Estado,Região Norte,Pará,PA,Cap XX,2006,V01–Y98,"Causas externas de morbidade e mortalidade (ex: acidentes, violência)"
2026,Estado,Região Norte,Amapá,AP,Cap XX,219,V01–Y98,"Causas externas de morbidade e mortalidade (ex: acidentes, violência)"
2026,Estado,Região Norte,Tocantins,TO,Cap XX,493,V01–Y98,"Causas externas de morbidade e mortalidade (ex: acidentes, violência)"
2026,Regiao,Região Nordeste,,,Cap XX,16025,V01–Y98,"Causas externas de morbidade e mortalidade (ex: acidentes, violência)"
2026,Estado,Região Nordeste,Maranhão,MA,Cap XX,1927,V01–Y98,"Causas externas de morbidade e mortalidade (ex: acidentes, violência)"
2026,Estado,Região Nordeste,Piauí,PI,Cap XX,950,V01–Y98,"Causas externas de morbidade e mortalidade (ex: acidentes, violência)"
2026,Estado,Região Nordeste,Ceará,CE,Cap XX,2708,V01–Y98,"Causas externas de morbidade e mortalidade (ex: acidentes, violência)"
2026,Estado,Região Nordeste,Rio Grande do Norte,RN,Cap XX,789,V01–Y98,"Causas externas de morbidade e mortalidade (ex: acidentes, violência)"
2026,Estado,Região Nordeste,Paraíba,PB,Cap XX,1087,V01–Y98,"Causas externas de morbidade e mortalidade (ex: acidentes, violência)"
2026,Estado,Região Nordeste,Pernambuco,PE,Cap XX,2727,V01–Y98,"Causas externas de morbidade e mortalidade (ex: acidentes, violência)"
2026,Estado,Região Nordeste,Alagoas,AL,Cap XX,871,V01–Y98,"Causas externas de morbidade e mortalidade (ex: acidentes, violência)"
2026,Estado,Região Nordeste,Sergipe,SE,Cap XX,679,V01–Y98,"Causas externas de morbidade e mortalidade (ex: acidentes, violência)"
2026,Estado,Região Nordeste,Bahia,BA,Cap XX,4287,V01–Y98,"Causas externas de morbidade e mortalidade (ex: acidentes, violência)"
2026,Regiao,Região Sudeste,,,Cap XX,18667,V01–Y98,"Causas externas de morbidade e mortalidade (ex: acidentes, violência)"
2026,Estado,Região Sudeste,Minas Gerais,MG,Cap XX,4505,V01–Y98,"Causas externas de morbidade e mortalidade (ex: acidentes, violência)"
2026,Estado,Região Sudeste,Espírito Santo,ES,Cap XX,1338,V01–Y98,"Causas externas de morbidade e mortalidade (ex: acidentes, violência)"
2026,Estado,Região Sudeste,Rio de Janeiro,RJ,Cap XX,4275,V01–Y98,"Causas externas de morbidade e mortalidade (ex: acidentes, violência)"
2026,Estado,Região Sudeste,São Paulo,SP,Cap XX,8549,V01–Y98,"Causas externas de morbidade e mortalidade (ex: acidentes, violência)"
2026,Regiao,Região Sul,,,Cap XX,7516,V01–Y98,"Causas externas de morbidade e mortalidade (ex: acidentes, violência)"
2026,Estado,Região Sul,Paraná,PR,Cap XX,3289,V01–Y98,"Causas externas de morbidade e mortalidade (ex: acidentes, violência)"
2026,Estado,Região Sul,Santa Catarina,SC,Cap XX,1838,V01–Y98,"Causas externas de morbidade e mortalidade (ex: acidentes, violência)"
2026,Estado,Região Sul,Rio Grande do Sul,RS,Cap XX,2389,V01–Y98,"Causas externas de morbidade e mortalidade (ex: acidentes, violência)"
2026,Regiao,Região Centro-Oeste,,,Cap XX,3965,V01–Y98,"Causas externas de morbidade e mortalidade (ex: acidentes, violência)"
2026,Estado,Região Centro-Oeste,Mato Grosso do Sul,MS,Cap XX,729,V01–Y98,"Causas externas de morbidade e mortalidade (ex: acidentes, violência)"
2026,Estado,Região Centro-Oeste,Mato Grosso,MT,Cap XX,893,V01–Y98,"Causas externas de morbidade e mortalidade (ex: acidentes, violência)"
2026,Estado,Região Centro-Oeste,Goiás,GO,Cap XX,1835,V01–Y98,"Causas externas de morbidade e mortalidade (ex: acidentes, violência)"
2026,Estado,Região Centro-Oeste,Distrito Federal,DF,Cap XX,508,V01–Y98,"Causas externas de morbidade e mortalidade (ex: acidentes, violência)"
2016,Regiao,Região Norte,,,Cap XIX,0,S00–T98,"Lesões, envenenamento e outras consequências de causas externas"
2016,Estado,Região Norte,Rondônia,RO,Cap XIX,0,S00–T98,"Lesões, envenenamento e outras consequências de causas externas"
2016,Estado,Região Norte,Acre,AC,Cap XIX,0,S00–T98,"Lesões, envenenamento e outras consequências de causas externas"
2016,Estado,Região Norte,Amazonas,AM,Cap XIX,0,S00–T98,"Lesões, envenenamento e outras consequências de causas externas"
2016,Estado,Região Norte,Roraima,RR,Cap XIX,0,S00–T98,"Lesões, envenenamento e outras consequências de causas externas"
2016,Estado,Região Norte,Pará,PA,Cap XIX,0,S00–T98,"Lesões, envenenamento e outras consequências de causas externas"
2016,Estado,Região Norte,Amapá,AP,Cap XIX,0,S00–T98,"Lesões, envenenamento e outras consequências de causas externas"
2016,Estado,Região Norte,Tocantins,TO,Cap XIX,0,S00–T98,"Lesões, envenenamento e outras consequências de causas externas"
2016,Regiao,Região Nordeste,,,Cap XIX,0,S00–T98,"Lesões, envenenamento e outras consequências de causas externas"
2016,Estado,Região Nordeste,Maranhão,MA,Cap XIX,0,S00–T98,"Lesões, envenenamento e outras consequências de causas externas"
2016,Estado,Região Nordeste,Piauí,PI,Cap XIX,0,S00–T98,"Lesões, envenenamento e outras consequências de causas externas"
2016,Estado,Região Nordeste,Ceará,CE,Cap XIX,0,S00–T98,"Lesões, envenenamento e outras consequências de causas externas"
2016,Estado,Região Nordeste,Rio Grande do Norte,RN,Cap XIX,0,S00–T98,"Lesões, envenenamento e outras consequências de causas externas"
2016,Estado,Região Nordeste,Paraíba,PB,Cap XIX,0,S00–T98,"Lesões, envenenamento e outras consequências de causas externas"
2016,Estado,Região Nordeste,Pernambuco,PE,Cap XIX,0,S00–T98,"Lesões, envenenamento e outras consequências de causas externas"
2016,Estado,Região Nordeste,Alagoas,AL,Cap XIX,0,S00–T98,"Lesões, envenenamento e outras consequências de causas externas"
2016,Estado,Região Nordeste,Sergipe,SE,Cap XIX,0,S00–T98,"Lesões, envenenamento e outras consequências de causas externas"
2016,Estado,Região Nordeste,Bahia,BA,Cap XIX,0,S00–T98,"Lesões, envenenamento e outras consequências de causas externas"
2016,Regiao,Região Sudeste,,,Cap XIX,0,S00–T98,"Lesões, envenenamento e outras consequências de causas externas"
2016,Estado,Região Sudeste,Minas Gerais,MG,Cap XIX,0,S00–T98,"Lesões, envenenamento e outras consequências de causas externas"
2016,Estado,Região Sudeste,Espírito Santo,ES,Cap XIX,0,S00–T98,"Lesões, envenenamento e outras consequências de causas externas"
2016,Estado,Região Sudeste,Rio de Janeiro,RJ,Cap XIX,0,S00–T98,"Lesões, envenenamento e outras consequências de causas externas"
2016,Estado,Região Sudeste,São Paulo,SP,Cap XIX,0,S00–T98,"Lesões, envenenamento e outras consequências de causas externas"
2016,Regiao,Região Sul,,,Cap XIX,0,S00–T98,"Lesões, envenenamento e outras consequências de causas externas"
2016,Estado,Região Sul,Paraná,PR,Cap XIX,0,S00–T98,"Lesões, envenenamento e outras consequências de causas externas"
2016,Estado,Região Sul,Santa Catarina,SC,Cap XIX,0,S00–T98,"Lesões, envenenamento e outras consequências de causas externas"
2016,Estado,Região Sul,Rio Grande do Sul,RS,Cap XIX,0,S00–T98,"Lesões, envenenamento e outras consequências de causas externas"
2016,Regiao,Região Centro-Oeste,,,Cap XIX,0,S00–T98,"Lesões, envenenamento e outras consequências de causas externas"
2016,Estado,Região Centro-Oeste,Mato Grosso do Sul,MS,Cap XIX,0,S00–T98,"Lesões, envenenamento e outras consequências de causas externas"
2016,Estado,Região Centro-Oeste,Mato Grosso,MT,Cap XIX,0,S00–T98,"Lesões, envenenamento e outras consequências de causas externas"
2016,Estado,Região Centro-Oeste,Goiás,GO,Cap XIX,0,S00–T98,"Lesões, envenenamento e outras consequências de causas externas"
2016,Estado,Região Centro-Oeste,Distrito Federal,DF,Cap XIX,0,S00–T98,"Lesões, envenenamento e outras consequências de causas externas"
2017,Regiao,Região Norte,,,Cap XIX,0,S00–T98,"Lesões, envenenamento e outras consequências de causas externas"
2017,Estado,Região Norte,Rondônia,RO,Cap XIX,0,S00–T98,"Lesões, envenenamento e outras consequências de causas externas"
2017,Estado,Região Norte,Acre,AC,Cap XIX,0,S00–T98,"Lesões, envenenamento e outras consequências de causas externas"
2017,Estado,Região Norte,Amazonas,AM,Cap XIX,0,S00–T98,"Lesões, envenenamento e outras consequências de causas externas"
2017,Estado,Região Norte,Roraima,RR,Cap XIX,0,S00–T98,"Lesões, envenenamento e outras consequências de causas externas"
2017,Estado,Região Norte,Pará,PA,Cap XIX,0,S00–T98,"Lesões, envenenamento e outras consequências de causas externas"
2017,Estado,Região Norte,Amapá,AP,Cap XIX,0,S00–T98,"Lesões, envenenamento e outras consequências de causas externas"
2017,Estado,Região Norte,Tocantins,TO,Cap XIX,0,S00–T98,"Lesões, envenenamento e outras consequências de causas externas"
2017,Regiao,Região Nordeste,,,Cap XIX,0,S00–T98,"Lesões, envenenamento e outras consequências de causas externas"
2017,Estado,Região Nordeste,Maranhão,MA,Cap XIX,0,S00–T98,"Lesões, envenenamento e outras consequências de causas externas"
2017,Estado,Região Nordeste,Piauí,PI,Cap XIX,0,S00–T98,"Lesões, envenenamento e outras consequências de causas externas"
2017,Estado,Região Nordeste,Ceará,CE,Cap XIX,0,S00–T98,"Lesões, envenenamento e outras consequências de causas externas"
2017,Estado,Região Nordeste,Rio Grande do Norte,RN,Cap XIX,0,S00–T98,"Lesões, envenenamento e outras consequências de causas externas"
2017,Estado,Região Nordeste,Paraíba,PB,Cap XIX,0,S00–T98,"Lesões, envenenamento e outras consequências de causas externas"
2017,Estado,Região Nordeste,Pernambuco,PE,Cap XIX,0,S00–T98,"Lesões, envenenamento e outras consequências de causas externas"
2017,Estado,Região Nordeste,Alagoas,AL,Cap XIX,0,S00–T98,"Lesões, envenenamento e outras consequências de causas externas"
2017,Estado,Região Nordeste,Sergipe,SE,Cap XIX,0,S00–T98,"Lesões, envenenamento e outras consequências de causas externas"
2017,Estado,Região Nordeste,Bahia,BA,Cap XIX,0,S00–T98,"Lesões, envenenamento e outras consequências de causas externas"
2017,Regiao,Região Sudeste,,,Cap XIX,0,S00–T98,"Lesões, envenenamento e outras consequências de causas externas"
2017,Estado,Região Sudeste,Minas Gerais,MG,Cap XIX,0,S00–T98,"Lesões, envenenamento e outras consequências de causas externas"
2017,Estado,Região Sudeste,Espírito Santo,ES,Cap XIX,0,S00–T98,"Lesões, envenenamento e outras consequências de causas externas"
2017,Estado,Região Sudeste,Rio de Janeiro,RJ,Cap XIX,0,S00–T98,"Lesões, envenenamento e outras consequências de causas externas"
2017,Estado,Região Sudeste,São Paulo,SP,Cap XIX,0,S00–T98,"Lesões, envenenamento e outras consequências de causas externas"
2017,Regiao,Região Sul,,,Cap XIX,0,S00–T98,"Lesões, envenenamento e outras consequências de causas externas"
2017,Estado,Região Sul,Paraná,PR,Cap XIX,0,S00–T98,"Lesões, envenenamento e outras consequências de causas externas"
2017,Estado,Região Sul,Santa Catarina,SC,Cap XIX,0,S00–T98,"Lesões, envenenamento e outras consequências de causas externas"
2017,Estado,Região Sul,Rio Grande do Sul,RS,Cap XIX,0,S00–T98,"Lesões, envenenamento e outras consequências de causas externas"
2017,Regiao,Região Centro-Oeste,,,Cap XIX,0,S00–T98,"Lesões, envenenamento e outras consequências de causas externas"
2017,Estado,Região Centro-Oeste,Mato Grosso do Sul,MS,Cap XIX,0,S00–T98,"Lesões, envenenamento e outras consequências de causas externas"
2017,Estado,Região Centro-Oeste,Mato Grosso,MT,Cap XIX,0,S00–T98,"Lesões, envenenamento e outras consequências de causas externas"
2017,Estado,Região Centro-Oeste,Goiás,GO,Cap XIX,0,S00–T98,"Lesões, envenenamento e outras consequências de causas externas"
2017,Estado,Região Centro-Oeste,Distrito Federal,DF,Cap XIX,0,S00–T98,"Lesões, envenenamento e outras consequências de causas externas"
2018,Regiao,Região Norte,,,Cap XIX,0,S00–T98,"Lesões, envenenamento e outras consequências de causas externas"
2018,Estado,Região Norte,Rondônia,RO,Cap XIX,0,S00–T98,"Lesões, envenenamento e outras consequências de causas externas"
2018,Estado,Região Norte,Acre,AC,Cap XIX,0,S00–T98,"Lesões, envenenamento e outras consequências de causas externas"
2018,Estado,Região Norte,Amazonas,AM,Cap XIX,0,S00–T98,"Lesões, envenenamento e outras consequências de causas externas"
2018,Estado,Região Norte,Roraima,RR,Cap XIX,0,S00–T98,"Lesões, envenenamento e outras consequências de causas externas"
2018,Estado,Região Norte,Pará,PA,Cap XIX,0,S00–T98,"Lesões, envenenamento e outras consequências de causas externas"
2018,Estado,Região Norte,Amapá,AP,Cap XIX,0,S00–T98,"Lesões, envenenamento e outras consequências de causas externas"
2018,Estado,Região Norte,Tocantins,TO,Cap XIX,0,S00–T98,"Lesões, envenenamento e outras consequências de causas externas"
2018,Regiao,Região Nordeste,,,Cap XIX,0,S00–T98,"Lesões, envenenamento e outras consequências de causas externas"
2018,Estado,Região Nordeste,Maranhão,MA,Cap XIX,0,S00–T98,"Lesões, envenenamento e outras consequências de causas externas"
2018,Estado,Região Nordeste,Piauí,PI,Cap XIX,0,S00–T98,"Lesões, envenenamento e outras consequências de causas externas"
2018,Estado,Região Nordeste,Ceará,CE,Cap XIX,0,S00–T98,"Lesões, envenenamento e outras consequências de causas externas"
2018,Estado,Região Nordeste,Rio Grande do Norte,RN,Cap XIX,0,S00–T98,"Lesões, envenenamento e outras consequências de causas externas"
2018,Estado,Região Nordeste,Paraíba,PB,Cap XIX,0,S00–T98,"Lesões, envenenamento e outras consequências de causas externas"
2018,Estado,Região Nordeste,Pernambuco,PE,Cap XIX,0,S00–T98,"Lesões, envenenamento e outras consequências de causas externas"
2018,Estado,Região Nordeste,Alagoas,AL,Cap XIX,0,S00–T98,"Lesões, envenenamento e outras consequências de causas externas"
2018,Estado,Região Nordeste,Sergipe,SE,Cap XIX,0,S00–T98,"Lesões, envenenamento e outras consequências de causas externas"
2018,Estado,Região Nordeste,Bahia,BA,Cap XIX,0,S00–T98,"Lesões, envenenamento e outras consequências de causas externas"
2018,Regiao,Região Sudeste,,,Cap XIX,0,S00–T98,"Lesões, envenenamento e outras consequências de causas externas"
2018,Estado,Região Sudeste,Minas Gerais,MG,Cap XIX,0,S00–T98,"Lesões, envenenamento e outras consequências de causas externas"
2018,Estado,Região Sudeste,Espírito Santo,ES,Cap XIX,0,S00–T98,"Lesões, envenenamento e outras consequências de causas externas"
2018,Estado,Região Sudeste,Rio de Janeiro,RJ,Cap XIX,0,S00–T98,"Lesões, envenenamento e outras consequências de causas externas"
2018,Estado,Região Sudeste,São Paulo,SP,Cap XIX,0,S00–T98,"Lesões, envenenamento e outras consequências de causas externas"
2018,Regiao,Região Sul,,,Cap XIX,0,S00–T98,"Lesões, envenenamento e outras consequências de causas externas"
2018,Estado,Região Sul,Paraná,PR,Cap XIX,0,S00–T98,"Lesões, envenenamento e outras consequências de causas externas"
2018,Estado,Região Sul,Santa Catarina,SC,Cap XIX,0,S00–T98,"Lesões, envenenamento e outras consequências de causas externas"
2018,Estado,Região Sul,Rio Grande do Sul,RS,Cap XIX,0,S00–T98,"Lesões, envenenamento e outras consequências de causas externas"
2018,Regiao,Região Centro-Oeste,,,Cap XIX,0,S00–T98,"Lesões, envenenamento e outras consequências de causas externas"
2018,Estado,Região Centro-Oeste,Mato Grosso do Sul,MS,Cap XIX,0,S00–T98,"Lesões, envenenamento e outras consequências de causas externas"
2018,Estado,Região Centro-Oeste,Mato Grosso,MT,Cap XIX,0,S00–T98,"Lesões, envenenamento e outras consequências de causas externas"
2018,Estado,Região Centro-Oeste,Goiás,GO,Cap XIX,0,S00–T98,"Lesões, envenenamento e outras consequências de causas externas"
2018,Estado,Região Centro-Oeste,Distrito Federal,DF,Cap XIX,0,S00–T98,"Lesões, envenenamento e outras consequências de causas externas"
2019,Regiao,Região Norte,,,Cap XIX,0,S00–T98,"Lesões, envenenamento e outras consequências de causas externas"
2019,Estado,Região Norte,Rondônia,RO,Cap XIX,0,S00–T98,"Lesões, envenenamento e outras consequências de causas externas"
2019,Estado,Região Norte,Acre,AC,Cap XIX,0,S00–T98,"Lesões, envenenamento e outras consequências de causas externas"
2019,Estado,Região Norte,Amazonas,AM,Cap XIX,0,S00–T98,"Lesões, envenenamento e outras consequências de causas externas"
2019,Estado,Região Norte,Roraima,RR,Cap XIX,0,S00–T98,"Lesões, envenenamento e outras consequências de causas externas"
2019,Estado,Região Norte,Pará,PA,Cap XIX,0,S00–T98,"Lesões, envenenamento e outras consequências de causas externas"
2019,Estado,Região Norte,Amapá,AP,Cap XIX,0,S00–T98,"Lesões, envenenamento e outras consequências de causas externas"
2019,Estado,Região Norte,Tocantins,TO,Cap XIX,0,S00–T98,"Lesões, envenenamento e outras consequências de causas externas"
2019,Regiao,Região Nordeste,,,Cap XIX,0,S00–T98,"Lesões, envenenamento e outras consequências de causas externas"
2019,Estado,Região Nordeste,Maranhão,MA,Cap XIX,0,S00–T98,"Lesões, envenenamento e outras consequências de causas externas"
2019,Estado,Região Nordeste,Piauí,PI,Cap XIX,0,S00–T98,"Lesões, envenenamento e outras consequências de causas externas"
2019,Estado,Região Nordeste,Ceará,CE,Cap XIX,0,S00–T98,"Lesões, envenenamento e outras consequências de causas externas"
2019,Estado,Região Nordeste,Rio Grande do Norte,RN,Cap XIX,0,S00–T98,"Lesões, envenenamento e outras consequências de causas externas"
2019,Estado,Região Nordeste,Paraíba,PB,Cap XIX,0,S00–T98,"Lesões, envenenamento e outras consequências de causas externas"
2019,Estado,Região Nordeste,Pernambuco,PE,Cap XIX,0,S00–T98,"Lesões, envenenamento e outras consequências de causas externas"
2019,Estado,Região Nordeste,Alagoas,AL,Cap XIX,0,S00–T98,"Lesões, envenenamento e outras consequências de causas externas"
2019,Estado,Região Nordeste,Sergipe,SE,Cap XIX,0,S00–T98,"Lesões, envenenamento e outras consequências de causas externas"
2019,Estado,Região Nordeste,Bahia,BA,Cap XIX,0,S00–T98,"Lesões, envenenamento e outras consequências de causas externas"
2019,Regiao,Região Sudeste,,,Cap XIX,0,S00–T98,"Lesões, envenenamento e outras consequências de causas externas"
2019,Estado,Região Sudeste,Minas Gerais,MG,Cap XIX,0,S00–T98,"Lesões, envenenamento e outras consequências de causas externas"
2019,Estado,Região Sudeste,Espírito Santo,ES,Cap XIX,0,S00–T98,"Lesões, envenenamento e outras consequências de causas externas"
2019,Estado,Região Sudeste,Rio de Janeiro,RJ,Cap XIX,0,S00–T98,"Lesões, envenenamento e outras consequências de causas externas"
2019,Estado,Região Sudeste,São Paulo,SP,Cap XIX,0,S00–T98,"Lesões, envenenamento e outras consequências de causas externas"
2019,Regiao,Região Sul,,,Cap XIX,0,S00–T98,"Lesões, envenenamento e outras consequências de causas externas"
2019,Estado,Região Sul,Paraná,PR,Cap XIX,0,S00–T98,"Lesões, envenenamento e outras consequências de causas externas"
2019,Estado,Região Sul,Santa Catarina,SC,Cap XIX,0,S00–T98,"Lesões, envenenamento e outras consequências de causas externas"
2019,Estado,Região Sul,Rio Grande do Sul,RS,Cap XIX,0,S00–T98,"Lesões, envenenamento e outras consequências de causas externas"
2019,Regiao,Região Centro-Oeste,,,Cap XIX,0,S00–T98,"Lesões, envenenamento e outras consequências de causas externas"
2019,Estado,Região Centro-Oeste,Mato Grosso do Sul,MS,Cap XIX,0,S00–T98,"Lesões, envenenamento e outras consequências de causas externas"
2019,Estado,Região Centro-Oeste,Mato Grosso,MT,Cap XIX,0,S00–T98,"Lesões, envenenamento e outras consequências de causas externas"
2019,Estado,Região Centro-Oeste,Goiás,GO,Cap XIX,0,S00–T98,"Lesões, envenenamento e outras consequências de causas externas"
2019,Estado,Região Centro-Oeste,Distrito Federal,DF,Cap XIX,0,S00–T98,"Lesões, envenenamento e outras consequências de causas externas"
2020,Regiao,Região Norte,,,Cap XIX,0,S00–T98,"Lesões, envenenamento e outras consequências de causas externas"
2020,Estado,Região Norte,Rondônia,RO,Cap XIX,0,S00–T98,"Lesões, envenenamento e outras consequências de causas externas"
2020,Estado,Região Norte,Acre,AC,Cap XIX,0,S00–T98,"Lesões, envenenamento e outras consequências de causas externas"
2020,Estado,Região Norte,Amazonas,AM,Cap XIX,0,S00–T98,"Lesões, envenenamento e outras consequências de causas externas"
2020,Estado,Região Norte,Roraima,RR,Cap XIX,0,S00–T98,"Lesões, envenenamento e outras consequências de causas externas"
2020,Estado,Região Norte,Pará,PA,Cap XIX,0,S00–T98,"Lesões, envenenamento e outras consequências de causas externas"
2020,Estado,Região Norte,Amapá,AP,Cap XIX,0,S00–T98,"Lesões, envenenamento e outras consequências de causas externas"
2020,Estado,Região Norte,Tocantins,TO,Cap XIX,0,S00–T98,"Lesões, envenenamento e outras consequências de causas externas"
2020,Regiao,Região Nordeste,,,Cap XIX,0,S00–T98,"Lesões, envenenamento e outras consequências de causas externas"
2020,Estado,Região Nordeste,Maranhão,MA,Cap XIX,0,S00–T98,"Lesões, envenenamento e outras consequências de causas externas"
2020,Estado,Região Nordeste,Piauí,PI,Cap XIX,0,S00–T98,"Lesões, envenenamento e outras consequências de causas externas"
2020,Estado,Região Nordeste,Ceará,CE,Cap XIX,0,S00–T98,"Lesões, envenenamento e outras consequências de causas externas"
2020,Estado,Região Nordeste,Rio Grande do Norte,RN,Cap XIX,0,S00–T98,"Lesões, envenenamento e outras consequências de causas externas"
2020,Estado,Região Nordeste,Paraíba,PB,Cap XIX,0,S00–T98,"Lesões, envenenamento e outras consequências de causas externas"
2020,Estado,Região Nordeste,Pernambuco,PE,Cap XIX,0,S00–T98,"Lesões, envenenamento e outras consequências de causas externas"
2020,Estado,Região Nordeste,Alagoas,AL,Cap XIX,0,S00–T98,"Lesões, envenenamento e outras consequências de causas externas"
2020,Estado,Região Nordeste,Sergipe,SE,Cap XIX,0,S00–T98,"Lesões, envenenamento e outras consequências de causas externas"
2020,Estado,Região Nordeste,Bahia,BA,Cap XIX,0,S00–T98,"Lesões, envenenamento e outras consequências de causas externas"
2020,Regiao,Região Sudeste,,,Cap XIX,0,S00–T98,"Lesões, envenenamento e outras consequências de causas externas"
2020,Estado,Região Sudeste,Minas Gerais,MG,Cap XIX,0,S00–T98,"Lesões, envenenamento e outras consequências de causas externas"
2020,Estado,Região Sudeste,Espírito Santo,ES,Cap XIX,0,S00–T98,"Lesões, envenenamento e outras consequências de causas externas"
2020,Estado,Região Sudeste,Rio de Janeiro,RJ,Cap XIX,0,S00–T98,"Lesões, envenenamento e outras consequências de causas externas"
2020,Estado,Região Sudeste,São Paulo,SP,Cap XIX,0,S00–T98,"Lesões, envenenamento e outras consequências de causas externas"
2020,Regiao,Região Sul,,,Cap XIX,0,S00–T98,"Lesões, envenenamento e outras consequências de causas externas"
2020,Estado,Região Sul,Paraná,PR,Cap XIX,0,S00–T98,"Lesões, envenenamento e outras consequências de causas externas"
2020,Estado,Região Sul,Santa Catarina,SC,Cap XIX,0,S00–T98,"Lesões, envenenamento e outras consequências de causas externas"
2020,Estado,Região Sul,Rio Grande do Sul,RS,Cap XIX,0,S00–T98,"Lesões, envenenamento e outras consequências de causas externas"
2020,Regiao,Região Centro-Oeste,,,Cap XIX,0,S00–T98,"Lesões, envenenamento e outras consequências de causas externas"
2020,Estado,Região Centro-Oeste,Mato Grosso do Sul,MS,Cap XIX,0,S00–T98,"Lesões, envenenamento e outras consequências de causas externas"
2020,Estado,Região Centro-Oeste,Mato Grosso,MT,Cap XIX,0,S00–T98,"Lesões, envenenamento e outras consequências de causas externas"
2020,Estado,Região Centro-Oeste,Goiás,GO,Cap XIX,0,S00–T98,"Lesões, envenenamento e outras consequências de causas externas"
2020,Estado,Região Centro-Oeste,Distrito Federal,DF,Cap XIX,0,S00–T98,"Lesões, envenenamento e outras consequências de causas externas"
2021,Regiao,Região Norte,,,Cap XIX,0,S00–T98,"Lesões, envenenamento e outras consequências de causas externas"
2021,Estado,Região Norte,Rondônia,RO,Cap XIX,0,S00–T98,"Lesões, envenenamento e outras consequências de causas externas"
2021,Estado,Região Norte,Acre,AC,Cap XIX,0,S00–T98,"Lesões, envenenamento e outras consequências de causas externas"
2021,Estado,Região Norte,Amazonas,AM,Cap XIX,0,S00–T98,"Lesões, envenenamento e outras consequências de causas externas"
2021,Estado,Região Norte,Roraima,RR,Cap XIX,0,S00–T98,"Lesões, envenenamento e outras consequências de causas externas"
2021,Estado,Região Norte,Pará,PA,Cap XIX,0,S00–T98,"Lesões, envenenamento e outras consequências de causas externas"
2021,Estado,Região Norte,Amapá,AP,Cap XIX,0,S00–T98,"Lesões, envenenamento e outras consequências de causas externas"
2021,Estado,Região Norte,Tocantins,TO,Cap XIX,0,S00–T98,"Lesões, envenenamento e outras consequências de causas externas"
2021,Regiao,Região Nordeste,,,Cap XIX,0,S00–T98,"Lesões, envenenamento e outras consequências de causas externas"
2021,Estado,Região Nordeste,Maranhão,MA,Cap XIX,0,S00–T98,"Lesões, envenenamento e outras consequências de causas externas"
2021,Estado,Região Nordeste,Piauí,PI,Cap XIX,0,S00–T98,"Lesões, envenenamento e outras consequências de causas externas"
2021,Estado,Região Nordeste,Ceará,CE,Cap XIX,0,S00–T98,"Lesões, envenenamento e outras consequências de causas externas"
2021,Estado,Região Nordeste,Rio Grande do Norte,RN,Cap XIX,0,S00–T98,"Lesões, envenenamento e outras consequências de causas externas"
2021,Estado,Região Nordeste,Paraíba,PB,Cap XIX,0,S00–T98,"Lesões, envenenamento e outras consequências de causas externas"
2021,Estado,Região Nordeste,Pernambuco,PE,Cap XIX,0,S00–T98,"Lesões, envenenamento e outras consequências de causas externas"
2021,Estado,Região Nordeste,Alagoas,AL,Cap XIX,0,S00–T98,"Lesões, envenenamento e outras consequências de causas externas"
2021,Estado,Região Nordeste,Sergipe,SE,Cap XIX,0,S00–T98,"Lesões, envenenamento e outras consequências de causas externas"
2021,Estado,Região Nordeste,Bahia,BA,Cap XIX,0,S00–T98,"Lesões, envenenamento e outras consequências de causas externas"
2021,Regiao,Região Sudeste,,,Cap XIX,0,S00–T98,"Lesões, envenenamento e outras consequências de causas externas"
2021,Estado,Região Sudeste,Minas Gerais,MG,Cap XIX,0,S00–T98,"Lesões, envenenamento e outras consequências de causas externas"
2021,Estado,Região Sudeste,Espírito Santo,ES,Cap XIX,0,S00–T98,"Lesões, envenenamento e outras consequências de causas externas"
2021,Estado,Região Sudeste,Rio de Janeiro,RJ,Cap XIX,0,S00–T98,"Lesões, envenenamento e outras consequências de causas externas"
2021,Estado,Região Sudeste,São Paulo,SP,Cap XIX,0,S00–T98,"Lesões, envenenamento e outras consequências de causas externas"
2021,Regiao,Região Sul,,,Cap XIX,0,S00–T98,"Lesões, envenenamento e outras consequências de causas externas"
2021,Estado,Região Sul,Paraná,PR,Cap XIX,0,S00–T98,"Lesões, envenenamento e outras consequências de causas externas"
2021,Estado,Região Sul,Santa Catarina,SC,Cap XIX,0,S00–T98,"Lesões, envenenamento e outras consequências de causas externas"
2021,Estado,Região Sul,Rio Grande do Sul,RS,Cap XIX,0,S00–T98,"Lesões, envenenamento e outras consequências de causas externas"
2021,Regiao,Região Centro-Oeste,,,Cap XIX,0,S00–T98,"Lesões, envenenamento e outras consequências de causas externas"
2021,Estado,Região Centro-Oeste,Mato Grosso do Sul,MS,Cap XIX,0,S00–T98,"Lesões, envenenamento e outras consequências de causas externas"
2021,Estado,Região Centro-Oeste,Mato Grosso,MT,Cap XIX,0,S00–T98,"Lesões, envenenamento e outras consequências de causas externas"
2021,Estado,Região Centro-Oeste,Goiás,GO,Cap XIX,0,S00–T98,"Lesões, envenenamento e outras consequências de causas externas"
2021,Estado,Região Centro-Oeste,Distrito Federal,DF,Cap XIX,0,S00–T98,"Lesões, envenenamento e outras consequências de causas externas"
2022,Regiao,Região Norte,,,Cap XIX,0,S00–T98,"Lesões, envenenamento e outras consequências de causas externas"
2022,Estado,Região Norte,Rondônia,RO,Cap XIX,0,S00–T98,"Lesões, envenenamento e outras consequências de causas externas"
2022,Estado,Região Norte,Acre,AC,Cap XIX,0,S00–T98,"Lesões, envenenamento e outras consequências de causas externas"
2022,Estado,Região Norte,Amazonas,AM,Cap XIX,0,S00–T98,"Lesões, envenenamento e outras consequências de causas externas"
2022,Estado,Região Norte,Roraima,RR,Cap XIX,0,S00–T98,"Lesões, envenenamento e outras consequências de causas externas"
2022,Estado,Região Norte,Pará,PA,Cap XIX,0,S00–T98,"Lesões, envenenamento e outras consequências de causas externas"
2022,Estado,Região Norte,Amapá,AP,Cap XIX,0,S00–T98,"Lesões, envenenamento e outras consequências de causas externas"
2022,Estado,Região Norte,Tocantins,TO,Cap XIX,0,S00–T98,"Lesões, envenenamento e outras consequências de causas externas"
2022,Regiao,Região Nordeste,,,Cap XIX,0,S00–T98,"Lesões, envenenamento e outras consequências de causas externas"
2022,Estado,Região Nordeste,Maranhão,MA,Cap XIX,0,S00–T98,"Lesões, envenenamento e outras consequências de causas externas"
2022,Estado,Região Nordeste,Piauí,PI,Cap XIX,0,S00–T98,"Lesões, envenenamento e outras consequências de causas externas"
2022,Estado,Região Nordeste,Ceará,CE,Cap XIX,0,S00–T98,"Lesões, envenenamento e outras consequências de causas externas"
2022,Estado,Região Nordeste,Rio Grande do Norte,RN,Cap XIX,0,S00–T98,"Lesões, envenenamento e outras consequências de causas externas"
2022,Estado,Região Nordeste,Paraíba,PB,Cap XIX,0,S00–T98,"Lesões, envenenamento e outras consequências de causas externas"
2022,Estado,Região Nordeste,Pernambuco,PE,Cap XIX,0,S00–T98,"Lesões, envenenamento e outras consequências de causas externas"
2022,Estado,Região Nordeste,Alagoas,AL,Cap XIX,0,S00–T98,"Lesões, envenenamento e outras consequências de causas externas"
2022,Estado,Região Nordeste,Sergipe,SE,Cap XIX,0,S00–T98,"Lesões, envenenamento e outras consequências de causas externas"
2022,Estado,Região Nordeste,Bahia,BA,Cap XIX,0,S00–T98,"Lesões, envenenamento e outras consequências de causas externas"
2022,Regiao,Região Sudeste,,,Cap XIX,0,S00–T98,"Lesões, envenenamento e outras consequências de causas externas"
2022,Estado,Região Sudeste,Minas Gerais,MG,Cap XIX,0,S00–T98,"Lesões, envenenamento e outras consequências de causas externas"
2022,Estado,Região Sudeste,Espírito Santo,ES,Cap XIX,0,S00–T98,"Lesões, envenenamento e outras consequências de causas externas"
2022,Estado,Região Sudeste,Rio de Janeiro,RJ,Cap XIX,0,S00–T98,"Lesões, envenenamento e outras consequências de causas externas"
2022,Estado,Região Sudeste,São Paulo,SP,Cap XIX,0,S00–T98,"Lesões, envenenamento e outras consequências de causas externas"
2022,Regiao,Região Sul,,,Cap XIX,0,S00–T98,"Lesões, envenenamento e outras consequências de causas externas"
2022,Estado,Região Sul,Paraná,PR,Cap XIX,0,S00–T98,"Lesões, envenenamento e outras consequências de causas externas"
2022,Estado,Região Sul,Santa Catarina,SC,Cap XIX,0,S00–T98,"Lesões, envenenamento e outras consequências de causas externas"
2022,Estado,Região Sul,Rio Grande do Sul,RS,Cap XIX,0,S00–T98,"Lesões, envenenamento e outras consequências de causas externas"
2022,Regiao,Região Centro-Oeste,,,Cap XIX,0,S00–T98,"Lesões, envenenamento e outras consequências de causas externas"
2022,Estado,Região Centro-Oeste,Mato Grosso do Sul,MS,Cap XIX,0,S00–T98,"Lesões, envenenamento e outras consequências de causas externas"
2022,Estado,Região Centro-Oeste,Mato Grosso,MT,Cap XIX,0,S00–T98,"Lesões, envenenamento e outras consequências de causas externas"
2022,Estado,Região Centro-Oeste,Goiás,GO,Cap XIX,0,S00–T98,"Lesões, envenenamento e outras consequências de causas externas"
2022,Estado,Região Centro-Oeste,Distrito Federal,DF,Cap XIX,0,S00–T98,"Lesões, envenenamento e outras consequências de causas externas"
2023,Regiao,Região Norte,,,Cap XIX,0,S00–T98,"Lesões, envenenamento e outras consequências de causas externas"
2023,Estado,Região Norte,Rondônia,RO,Cap XIX,0,S00–T98,"Lesões, envenenamento e outras consequências de causas externas"
2023,Estado,Região Norte,Acre,AC,Cap XIX,0,S00–T98,"Lesões, envenenamento e outras consequências de causas externas"
2023,Estado,Região Norte,Amazonas,AM,Cap XIX,0,S00–T98,"Lesões, envenenamento e outras consequências de causas externas"
2023,Estado,Região Norte,Roraima,RR,Cap XIX,0,S00–T98,"Lesões, envenenamento e outras consequências de causas externas"
2023,Estado,Região Norte,Pará,PA,Cap XIX,0,S00–T98,"Lesões, envenenamento e outras consequências de causas externas"
2023,Estado,Região Norte,Amapá,AP,Cap XIX,0,S00–T98,"Lesões, envenenamento e outras consequências de causas externas"
2023,Estado,Região Norte,Tocantins,TO,Cap XIX,0,S00–T98,"Lesões, envenenamento e outras consequências de causas externas"
2023,Regiao,Região Nordeste,,,Cap XIX,0,S00–T98,"Lesões, envenenamento e outras consequências de causas externas"
2023,Estado,Região Nordeste,Maranhão,MA,Cap XIX,0,S00–T98,"Lesões, envenenamento e outras consequências de causas externas"
2023,Estado,Região Nordeste,Piauí,PI,Cap XIX,0,S00–T98,"Lesões, envenenamento e outras consequências de causas externas"
2023,Estado,Região Nordeste,Ceará,CE,Cap XIX,0,S00–T98,"Lesões, envenenamento e outras consequências de causas externas"
2023,Estado,Região Nordeste,Rio Grande do Norte,RN,Cap XIX,0,S00–T98,"Lesões, envenenamento e outras consequências de causas externas"
2023,Estado,Região Nordeste,Paraíba,PB,Cap XIX,0,S00–T98,"Lesões, envenenamento e outras consequências de causas externas"
2023,Estado,Região Nordeste,Pernambuco,PE,Cap XIX,0,S00–T98,"Lesões, envenenamento e outras consequências de causas externas"
2023,Estado,Região Nordeste,Alagoas,AL,Cap XIX,0,S00–T98,"Lesões, envenenamento e outras consequências de causas externas"
2023,Estado,Região Nordeste,Sergipe,SE,Cap XIX,0,S00–T98,"Lesões, envenenamento e outras consequências de causas externas"
2023,Estado,Região Nordeste,Bahia,BA,Cap XIX,0,S00–T98,"Lesões, envenenamento e outras consequências de causas externas"
2023,Regiao,Região Sudeste,,,Cap XIX,1,S00–T98,"Lesões, envenenamento e outras consequências de causas externas"
2023,Estado,Região Sudeste,Minas Gerais,MG,Cap XIX,1,S00–T98,"Lesões, envenenamento e outras consequências de causas externas"
2023,Estado,Região Sudeste,Espírito Santo,ES,Cap XIX,0,S00–T98,"Lesões, envenenamento e outras consequências de causas externas"
2023,Estado,Região Sudeste,Rio de Janeiro,RJ,Cap XIX,0,S00–T98,"Lesões, envenenamento e outras consequências de causas externas"
2023,Estado,Região Sudeste,São Paulo,SP,Cap XIX,0,S00–T98,"Lesões, envenenamento e outras consequências de causas externas"
2023,Regiao,Região Sul,,,Cap XIX,1,S00–T98,"Lesões, envenenamento e outras consequências de causas externas"
2023,Estado,Região Sul,Paraná,PR,Cap XIX,1,S00–T98,"Lesões, envenenamento e outras consequências de causas externas"
2023,Estado,Região Sul,Santa Catarina,SC,Cap XIX,0,S00–T98,"Lesões, envenenamento e outras consequências de causas externas"
2023,Estado,Região Sul,Rio Grande do Sul,RS,Cap XIX,0,S00–T98,"Lesões, envenenamento e outras consequências de causas externas"
2023,Regiao,Região Centro-Oeste,,,Cap XIX,0,S00–T98,"Lesões, envenenamento e outras consequências de causas externas"
2023,Estado,Região Centro-Oeste,Mato Grosso do Sul,MS,Cap XIX,0,S00–T98,"Lesões, envenenamento e outras consequências de causas externas"
2023,Estado,Região Centro-Oeste,Mato Grosso,MT,Cap XIX,0,S00–T98,"Lesões, envenenamento e outras consequências de causas externas"
2023,Estado,Região Centro-Oeste,Goiás,GO,Cap XIX,0,S00–T98,"Lesões, envenenamento e outras consequências de causas externas"
2023,Estado,Região Centro-Oeste,Distrito Federal,DF,Cap XIX,0,S00–T98,"Lesões, envenenamento e outras consequências de causas externas"
2024,Regiao,Região Norte,,,Cap XIX,0,S00–T98,"Lesões, envenenamento e outras consequências de causas externas"
2024,Estado,Região Norte,Rondônia,RO,Cap XIX,0,S00–T98,"Lesões, envenenamento e outras consequências de causas externas"
2024,Estado,Região Norte,Acre,AC,Cap XIX,0,S00–T98,"Lesões, envenenamento e outras consequências de causas externas"
2024,Estado,Região Norte,Amazonas,AM,Cap XIX,0,S00–T98,"Lesões, envenenamento e outras consequências de causas externas"
2024,Estado,Região Norte,Roraima,RR,Cap XIX,0,S00–T98,"Lesões, envenenamento e outras consequências de causas externas"
2024,Estado,Região Norte,Pará,PA,Cap XIX,0,S00–T98,"Lesões, envenenamento e outras consequências de causas externas"
2024,Estado,Região Norte,Amapá,AP,Cap XIX,0,S00–T98,"Lesões, envenenamento e outras consequências de causas externas"
2024,Estado,Região Norte,Tocantins,TO,Cap XIX,0,S00–T98,"Lesões, envenenamento e outras consequências de causas externas"
2024,Regiao,Região Nordeste,,,Cap XIX,0,S00–T98,"Lesões, envenenamento e outras consequências de causas externas"
2024,Estado,Região Nordeste,Maranhão,MA,Cap XIX,0,S00–T98,"Lesões, envenenamento e outras consequências de causas externas"
2024,Estado,Região Nordeste,Piauí,PI,Cap XIX,0,S00–T98,"Lesões, envenenamento e outras consequências de causas externas"
2024,Estado,Região Nordeste,Ceará,CE,Cap XIX,0,S00–T98,"Lesões, envenenamento e outras consequências de causas externas"
2024,Estado,Região Nordeste,Rio Grande do Norte,RN,Cap XIX,0,S00–T98,"Lesões, envenenamento e outras consequências de causas externas"
2024,Estado,Região Nordeste,Paraíba,PB,Cap XIX,0,S00–T98,"Lesões, envenenamento e outras consequências de causas externas"
2024,Estado,Região Nordeste,Pernambuco,PE,Cap XIX,0,S00–T98,"Lesões, envenenamento e outras consequências de causas externas"
2024,Estado,Região Nordeste,Alagoas,AL,Cap XIX,0,S00–T98,"Lesões, envenenamento e outras consequências de causas externas"
2024,Estado,Região Nordeste,Sergipe,SE,Cap XIX,0,S00–T98,"Lesões, envenenamento e outras consequências de causas externas"
2024,Estado,Região Nordeste,Bahia,BA,Cap XIX,0,S00–T98,"Lesões, envenenamento e outras consequências de causas externas"
2024,Regiao,Região Sudeste,,,Cap XIX,0,S00–T98,"Lesões, envenenamento e outras consequências de causas externas"
2024,Estado,Região Sudeste,Minas Gerais,MG,Cap XIX,0,S00–T98,"Lesões, envenenamento e outras consequências de causas externas"
2024,Estado,Região Sudeste,Espírito Santo,ES,Cap XIX,0,S00–T98,"Lesões, envenenamento e outras consequências de causas externas"
2024,Estado,Região Sudeste,Rio de Janeiro,RJ,Cap XIX,0,S00–T98,"Lesões, envenenamento e outras consequências de causas externas"
2024,Estado,Região Sudeste,São Paulo,SP,Cap XIX,0,S00–T98,"Lesões, envenenamento e outras consequências de causas externas"
2024,Regiao,Região Sul,,,Cap XIX,0,S00–T98,"Lesões, envenenamento e outras consequências de causas externas"
2024,Estado,Região Sul,Paraná,PR,Cap XIX,0,S00–T98,"Lesões, envenenamento e outras consequências de causas externas"
2024,Estado,Região Sul,Santa Catarina,SC,Cap XIX,0,S00–T98,"Lesões, envenenamento e outras consequências de causas externas"
2024,Estado,Região Sul,Rio Grande do Sul,RS,Cap XIX,0,S00–T98,"Lesões, envenenamento e outras consequências de causas externas"
2024,Regiao,Região Centro-Oeste,,,Cap XIX,0,S00–T98,"Lesões, envenenamento e outras consequências de causas externas"
2024,Estado,Região Centro-Oeste,Mato Grosso do Sul,MS,Cap XIX,0,S00–T98,"Lesões, envenenamento e outras consequências de causas externas"
2024,Estado,Região Centro-Oeste,Mato Grosso,MT,Cap XIX,0,S00–T98,"Lesões, envenenamento e outras consequências de causas externas"
2024,Estado,Região Centro-Oeste,Goiás,GO,Cap XIX,0,S00–T98,"Lesões, envenenamento e outras consequências de causas externas"
2024,Estado,Região Centro-Oeste,Distrito Federal,DF,Cap XIX,0,S00–T98,"Lesões, envenenamento e outras consequências de causas externas"
2025,Regiao,Região Norte,,,Cap XIX,0,S00–T98,"Lesões, envenenamento e outras consequências de causas externas"
2025,Estado,Região Norte,Rondônia,RO,Cap XIX,0,S00–T98,"Lesões, envenenamento e outras consequências de causas externas"
2025,Estado,Região Norte,Acre,AC,Cap XIX,0,S00–T98,"Lesões, envenenamento e outras consequências de causas externas"
2025,Estado,Região Norte,Amazonas,AM,Cap XIX,0,S00–T98,"Lesões, envenenamento e outras consequências de causas externas"
2025,Estado,Região Norte,Roraima,RR,Cap XIX,0,S00–T98,"Lesões, envenenamento e outras consequências de causas externas"
2025,Estado,Região Norte,Pará,PA,Cap XIX,0,S00–T98,"Lesões, envenenamento e outras consequências de causas externas"
2025,Estado,Região Norte,Amapá,AP,Cap XIX,0,S00–T98,"Lesões, envenenamento e outras consequências de causas externas"
2025,Estado,Região Norte,Tocantins,TO,Cap XIX,0,S00–T98,"Lesões, envenenamento e outras consequências de causas externas"
2025,Regiao,Região Nordeste,,,Cap XIX,0,S00–T98,"Lesões, envenenamento e outras consequências de causas externas"
2025,Estado,Região Nordeste,Maranhão,MA,Cap XIX,0,S00–T98,"Lesões, envenenamento e outras consequências de causas externas"
2025,Estado,Região Nordeste,Piauí,PI,Cap XIX,0,S00–T98,"Lesões, envenenamento e outras consequências de causas externas"
2025,Estado,Região Nordeste,Ceará,CE,Cap XIX,0,S00–T98,"Lesões, envenenamento e outras consequências de causas externas"
2025,Estado,Região Nordeste,Rio Grande do Norte,RN,Cap XIX,0,S00–T98,"Lesões, envenenamento e outras consequências de causas externas"
2025,Estado,Região Nordeste,Paraíba,PB,Cap XIX,0,S00–T98,"Lesões, envenenamento e outras consequências de causas externas"
2025,Estado,Região Nordeste,Pernambuco,PE,Cap XIX,0,S00–T98,"Lesões, envenenamento e outras consequências de causas externas"
2025,Estado,Região Nordeste,Alagoas,AL,Cap XIX,0,S00–T98,"Lesões, envenenamento e outras consequências de causas externas"
2025,Estado,Região Nordeste,Sergipe,SE,Cap XIX,0,S00–T98,"Lesões, envenenamento e outras consequências de causas externas"
2025,Estado,Região Nordeste,Bahia,BA,Cap XIX,0,S00–T98,"Lesões, envenenamento e outras consequências de causas externas"
2025,Regiao,Região Sudeste,,,Cap XIX,0,S00–T98,"Lesões, envenenamento e outras consequências de causas externas"
2025,Estado,Região Sudeste,Minas Gerais,MG,Cap XIX,0,S00–T98,"Lesões, envenenamento e outras consequências de causas externas"
2025,Estado,Região Sudeste,Espírito Santo,ES,Cap XIX,0,S00–T98,"Lesões, envenenamento e outras consequências de causas externas"
2025,Estado,Região Sudeste,Rio de Janeiro,RJ,Cap XIX,0,S00–T98,"Lesões, envenenamento e outras consequências de causas externas"
2025,Estado,Região Sudeste,São Paulo,SP,Cap XIX,0,S00–T98,"Lesões, envenenamento e outras consequências de causas externas"
2025,Regiao,Região Sul,,,Cap XIX,0,S00–T98,"Lesões, envenenamento e outras consequências de causas externas"
2025,Estado,Região Sul,Paraná,PR,Cap XIX,0,S00–T98,"Lesões, envenenamento e outras consequências de causas externas"
2025,Estado,Região Sul,Santa Catarina,SC,Cap XIX,0,S00–T98,"Lesões, envenenamento e outras consequências de causas externas"
2025,Estado,Região Sul,Rio Grande do Sul,RS,Cap XIX,0,S00–T98,"Lesões, envenenamento e outras consequências de causas externas"
2025,Regiao,Região Centro-Oeste,,,Cap XIX,0,S00–T98,"Lesões, envenenamento e outras consequências de causas externas"
2025,Estado,Região Centro-Oeste,Mato Grosso do Sul,MS,Cap XIX,0,S00–T98,"Lesões, envenenamento e outras consequências de causas externas"
2025,Estado,Região Centro-Oeste,Mato Grosso,MT,Cap XIX,0,S00–T98,"Lesões, envenenamento e outras consequências de causas externas"
2025,Estado,Região Centro-Oeste,Goiás,GO,Cap XIX,0,S00–T98,"Lesões, envenenamento e outras consequências de causas externas"
2025,Estado,Região Centro-Oeste,Distrito Federal,DF,Cap XIX,0,S00–T98,"Lesões, envenenamento e outras consequências de causas externas"
2026,Regiao,Região Norte,,,Cap XIX,0,S00–T98,"Lesões, envenenamento e outras consequências de causas externas"
2026,Estado,Região Norte,Rondônia,RO,Cap XIX,0,S00–T98,"Lesões, envenenamento e outras consequências de causas externas"
2026,Estado,Região Norte,Acre,AC,Cap XIX,0,S00–T98,"Lesões, envenenamento e outras consequências de causas externas"
2026,Estado,Região Norte,Amazonas,AM,Cap XIX,0,S00–T98,"Lesões, envenenamento e outras consequências de causas externas"
2026,Estado,Região Norte,Roraima,RR,Cap XIX,0,S00–T98,"Lesões, envenenamento e outras consequências de causas externas"
2026,Estado,Região Norte,Pará,PA,Cap XIX,0,S00–T98,"Lesões, envenenamento e outras consequências de causas externas"
2026,Estado,Região Norte,Amapá,AP,Cap XIX,0,S00–T98,"Lesões, envenenamento e outras consequências de causas externas"
2026,Estado,Região Norte,Tocantins,TO,Cap XIX,0,S00–T98,"Lesões, envenenamento e outras consequências de causas externas"
2026,Regiao,Região Nordeste,,,Cap XIX,0,S00–T98,"Lesões, envenenamento e outras consequências de causas externas"
2026,Estado,Região Nordeste,Maranhão,MA,Cap XIX,0,S00–T98,"Lesões, envenenamento e outras consequências de causas externas"
2026,Estado,Região Nordeste,Piauí,PI,Cap XIX,0,S00–T98,"Lesões, envenenamento e outras consequências de causas externas"
2026,Estado,Região Nordeste,Ceará,CE,Cap XIX,0,S00–T98,"Lesões, envenenamento e outras consequências de causas externas"
2026,Estado,Região Nordeste,Rio Grande do Norte,RN,Cap XIX,0,S00–T98,"Lesões, envenenamento e outras consequências de causas externas"
2026,Estado,Região Nordeste,Paraíba,PB,Cap XIX,0,S00–T98,"Lesões, envenenamento e outras consequências de causas externas"
2026,Estado,Região Nordeste,Pernambuco,PE,Cap XIX,0,S00–T98,"Lesões, envenenamento e outras consequências de causas externas"
2026,Estado,Região Nordeste,Alagoas,AL,Cap XIX,0,S00–T98,"Lesões, envenenamento e outras consequências de causas externas"
2026,Estado,Região Nordeste,Sergipe,SE,Cap XIX,0,S00–T98,"Lesões, envenenamento e outras consequências de causas externas"
2026,Estado,Região Nordeste,Bahia,BA,Cap XIX,0,S00–T98,"Lesões, envenenamento e outras consequências de causas externas"
2026,Regiao,Região Sudeste,,,Cap XIX,0,S00–T98,"Lesões, envenenamento e outras consequências de causas externas"
2026,Estado,Região Sudeste,Minas Gerais,MG,Cap XIX,0,S00–T98,"Lesões, envenenamento e outras consequências de causas externas"
2026,Estado,Região Sudeste,Espírito Santo,ES,Cap XIX,0,S00–T98,"Lesões, envenenamento e outras consequências de causas externas"
2026,Estado,Região Sudeste,Rio de Janeiro,RJ,Cap XIX,0,S00–T98,"Lesões, envenenamento e outras consequências de causas externas"
2026,Estado,Região Sudeste,São Paulo,SP,Cap XIX,0,S00–T98,"Lesões, envenenamento e outras consequências de causas externas"
2026,Regiao,Região Sul,,,Cap XIX,0,S00–T98,"Lesões, envenenamento e outras consequências de causas externas"
2026,Estado,Região Sul,Paraná,PR,Cap XIX,0,S00–T98,"Lesões, envenenamento e outras consequências de causas externas"
2026,Estado,Região Sul,Santa Catarina,SC,Cap XIX,0,S00–T98,"Lesões, envenenamento e outras consequências de causas externas"
2026,Estado,Região Sul,Rio Grande do Sul,RS,Cap XIX,0,S00–T98,"Lesões, envenenamento e outras consequências de causas externas"
2026,Regiao,Região Centro-Oeste,,,Cap XIX,0,S00–T98,"Lesões, envenenamento e outras consequências de causas externas"
2026,Estado,Região Centro-Oeste,Mato Grosso do Sul,MS,Cap XIX,0,S00–T98,"Lesões, envenenamento e outras consequências de causas externas"
2026,Estado,Região Centro-Oeste,Mato Grosso,MT,Cap XIX,0,S00–T98,"Lesões, envenenamento e outras consequências de causas externas"
2026,Estado,Região Centro-Oeste,Goiás,GO,Cap XIX,0,S00–T98,"Lesões, envenenamento e outras consequências de causas externas"
2026,Estado,Região Centro-Oeste,Distrito Federal,DF,Cap XIX,0,S00–T98,"Lesões, envenenamento e outras consequências de causas externas"
2016,Regiao,Região Norte,,,Cap XXII,0,U00–U99,Códigos para fins especiais (ex: novos vírus como a COVID-19)
2016,Estado,Região Norte,Rondônia,RO,Cap XXII,0,U00–U99,Códigos para fins especiais (ex: novos vírus como a COVID-19)
2016,Estado,Região Norte,Acre,AC,Cap XXII,0,U00–U99,Códigos para fins especiais (ex: novos vírus como a COVID-19)
2016,Estado,Região Norte,Amazonas,AM,Cap XXII,0,U00–U99,Códigos para fins especiais (ex: novos vírus como a COVID-19)
2016,Estado,Região Norte,Roraima,RR,Cap XXII,0,U00–U99,Códigos para fins especiais (ex: novos vírus como a COVID-19)
2016,Estado,Região Norte,Pará,PA,Cap XXII,0,U00–U99,Códigos para fins especiais (ex: novos vírus como a COVID-19)
2016,Estado,Região Norte,Amapá,AP,Cap XXII,0,U00–U99,Códigos para fins especiais (ex: novos vírus como a COVID-19)
2016,Estado,Região Norte,Tocantins,TO,Cap XXII,0,U00–U99,Códigos para fins especiais (ex: novos vírus como a COVID-19)
2016,Regiao,Região Nordeste,,,Cap XXII,0,U00–U99,Códigos para fins especiais (ex: novos vírus como a COVID-19)
2016,Estado,Região Nordeste,Maranhão,MA,Cap XXII,0,U00–U99,Códigos para fins especiais (ex: novos vírus como a COVID-19)
2016,Estado,Região Nordeste,Piauí,PI,Cap XXII,0,U00–U99,Códigos para fins especiais (ex: novos vírus como a COVID-19)
2016,Estado,Região Nordeste,Ceará,CE,Cap XXII,0,U00–U99,Códigos para fins especiais (ex: novos vírus como a COVID-19)
2016,Estado,Região Nordeste,Rio Grande do Norte,RN,Cap XXII,0,U00–U99,Códigos para fins especiais (ex: novos vírus como a COVID-19)
2016,Estado,Região Nordeste,Paraíba,PB,Cap XXII,0,U00–U99,Códigos para fins especiais (ex: novos vírus como a COVID-19)
2016,Estado,Região Nordeste,Pernambuco,PE,Cap XXII,0,U00–U99,Códigos para fins especiais (ex: novos vírus como a COVID-19)
2016,Estado,Região Nordeste,Alagoas,AL,Cap XXII,0,U00–U99,Códigos para fins especiais (ex: novos vírus como a COVID-19)
2016,Estado,Região Nordeste,Sergipe,SE,Cap XXII,0,U00–U99,Códigos para fins especiais (ex: novos vírus como a COVID-19)
2016,Estado,Região Nordeste,Bahia,BA,Cap XXII,0,U00–U99,Códigos para fins especiais (ex: novos vírus como a COVID-19)
2016,Regiao,Região Sudeste,,,Cap XXII,0,U00–U99,Códigos para fins especiais (ex: novos vírus como a COVID-19)
2016,Estado,Região Sudeste,Minas Gerais,MG,Cap XXII,0,U00–U99,Códigos para fins especiais (ex: novos vírus como a COVID-19)
2016,Estado,Região Sudeste,Espírito Santo,ES,Cap XXII,0,U00–U99,Códigos para fins especiais (ex: novos vírus como a COVID-19)
2016,Estado,Região Sudeste,Rio de Janeiro,RJ,Cap XXII,0,U00–U99,Códigos para fins especiais (ex: novos vírus como a COVID-19)
2016,Estado,Região Sudeste,São Paulo,SP,Cap XXII,0,U00–U99,Códigos para fins especiais (ex: novos vírus como a COVID-19)
2016,Regiao,Região Sul,,,Cap XXII,0,U00–U99,Códigos para fins especiais (ex: novos vírus como a COVID-19)
2016,Estado,Região Sul,Paraná,PR,Cap XXII,0,U00–U99,Códigos para fins especiais (ex: novos vírus como a COVID-19)
2016,Estado,Região Sul,Santa Catarina,SC,Cap XXII,0,U00–U99,Códigos para fins especiais (ex: novos vírus como a COVID-19)
2016,Estado,Região Sul,Rio Grande do Sul,RS,Cap XXII,0,U00–U99,Códigos para fins especiais (ex: novos vírus como a COVID-19)
2016,Regiao,Região Centro-Oeste,,,Cap XXII,0,U00–U99,Códigos para fins especiais (ex: novos vírus como a COVID-19)
2016,Estado,Região Centro-Oeste,Mato Grosso do Sul,MS,Cap XXII,0,U00–U99,Códigos para fins especiais (ex: novos vírus como a COVID-19)
2016,Estado,Região Centro-Oeste,Mato Grosso,MT,Cap XXII,0,U00–U99,Códigos para fins especiais (ex: novos vírus como a COVID-19)
2016,Estado,Região Centro-Oeste,Goiás,GO,Cap XXII,0,U00–U99,Códigos para fins especiais (ex: novos vírus como a COVID-19)
2016,Estado,Região Centro-Oeste,Distrito Federal,DF,Cap XXII,0,U00–U99,Códigos para fins especiais (ex: novos vírus como a COVID-19)
2017,Regiao,Região Norte,,,Cap XXII,0,U00–U99,Códigos para fins especiais (ex: novos vírus como a COVID-19)
2017,Estado,Região Norte,Rondônia,RO,Cap XXII,0,U00–U99,Códigos para fins especiais (ex: novos vírus como a COVID-19)
2017,Estado,Região Norte,Acre,AC,Cap XXII,0,U00–U99,Códigos para fins especiais (ex: novos vírus como a COVID-19)
2017,Estado,Região Norte,Amazonas,AM,Cap XXII,0,U00–U99,Códigos para fins especiais (ex: novos vírus como a COVID-19)
2017,Estado,Região Norte,Roraima,RR,Cap XXII,0,U00–U99,Códigos para fins especiais (ex: novos vírus como a COVID-19)
2017,Estado,Região Norte,Pará,PA,Cap XXII,0,U00–U99,Códigos para fins especiais (ex: novos vírus como a COVID-19)
2017,Estado,Região Norte,Amapá,AP,Cap XXII,0,U00–U99,Códigos para fins especiais (ex: novos vírus como a COVID-19)
2017,Estado,Região Norte,Tocantins,TO,Cap XXII,0,U00–U99,Códigos para fins especiais (ex: novos vírus como a COVID-19)
2017,Regiao,Região Nordeste,,,Cap XXII,0,U00–U99,Códigos para fins especiais (ex: novos vírus como a COVID-19)
2017,Estado,Região Nordeste,Maranhão,MA,Cap XXII,0,U00–U99,Códigos para fins especiais (ex: novos vírus como a COVID-19)
2017,Estado,Região Nordeste,Piauí,PI,Cap XXII,0,U00–U99,Códigos para fins especiais (ex: novos vírus como a COVID-19)
2017,Estado,Região Nordeste,Ceará,CE,Cap XXII,0,U00–U99,Códigos para fins especiais (ex: novos vírus como a COVID-19)
2017,Estado,Região Nordeste,Rio Grande do Norte,RN,Cap XXII,0,U00–U99,Códigos para fins especiais (ex: novos vírus como a COVID-19)
2017,Estado,Região Nordeste,Paraíba,PB,Cap XXII,0,U00–U99,Códigos para fins especiais (ex: novos vírus como a COVID-19)
2017,Estado,Região Nordeste,Pernambuco,PE,Cap XXII,0,U00–U99,Códigos para fins especiais (ex: novos vírus como a COVID-19)
2017,Estado,Região Nordeste,Alagoas,AL,Cap XXII,0,U00–U99,Códigos para fins especiais (ex: novos vírus como a COVID-19)
2017,Estado,Região Nordeste,Sergipe,SE,Cap XXII,0,U00–U99,Códigos para fins especiais (ex: novos vírus como a COVID-19)
2017,Estado,Região Nordeste,Bahia,BA,Cap XXII,0,U00–U99,Códigos para fins especiais (ex: novos vírus como a COVID-19)
2017,Regiao,Região Sudeste,,,Cap XXII,0,U00–U99,Códigos para fins especiais (ex: novos vírus como a COVID-19)
2017,Estado,Região Sudeste,Minas Gerais,MG,Cap XXII,0,U00–U99,Códigos para fins especiais (ex: novos vírus como a COVID-19)
2017,Estado,Região Sudeste,Espírito Santo,ES,Cap XXII,0,U00–U99,Códigos para fins especiais (ex: novos vírus como a COVID-19)
2017,Estado,Região Sudeste,Rio de Janeiro,RJ,Cap XXII,0,U00–U99,Códigos para fins especiais (ex: novos vírus como a COVID-19)
2017,Estado,Região Sudeste,São Paulo,SP,Cap XXII,0,U00–U99,Códigos para fins especiais (ex: novos vírus como a COVID-19)
2017,Regiao,Região Sul,,,Cap XXII,0,U00–U99,Códigos para fins especiais (ex: novos vírus como a COVID-19)
2017,Estado,Região Sul,Paraná,PR,Cap XXII,0,U00–U99,Códigos para fins especiais (ex: novos vírus como a COVID-19)
2017,Estado,Região Sul,Santa Catarina,SC,Cap XXII,0,U00–U99,Códigos para fins especiais (ex: novos vírus como a COVID-19)
2017,Estado,Região Sul,Rio Grande do Sul,RS,Cap XXII,0,U00–U99,Códigos para fins especiais (ex: novos vírus como a COVID-19)
2017,Regiao,Região Centro-Oeste,,,Cap XXII,0,U00–U99,Códigos para fins especiais (ex: novos vírus como a COVID-19)
2017,Estado,Região Centro-Oeste,Mato Grosso do Sul,MS,Cap XXII,0,U00–U99,Códigos para fins especiais (ex: novos vírus como a COVID-19)
2017,Estado,Região Centro-Oeste,Mato Grosso,MT,Cap XXII,0,U00–U99,Códigos para fins especiais (ex: novos vírus como a COVID-19)
2017,Estado,Região Centro-Oeste,Goiás,GO,Cap XXII,0,U00–U99,Códigos para fins especiais (ex: novos vírus como a COVID-19)
2017,Estado,Região Centro-Oeste,Distrito Federal,DF,Cap XXII,0,U00–U99,Códigos para fins especiais (ex: novos vírus como a COVID-19)
2018,Regiao,Região Norte,,,Cap XXII,0,U00–U99,Códigos para fins especiais (ex: novos vírus como a COVID-19)
2018,Estado,Região Norte,Rondônia,RO,Cap XXII,0,U00–U99,Códigos para fins especiais (ex: novos vírus como a COVID-19)
2018,Estado,Região Norte,Acre,AC,Cap XXII,0,U00–U99,Códigos para fins especiais (ex: novos vírus como a COVID-19)
2018,Estado,Região Norte,Amazonas,AM,Cap XXII,0,U00–U99,Códigos para fins especiais (ex: novos vírus como a COVID-19)
2018,Estado,Região Norte,Roraima,RR,Cap XXII,0,U00–U99,Códigos para fins especiais (ex: novos vírus como a COVID-19)
2018,Estado,Região Norte,Pará,PA,Cap XXII,0,U00–U99,Códigos para fins especiais (ex: novos vírus como a COVID-19)
2018,Estado,Região Norte,Amapá,AP,Cap XXII,0,U00–U99,Códigos para fins especiais (ex: novos vírus como a COVID-19)
2018,Estado,Região Norte,Tocantins,TO,Cap XXII,0,U00–U99,Códigos para fins especiais (ex: novos vírus como a COVID-19)
2018,Regiao,Região Nordeste,,,Cap XXII,0,U00–U99,Códigos para fins especiais (ex: novos vírus como a COVID-19)
2018,Estado,Região Nordeste,Maranhão,MA,Cap XXII,0,U00–U99,Códigos para fins especiais (ex: novos vírus como a COVID-19)
2018,Estado,Região Nordeste,Piauí,PI,Cap XXII,0,U00–U99,Códigos para fins especiais (ex: novos vírus como a COVID-19)
2018,Estado,Região Nordeste,Ceará,CE,Cap XXII,0,U00–U99,Códigos para fins especiais (ex: novos vírus como a COVID-19)
2018,Estado,Região Nordeste,Rio Grande do Norte,RN,Cap XXII,0,U00–U99,Códigos para fins especiais (ex: novos vírus como a COVID-19)
2018,Estado,Região Nordeste,Paraíba,PB,Cap XXII,0,U00–U99,Códigos para fins especiais (ex: novos vírus como a COVID-19)
2018,Estado,Região Nordeste,Pernambuco,PE,Cap XXII,0,U00–U99,Códigos para fins especiais (ex: novos vírus como a COVID-19)
2018,Estado,Região Nordeste,Alagoas,AL,Cap XXII,0,U00–U99,Códigos para fins especiais (ex: novos vírus como a COVID-19)
2018,Estado,Região Nordeste,Sergipe,SE,Cap XXII,0,U00–U99,Códigos para fins especiais (ex: novos vírus como a COVID-19)
2018,Estado,Região Nordeste,Bahia,BA,Cap XXII,0,U00–U99,Códigos para fins especiais (ex: novos vírus como a COVID-19)
2018,Regiao,Região Sudeste,,,Cap XXII,0,U00–U99,Códigos para fins especiais (ex: novos vírus como a COVID-19)
2018,Estado,Região Sudeste,Minas Gerais,MG,Cap XXII,0,U00–U99,Códigos para fins especiais (ex: novos vírus como a COVID-19)
2018,Estado,Região Sudeste,Espírito Santo,ES,Cap XXII,0,U00–U99,Códigos para fins especiais (ex: novos vírus como a COVID-19)
2018,Estado,Região Sudeste,Rio de Janeiro,RJ,Cap XXII,0,U00–U99,Códigos para fins especiais (ex: novos vírus como a COVID-19)
2018,Estado,Região Sudeste,São Paulo,SP,Cap XXII,0,U00–U99,Códigos para fins especiais (ex: novos vírus como a COVID-19)
2018,Regiao,Região Sul,,,Cap XXII,0,U00–U99,Códigos para fins especiais (ex: novos vírus como a COVID-19)
2018,Estado,Região Sul,Paraná,PR,Cap XXII,0,U00–U99,Códigos para fins especiais (ex: novos vírus como a COVID-19)
2018,Estado,Região Sul,Santa Catarina,SC,Cap XXII,0,U00–U99,Códigos para fins especiais (ex: novos vírus como a COVID-19)
2018,Estado,Região Sul,Rio Grande do Sul,RS,Cap XXII,0,U00–U99,Códigos para fins especiais (ex: novos vírus como a COVID-19)
2018,Regiao,Região Centro-Oeste,,,Cap XXII,0,U00–U99,Códigos para fins especiais (ex: novos vírus como a COVID-19)
2018,Estado,Região Centro-Oeste,Mato Grosso do Sul,MS,Cap XXII,0,U00–U99,Códigos para fins especiais (ex: novos vírus como a COVID-19)
2018,Estado,Região Centro-Oeste,Mato Grosso,MT,Cap XXII,0,U00–U99,Códigos para fins especiais (ex: novos vírus como a COVID-19)
2018,Estado,Região Centro-Oeste,Goiás,GO,Cap XXII,0,U00–U99,Códigos para fins especiais (ex: novos vírus como a COVID-19)
2018,Estado,Região Centro-Oeste,Distrito Federal,DF,Cap XXII,0,U00–U99,Códigos para fins especiais (ex: novos vírus como a COVID-19)
2019,Regiao,Região Norte,,,Cap XXII,0,U00–U99,Códigos para fins especiais (ex: novos vírus como a COVID-19)
2019,Estado,Região Norte,Rondônia,RO,Cap XXII,0,U00–U99,Códigos para fins especiais (ex: novos vírus como a COVID-19)
2019,Estado,Região Norte,Acre,AC,Cap XXII,0,U00–U99,Códigos para fins especiais (ex: novos vírus como a COVID-19)
2019,Estado,Região Norte,Amazonas,AM,Cap XXII,0,U00–U99,Códigos para fins especiais (ex: novos vírus como a COVID-19)
2019,Estado,Região Norte,Roraima,RR,Cap XXII,0,U00–U99,Códigos para fins especiais (ex: novos vírus como a COVID-19)
2019,Estado,Região Norte,Pará,PA,Cap XXII,0,U00–U99,Códigos para fins especiais (ex: novos vírus como a COVID-19)
2019,Estado,Região Norte,Amapá,AP,Cap XXII,0,U00–U99,Códigos para fins especiais (ex: novos vírus como a COVID-19)
2019,Estado,Região Norte,Tocantins,TO,Cap XXII,0,U00–U99,Códigos para fins especiais (ex: novos vírus como a COVID-19)
2019,Regiao,Região Nordeste,,,Cap XXII,0,U00–U99,Códigos para fins especiais (ex: novos vírus como a COVID-19)
2019,Estado,Região Nordeste,Maranhão,MA,Cap XXII,0,U00–U99,Códigos para fins especiais (ex: novos vírus como a COVID-19)
2019,Estado,Região Nordeste,Piauí,PI,Cap XXII,0,U00–U99,Códigos para fins especiais (ex: novos vírus como a COVID-19)
2019,Estado,Região Nordeste,Ceará,CE,Cap XXII,0,U00–U99,Códigos para fins especiais (ex: novos vírus como a COVID-19)
2019,Estado,Região Nordeste,Rio Grande do Norte,RN,Cap XXII,0,U00–U99,Códigos para fins especiais (ex: novos vírus como a COVID-19)
2019,Estado,Região Nordeste,Paraíba,PB,Cap XXII,0,U00–U99,Códigos para fins especiais (ex: novos vírus como a COVID-19)
2019,Estado,Região Nordeste,Pernambuco,PE,Cap XXII,0,U00–U99,Códigos para fins especiais (ex: novos vírus como a COVID-19)
2019,Estado,Região Nordeste,Alagoas,AL,Cap XXII,0,U00–U99,Códigos para fins especiais (ex: novos vírus como a COVID-19)
2019,Estado,Região Nordeste,Sergipe,SE,Cap XXII,0,U00–U99,Códigos para fins especiais (ex: novos vírus como a COVID-19)
2019,Estado,Região Nordeste,Bahia,BA,Cap XXII,0,U00–U99,Códigos para fins especiais (ex: novos vírus como a COVID-19)
2019,Regiao,Região Sudeste,,,Cap XXII,0,U00–U99,Códigos para fins especiais (ex: novos vírus como a COVID-19)
2019,Estado,Região Sudeste,Minas Gerais,MG,Cap XXII,0,U00–U99,Códigos para fins especiais (ex: novos vírus como a COVID-19)
2019,Estado,Região Sudeste,Espírito Santo,ES,Cap XXII,0,U00–U99,Códigos para fins especiais (ex: novos vírus como a COVID-19)
2019,Estado,Região Sudeste,Rio de Janeiro,RJ,Cap XXII,0,U00–U99,Códigos para fins especiais (ex: novos vírus como a COVID-19)
2019,Estado,Região Sudeste,São Paulo,SP,Cap XXII,0,U00–U99,Códigos para fins especiais (ex: novos vírus como a COVID-19)
2019,Regiao,Região Sul,,,Cap XXII,0,U00–U99,Códigos para fins especiais (ex: novos vírus como a COVID-19)
2019,Estado,Região Sul,Paraná,PR,Cap XXII,0,U00–U99,Códigos para fins especiais (ex: novos vírus como a COVID-19)
2019,Estado,Região Sul,Santa Catarina,SC,Cap XXII,0,U00–U99,Códigos para fins especiais (ex: novos vírus como a COVID-19)
2019,Estado,Região Sul,Rio Grande do Sul,RS,Cap XXII,0,U00–U99,Códigos para fins especiais (ex: novos vírus como a COVID-19)
2019,Regiao,Região Centro-Oeste,,,Cap XXII,0,U00–U99,Códigos para fins especiais (ex: novos vírus como a COVID-19)
2019,Estado,Região Centro-Oeste,Mato Grosso do Sul,MS,Cap XXII,0,U00–U99,Códigos para fins especiais (ex: novos vírus como a COVID-19)
2019,Estado,Região Centro-Oeste,Mato Grosso,MT,Cap XXII,0,U00–U99,Códigos para fins especiais (ex: novos vírus como a COVID-19)
2019,Estado,Região Centro-Oeste,Goiás,GO,Cap XXII,0,U00–U99,Códigos para fins especiais (ex: novos vírus como a COVID-19)
2019,Estado,Região Centro-Oeste,Distrito Federal,DF,Cap XXII,0,U00–U99,Códigos para fins especiais (ex: novos vírus como a COVID-19)
2020,Regiao,Região Norte,,,Cap XXII,0,U00–U99,Códigos para fins especiais (ex: novos vírus como a COVID-19)
2020,Estado,Região Norte,Rondônia,RO,Cap XXII,0,U00–U99,Códigos para fins especiais (ex: novos vírus como a COVID-19)
2020,Estado,Região Norte,Acre,AC,Cap XXII,0,U00–U99,Códigos para fins especiais (ex: novos vírus como a COVID-19)
2020,Estado,Região Norte,Amazonas,AM,Cap XXII,0,U00–U99,Códigos para fins especiais (ex: novos vírus como a COVID-19)
2020,Estado,Região Norte,Roraima,RR,Cap XXII,0,U00–U99,Códigos para fins especiais (ex: novos vírus como a COVID-19)
2020,Estado,Região Norte,Pará,PA,Cap XXII,0,U00–U99,Códigos para fins especiais (ex: novos vírus como a COVID-19)
2020,Estado,Região Norte,Amapá,AP,Cap XXII,0,U00–U99,Códigos para fins especiais (ex: novos vírus como a COVID-19)
2020,Estado,Região Norte,Tocantins,TO,Cap XXII,0,U00–U99,Códigos para fins especiais (ex: novos vírus como a COVID-19)
2020,Regiao,Região Nordeste,,,Cap XXII,0,U00–U99,Códigos para fins especiais (ex: novos vírus como a COVID-19)
2020,Estado,Região Nordeste,Maranhão,MA,Cap XXII,0,U00–U99,Códigos para fins especiais (ex: novos vírus como a COVID-19)
2020,Estado,Região Nordeste,Piauí,PI,Cap XXII,0,U00–U99,Códigos para fins especiais (ex: novos vírus como a COVID-19)
2020,Estado,Região Nordeste,Ceará,CE,Cap XXII,0,U00–U99,Códigos para fins especiais (ex: novos vírus como a COVID-19)
2020,Estado,Região Nordeste,Rio Grande do Norte,RN,Cap XXII,0,U00–U99,Códigos para fins especiais (ex: novos vírus como a COVID-19)
2020,Estado,Região Nordeste,Paraíba,PB,Cap XXII,0,U00–U99,Códigos para fins especiais (ex: novos vírus como a COVID-19)
2020,Estado,Região Nordeste,Pernambuco,PE,Cap XXII,0,U00–U99,Códigos para fins especiais (ex: novos vírus como a COVID-19)
2020,Estado,Região Nordeste,Alagoas,AL,Cap XXII,0,U00–U99,Códigos para fins especiais (ex: novos vírus como a COVID-19)
2020,Estado,Região Nordeste,Sergipe,SE,Cap XXII,0,U00–U99,Códigos para fins especiais (ex: novos vírus como a COVID-19)
2020,Estado,Região Nordeste,Bahia,BA,Cap XXII,0,U00–U99,Códigos para fins especiais (ex: novos vírus como a COVID-19)
2020,Regiao,Região Sudeste,,,Cap XXII,0,U00–U99,Códigos para fins especiais (ex: novos vírus como a COVID-19)
2020,Estado,Região Sudeste,Minas Gerais,MG,Cap XXII,0,U00–U99,Códigos para fins especiais (ex: novos vírus como a COVID-19)
2020,Estado,Região Sudeste,Espírito Santo,ES,Cap XXII,0,U00–U99,Códigos para fins especiais (ex: novos vírus como a COVID-19)
2020,Estado,Região Sudeste,Rio de Janeiro,RJ,Cap XXII,0,U00–U99,Códigos para fins especiais (ex: novos vírus como a COVID-19)
2020,Estado,Região Sudeste,São Paulo,SP,Cap XXII,0,U00–U99,Códigos para fins especiais (ex: novos vírus como a COVID-19)
2020,Regiao,Região Sul,,,Cap XXII,0,U00–U99,Códigos para fins especiais (ex: novos vírus como a COVID-19)
2020,Estado,Região Sul,Paraná,PR,Cap XXII,0,U00–U99,Códigos para fins especiais (ex: novos vírus como a COVID-19)
2020,Estado,Região Sul,Santa Catarina,SC,Cap XXII,0,U00–U99,Códigos para fins especiais (ex: novos vírus como a COVID-19)
2020,Estado,Região Sul,Rio Grande do Sul,RS,Cap XXII,0,U00–U99,Códigos para fins especiais (ex: novos vírus como a COVID-19)
2020,Regiao,Região Centro-Oeste,,,Cap XXII,0,U00–U99,Códigos para fins especiais (ex: novos vírus como a COVID-19)
2020,Estado,Região Centro-Oeste,Mato Grosso do Sul,MS,Cap XXII,0,U00–U99,Códigos para fins especiais (ex: novos vírus como a COVID-19)
2020,Estado,Região Centro-Oeste,Mato Grosso,MT,Cap XXII,0,U00–U99,Códigos para fins especiais (ex: novos vírus como a COVID-19)
2020,Estado,Região Centro-Oeste,Goiás,GO,Cap XXII,0,U00–U99,Códigos para fins especiais (ex: novos vírus como a COVID-19)
2020,Estado,Região Centro-Oeste,Distrito Federal,DF,Cap XXII,0,U00–U99,Códigos para fins especiais (ex: novos vírus como a COVID-19)
2021,Regiao,Região Norte,,,Cap XXII,0,U00–U99,Códigos para fins especiais (ex: novos vírus como a COVID-19)
2021,Estado,Região Norte,Rondônia,RO,Cap XXII,0,U00–U99,Códigos para fins especiais (ex: novos vírus como a COVID-19)
2021,Estado,Região Norte,Acre,AC,Cap XXII,0,U00–U99,Códigos para fins especiais (ex: novos vírus como a COVID-19)
2021,Estado,Região Norte,Amazonas,AM,Cap XXII,0,U00–U99,Códigos para fins especiais (ex: novos vírus como a COVID-19)
2021,Estado,Região Norte,Roraima,RR,Cap XXII,0,U00–U99,Códigos para fins especiais (ex: novos vírus como a COVID-19)
2021,Estado,Região Norte,Pará,PA,Cap XXII,0,U00–U99,Códigos para fins especiais (ex: novos vírus como a COVID-19)
2021,Estado,Região Norte,Amapá,AP,Cap XXII,0,U00–U99,Códigos para fins especiais (ex: novos vírus como a COVID-19)
2021,Estado,Região Norte,Tocantins,TO,Cap XXII,0,U00–U99,Códigos para fins especiais (ex: novos vírus como a COVID-19)
2021,Regiao,Região Nordeste,,,Cap XXII,0,U00–U99,Códigos para fins especiais (ex: novos vírus como a COVID-19)
2021,Estado,Região Nordeste,Maranhão,MA,Cap XXII,0,U00–U99,Códigos para fins especiais (ex: novos vírus como a COVID-19)
2021,Estado,Região Nordeste,Piauí,PI,Cap XXII,0,U00–U99,Códigos para fins especiais (ex: novos vírus como a COVID-19)
2021,Estado,Região Nordeste,Ceará,CE,Cap XXII,0,U00–U99,Códigos para fins especiais (ex: novos vírus como a COVID-19)
2021,Estado,Região Nordeste,Rio Grande do Norte,RN,Cap XXII,0,U00–U99,Códigos para fins especiais (ex: novos vírus como a COVID-19)
2021,Estado,Região Nordeste,Paraíba,PB,Cap XXII,0,U00–U99,Códigos para fins especiais (ex: novos vírus como a COVID-19)
2021,Estado,Região Nordeste,Pernambuco,PE,Cap XXII,0,U00–U99,Códigos para fins especiais (ex: novos vírus como a COVID-19)
2021,Estado,Região Nordeste,Alagoas,AL,Cap XXII,0,U00–U99,Códigos para fins especiais (ex: novos vírus como a COVID-19)
2021,Estado,Região Nordeste,Sergipe,SE,Cap XXII,0,U00–U99,Códigos para fins especiais (ex: novos vírus como a COVID-19)
2021,Estado,Região Nordeste,Bahia,BA,Cap XXII,0,U00–U99,Códigos para fins especiais (ex: novos vírus como a COVID-19)
2021,Regiao,Região Sudeste,,,Cap XXII,0,U00–U99,Códigos para fins especiais (ex: novos vírus como a COVID-19)
2021,Estado,Região Sudeste,Minas Gerais,MG,Cap XXII,0,U00–U99,Códigos para fins especiais (ex: novos vírus como a COVID-19)
2021,Estado,Região Sudeste,Espírito Santo,ES,Cap XXII,0,U00–U99,Códigos para fins especiais (ex: novos vírus como a COVID-19)
2021,Estado,Região Sudeste,Rio de Janeiro,RJ,Cap XXII,0,U00–U99,Códigos para fins especiais (ex: novos vírus como a COVID-19)
2021,Estado,Região Sudeste,São Paulo,SP,Cap XXII,0,U00–U99,Códigos para fins especiais (ex: novos vírus como a COVID-19)
2021,Regiao,Região Sul,,,Cap XXII,0,U00–U99,Códigos para fins especiais (ex: novos vírus como a COVID-19)
2021,Estado,Região Sul,Paraná,PR,Cap XXII,0,U00–U99,Códigos para fins especiais (ex: novos vírus como a COVID-19)
2021,Estado,Região Sul,Santa Catarina,SC,Cap XXII,0,U00–U99,Códigos para fins especiais (ex: novos vírus como a COVID-19)
2021,Estado,Região Sul,Rio Grande do Sul,RS,Cap XXII,0,U00–U99,Códigos para fins especiais (ex: novos vírus como a COVID-19)
2021,Regiao,Região Centro-Oeste,,,Cap XXII,0,U00–U99,Códigos para fins especiais (ex: novos vírus como a COVID-19)
2021,Estado,Região Centro-Oeste,Mato Grosso do Sul,MS,Cap XXII,0,U00–U99,Códigos para fins especiais (ex: novos vírus como a COVID-19)
2021,Estado,Região Centro-Oeste,Mato Grosso,MT,Cap XXII,0,U00–U99,Códigos para fins especiais (ex: novos vírus como a COVID-19)
2021,Estado,Região Centro-Oeste,Goiás,GO,Cap XXII,0,U00–U99,Códigos para fins especiais (ex: novos vírus como a COVID-19)
2021,Estado,Região Centro-Oeste,Distrito Federal,DF,Cap XXII,0,U00–U99,Códigos para fins especiais (ex: novos vírus como a COVID-19)
2022,Regiao,Região Norte,,,Cap XXII,0,U00–U99,Códigos para fins especiais (ex: novos vírus como a COVID-19)
2022,Estado,Região Norte,Rondônia,RO,Cap XXII,0,U00–U99,Códigos para fins especiais (ex: novos vírus como a COVID-19)
2022,Estado,Região Norte,Acre,AC,Cap XXII,0,U00–U99,Códigos para fins especiais (ex: novos vírus como a COVID-19)
2022,Estado,Região Norte,Amazonas,AM,Cap XXII,0,U00–U99,Códigos para fins especiais (ex: novos vírus como a COVID-19)
2022,Estado,Região Norte,Roraima,RR,Cap XXII,0,U00–U99,Códigos para fins especiais (ex: novos vírus como a COVID-19)
2022,Estado,Região Norte,Pará,PA,Cap XXII,0,U00–U99,Códigos para fins especiais (ex: novos vírus como a COVID-19)
2022,Estado,Região Norte,Amapá,AP,Cap XXII,0,U00–U99,Códigos para fins especiais (ex: novos vírus como a COVID-19)
2022,Estado,Região Norte,Tocantins,TO,Cap XXII,0,U00–U99,Códigos para fins especiais (ex: novos vírus como a COVID-19)
2022,Regiao,Região Nordeste,,,Cap XXII,0,U00–U99,Códigos para fins especiais (ex: novos vírus como a COVID-19)
2022,Estado,Região Nordeste,Maranhão,MA,Cap XXII,0,U00–U99,Códigos para fins especiais (ex: novos vírus como a COVID-19)
2022,Estado,Região Nordeste,Piauí,PI,Cap XXII,0,U00–U99,Códigos para fins especiais (ex: novos vírus como a COVID-19)
2022,Estado,Região Nordeste,Ceará,CE,Cap XXII,0,U00–U99,Códigos para fins especiais (ex: novos vírus como a COVID-19)
2022,Estado,Região Nordeste,Rio Grande do Norte,RN,Cap XXII,0,U00–U99,Códigos para fins especiais (ex: novos vírus como a COVID-19)
2022,Estado,Região Nordeste,Paraíba,PB,Cap XXII,0,U00–U99,Códigos para fins especiais (ex: novos vírus como a COVID-19)
2022,Estado,Região Nordeste,Pernambuco,PE,Cap XXII,0,U00–U99,Códigos para fins especiais (ex: novos vírus como a COVID-19)
2022,Estado,Região Nordeste,Alagoas,AL,Cap XXII,0,U00–U99,Códigos para fins especiais (ex: novos vírus como a COVID-19)
2022,Estado,Região Nordeste,Sergipe,SE,Cap XXII,0,U00–U99,Códigos para fins especiais (ex: novos vírus como a COVID-19)
2022,Estado,Região Nordeste,Bahia,BA,Cap XXII,0,U00–U99,Códigos para fins especiais (ex: novos vírus como a COVID-19)
2022,Regiao,Região Sudeste,,,Cap XXII,0,U00–U99,Códigos para fins especiais (ex: novos vírus como a COVID-19)
2022,Estado,Região Sudeste,Minas Gerais,MG,Cap XXII,0,U00–U99,Códigos para fins especiais (ex: novos vírus como a COVID-19)
2022,Estado,Região Sudeste,Espírito Santo,ES,Cap XXII,0,U00–U99,Códigos para fins especiais (ex: novos vírus como a COVID-19)
2022,Estado,Região Sudeste,Rio de Janeiro,RJ,Cap XXII,0,U00–U99,Códigos para fins especiais (ex: novos vírus como a COVID-19)
2022,Estado,Região Sudeste,São Paulo,SP,Cap XXII,0,U00–U99,Códigos para fins especiais (ex: novos vírus como a COVID-19)
2022,Regiao,Região Sul,,,Cap XXII,0,U00–U99,Códigos para fins especiais (ex: novos vírus como a COVID-19)
2022,Estado,Região Sul,Paraná,PR,Cap XXII,0,U00–U99,Códigos para fins especiais (ex: novos vírus como a COVID-19)
2022,Estado,Região Sul,Santa Catarina,SC,Cap XXII,0,U00–U99,Códigos para fins especiais (ex: novos vírus como a COVID-19)
2022,Estado,Região Sul,Rio Grande do Sul,RS,Cap XXII,0,U00–U99,Códigos para fins especiais (ex: novos vírus como a COVID-19)
2022,Regiao,Região Centro-Oeste,,,Cap XXII,0,U00–U99,Códigos para fins especiais (ex: novos vírus como a COVID-19)
2022,Estado,Região Centro-Oeste,Mato Grosso do Sul,MS,Cap XXII,0,U00–U99,Códigos para fins especiais (ex: novos vírus como a COVID-19)
2022,Estado,Região Centro-Oeste,Mato Grosso,MT,Cap XXII,0,U00–U99,Códigos para fins especiais (ex: novos vírus como a COVID-19)
2022,Estado,Região Centro-Oeste,Goiás,GO,Cap XXII,0,U00–U99,Códigos para fins especiais (ex: novos vírus como a COVID-19)
2022,Estado,Região Centro-Oeste,Distrito Federal,DF,Cap XXII,0,U00–U99,Códigos para fins especiais (ex: novos vírus como a COVID-19)
2023,Regiao,Região Norte,,,Cap XXII,0,U00–U99,Códigos para fins especiais (ex: novos vírus como a COVID-19)
2023,Estado,Região Norte,Rondônia,RO,Cap XXII,0,U00–U99,Códigos para fins especiais (ex: novos vírus como a COVID-19)
2023,Estado,Região Norte,Acre,AC,Cap XXII,0,U00–U99,Códigos para fins especiais (ex: novos vírus como a COVID-19)
2023,Estado,Região Norte,Amazonas,AM,Cap XXII,0,U00–U99,Códigos para fins especiais (ex: novos vírus como a COVID-19)
2023,Estado,Região Norte,Roraima,RR,Cap XXII,0,U00–U99,Códigos para fins especiais (ex: novos vírus como a COVID-19)
2023,Estado,Região Norte,Pará,PA,Cap XXII,0,U00–U99,Códigos para fins especiais (ex: novos vírus como a COVID-19)
2023,Estado,Região Norte,Amapá,AP,Cap XXII,0,U00–U99,Códigos para fins especiais (ex: novos vírus como a COVID-19)
2023,Estado,Região Norte,Tocantins,TO,Cap XXII,0,U00–U99,Códigos para fins especiais (ex: novos vírus como a COVID-19)
2023,Regiao,Região Nordeste,,,Cap XXII,0,U00–U99,Códigos para fins especiais (ex: novos vírus como a COVID-19)
2023,Estado,Região Nordeste,Maranhão,MA,Cap XXII,0,U00–U99,Códigos para fins especiais (ex: novos vírus como a COVID-19)
2023,Estado,Região Nordeste,Piauí,PI,Cap XXII,0,U00–U99,Códigos para fins especiais (ex: novos vírus como a COVID-19)
2023,Estado,Região Nordeste,Ceará,CE,Cap XXII,0,U00–U99,Códigos para fins especiais (ex: novos vírus como a COVID-19)
2023,Estado,Região Nordeste,Rio Grande do Norte,RN,Cap XXII,0,U00–U99,Códigos para fins especiais (ex: novos vírus como a COVID-19)
2023,Estado,Região Nordeste,Paraíba,PB,Cap XXII,0,U00–U99,Códigos para fins especiais (ex: novos vírus como a COVID-19)
2023,Estado,Região Nordeste,Pernambuco,PE,Cap XXII,0,U00–U99,Códigos para fins especiais (ex: novos vírus como a COVID-19)
2023,Estado,Região Nordeste,Alagoas,AL,Cap XXII,0,U00–U99,Códigos para fins especiais (ex: novos vírus como a COVID-19)
2023,Estado,Região Nordeste,Sergipe,SE,Cap XXII,0,U00–U99,Códigos para fins especiais (ex: novos vírus como a COVID-19)
2023,Estado,Região Nordeste,Bahia,BA,Cap XXII,0,U00–U99,Códigos para fins especiais (ex: novos vírus como a COVID-19)
2023,Regiao,Região Sudeste,,,Cap XXII,0,U00–U99,Códigos para fins especiais (ex: novos vírus como a COVID-19)
2023,Estado,Região Sudeste,Minas Gerais,MG,Cap XXII,0,U00–U99,Códigos para fins especiais (ex: novos vírus como a COVID-19)
2023,Estado,Região Sudeste,Espírito Santo,ES,Cap XXII,0,U00–U99,Códigos para fins especiais (ex: novos vírus como a COVID-19)
2023,Estado,Região Sudeste,Rio de Janeiro,RJ,Cap XXII,0,U00–U99,Códigos para fins especiais (ex: novos vírus como a COVID-19)
2023,Estado,Região Sudeste,São Paulo,SP,Cap XXII,0,U00–U99,Códigos para fins especiais (ex: novos vírus como a COVID-19)
2023,Regiao,Região Sul,,,Cap XXII,0,U00–U99,Códigos para fins especiais (ex: novos vírus como a COVID-19)
2023,Estado,Região Sul,Paraná,PR,Cap XXII,0,U00–U99,Códigos para fins especiais (ex: novos vírus como a COVID-19)
2023,Estado,Região Sul,Santa Catarina,SC,Cap XXII,0,U00–U99,Códigos para fins especiais (ex: novos vírus como a COVID-19)
2023,Estado,Região Sul,Rio Grande do Sul,RS,Cap XXII,0,U00–U99,Códigos para fins especiais (ex: novos vírus como a COVID-19)
2023,Regiao,Região Centro-Oeste,,,Cap XXII,0,U00–U99,Códigos para fins especiais (ex: novos vírus como a COVID-19)
2023,Estado,Região Centro-Oeste,Mato Grosso do Sul,MS,Cap XXII,0,U00–U99,Códigos para fins especiais (ex: novos vírus como a COVID-19)
2023,Estado,Região Centro-Oeste,Mato Grosso,MT,Cap XXII,0,U00–U99,Códigos para fins especiais (ex: novos vírus como a COVID-19)
2023,Estado,Região Centro-Oeste,Goiás,GO,Cap XXII,0,U00–U99,Códigos para fins especiais (ex: novos vírus como a COVID-19)
2023,Estado,Região Centro-Oeste,Distrito Federal,DF,Cap XXII,0,U00–U99,Códigos para fins especiais (ex: novos vírus como a COVID-19)
2024,Regiao,Região Norte,,,Cap XXII,0,U00–U99,Códigos para fins especiais (ex: novos vírus como a COVID-19)
2024,Estado,Região Norte,Rondônia,RO,Cap XXII,0,U00–U99,Códigos para fins especiais (ex: novos vírus como a COVID-19)
2024,Estado,Região Norte,Acre,AC,Cap XXII,0,U00–U99,Códigos para fins especiais (ex: novos vírus como a COVID-19)
2024,Estado,Região Norte,Amazonas,AM,Cap XXII,0,U00–U99,Códigos para fins especiais (ex: novos vírus como a COVID-19)
2024,Estado,Região Norte,Roraima,RR,Cap XXII,0,U00–U99,Códigos para fins especiais (ex: novos vírus como a COVID-19)
2024,Estado,Região Norte,Pará,PA,Cap XXII,0,U00–U99,Códigos para fins especiais (ex: novos vírus como a COVID-19)
2024,Estado,Região Norte,Amapá,AP,Cap XXII,0,U00–U99,Códigos para fins especiais (ex: novos vírus como a COVID-19)
2024,Estado,Região Norte,Tocantins,TO,Cap XXII,0,U00–U99,Códigos para fins especiais (ex: novos vírus como a COVID-19)
2024,Regiao,Região Nordeste,,,Cap XXII,0,U00–U99,Códigos para fins especiais (ex: novos vírus como a COVID-19)
2024,Estado,Região Nordeste,Maranhão,MA,Cap XXII,0,U00–U99,Códigos para fins especiais (ex: novos vírus como a COVID-19)
2024,Estado,Região Nordeste,Piauí,PI,Cap XXII,0,U00–U99,Códigos para fins especiais (ex: novos vírus como a COVID-19)
2024,Estado,Região Nordeste,Ceará,CE,Cap XXII,0,U00–U99,Códigos para fins especiais (ex: novos vírus como a COVID-19)
2024,Estado,Região Nordeste,Rio Grande do Norte,RN,Cap XXII,0,U00–U99,Códigos para fins especiais (ex: novos vírus como a COVID-19)
2024,Estado,Região Nordeste,Paraíba,PB,Cap XXII,0,U00–U99,Códigos para fins especiais (ex: novos vírus como a COVID-19)
2024,Estado,Região Nordeste,Pernambuco,PE,Cap XXII,0,U00–U99,Códigos para fins especiais (ex: novos vírus como a COVID-19)
2024,Estado,Região Nordeste,Alagoas,AL,Cap XXII,0,U00–U99,Códigos para fins especiais (ex: novos vírus como a COVID-19)
2024,Estado,Região Nordeste,Sergipe,SE,Cap XXII,0,U00–U99,Códigos para fins especiais (ex: novos vírus como a COVID-19)
2024,Estado,Região Nordeste,Bahia,BA,Cap XXII,0,U00–U99,Códigos para fins especiais (ex: novos vírus como a COVID-19)
2024,Regiao,Região Sudeste,,,Cap XXII,0,U00–U99,Códigos para fins especiais (ex: novos vírus como a COVID-19)
2024,Estado,Região Sudeste,Minas Gerais,MG,Cap XXII,0,U00–U99,Códigos para fins especiais (ex: novos vírus como a COVID-19)
2024,Estado,Região Sudeste,Espírito Santo,ES,Cap XXII,0,U00–U99,Códigos para fins especiais (ex: novos vírus como a COVID-19)
2024,Estado,Região Sudeste,Rio de Janeiro,RJ,Cap XXII,0,U00–U99,Códigos para fins especiais (ex: novos vírus como a COVID-19)
2024,Estado,Região Sudeste,São Paulo,SP,Cap XXII,0,U00–U99,Códigos para fins especiais (ex: novos vírus como a COVID-19)
2024,Regiao,Região Sul,,,Cap XXII,0,U00–U99,Códigos para fins especiais (ex: novos vírus como a COVID-19)
2024,Estado,Região Sul,Paraná,PR,Cap XXII,0,U00–U99,Códigos para fins especiais (ex: novos vírus como a COVID-19)
2024,Estado,Região Sul,Santa Catarina,SC,Cap XXII,0,U00–U99,Códigos para fins especiais (ex: novos vírus como a COVID-19)
2024,Estado,Região Sul,Rio Grande do Sul,RS,Cap XXII,0,U00–U99,Códigos para fins especiais (ex: novos vírus como a COVID-19)
2024,Regiao,Região Centro-Oeste,,,Cap XXII,0,U00–U99,Códigos para fins especiais (ex: novos vírus como a COVID-19)
2024,Estado,Região Centro-Oeste,Mato Grosso do Sul,MS,Cap XXII,0,U00–U99,Códigos para fins especiais (ex: novos vírus como a COVID-19)
2024,Estado,Região Centro-Oeste,Mato Grosso,MT,Cap XXII,0,U00–U99,Códigos para fins especiais (ex: novos vírus como a COVID-19)
2024,Estado,Região Centro-Oeste,Goiás,GO,Cap XXII,0,U00–U99,Códigos para fins especiais (ex: novos vírus como a COVID-19)
2024,Estado,Região Centro-Oeste,Distrito Federal,DF,Cap XXII,0,U00–U99,Códigos para fins especiais (ex: novos vírus como a COVID-19)
2025,Regiao,Região Norte,,,Cap XXII,0,U00–U99,Códigos para fins especiais (ex: novos vírus como a COVID-19)
2025,Estado,Região Norte,Rondônia,RO,Cap XXII,0,U00–U99,Códigos para fins especiais (ex: novos vírus como a COVID-19)
2025,Estado,Região Norte,Acre,AC,Cap XXII,0,U00–U99,Códigos para fins especiais (ex: novos vírus como a COVID-19)
2025,Estado,Região Norte,Amazonas,AM,Cap XXII,0,U00–U99,Códigos para fins especiais (ex: novos vírus como a COVID-19)
2025,Estado,Região Norte,Roraima,RR,Cap XXII,0,U00–U99,Códigos para fins especiais (ex: novos vírus como a COVID-19)
2025,Estado,Região Norte,Pará,PA,Cap XXII,0,U00–U99,Códigos para fins especiais (ex: novos vírus como a COVID-19)
2025,Estado,Região Norte,Amapá,AP,Cap XXII,0,U00–U99,Códigos para fins especiais (ex: novos vírus como a COVID-19)
2025,Estado,Região Norte,Tocantins,TO,Cap XXII,0,U00–U99,Códigos para fins especiais (ex: novos vírus como a COVID-19)
2025,Regiao,Região Nordeste,,,Cap XXII,0,U00–U99,Códigos para fins especiais (ex: novos vírus como a COVID-19)
2025,Estado,Região Nordeste,Maranhão,MA,Cap XXII,0,U00–U99,Códigos para fins especiais (ex: novos vírus como a COVID-19)
2025,Estado,Região Nordeste,Piauí,PI,Cap XXII,0,U00–U99,Códigos para fins especiais (ex: novos vírus como a COVID-19)
2025,Estado,Região Nordeste,Ceará,CE,Cap XXII,0,U00–U99,Códigos para fins especiais (ex: novos vírus como a COVID-19)
2025,Estado,Região Nordeste,Rio Grande do Norte,RN,Cap XXII,0,U00–U99,Códigos para fins especiais (ex: novos vírus como a COVID-19)
2025,Estado,Região Nordeste,Paraíba,PB,Cap XXII,0,U00–U99,Códigos para fins especiais (ex: novos vírus como a COVID-19)
2025,Estado,Região Nordeste,Pernambuco,PE,Cap XXII,0,U00–U99,Códigos para fins especiais (ex: novos vírus como a COVID-19)
2025,Estado,Região Nordeste,Alagoas,AL,Cap XXII,0,U00–U99,Códigos para fins especiais (ex: novos vírus como a COVID-19)
2025,Estado,Região Nordeste,Sergipe,SE,Cap XXII,0,U00–U99,Códigos para fins especiais (ex: novos vírus como a COVID-19)
2025,Estado,Região Nordeste,Bahia,BA,Cap XXII,0,U00–U99,Códigos para fins especiais (ex: novos vírus como a COVID-19)
2025,Regiao,Região Sudeste,,,Cap XXII,0,U00–U99,Códigos para fins especiais (ex: novos vírus como a COVID-19)
2025,Estado,Região Sudeste,Minas Gerais,MG,Cap XXII,0,U00–U99,Códigos para fins especiais (ex: novos vírus como a COVID-19)
2025,Estado,Região Sudeste,Espírito Santo,ES,Cap XXII,0,U00–U99,Códigos para fins especiais (ex: novos vírus como a COVID-19)
2025,Estado,Região Sudeste,Rio de Janeiro,RJ,Cap XXII,0,U00–U99,Códigos para fins especiais (ex: novos vírus como a COVID-19)
2025,Estado,Região Sudeste,São Paulo,SP,Cap XXII,0,U00–U99,Códigos para fins especiais (ex: novos vírus como a COVID-19)
2025,Regiao,Região Sul,,,Cap XXII,0,U00–U99,Códigos para fins especiais (ex: novos vírus como a COVID-19)
2025,Estado,Região Sul,Paraná,PR,Cap XXII,0,U00–U99,Códigos para fins especiais (ex: novos vírus como a COVID-19)
2025,Estado,Região Sul,Santa Catarina,SC,Cap XXII,0,U00–U99,Códigos para fins especiais (ex: novos vírus como a COVID-19)
2025,Estado,Região Sul,Rio Grande do Sul,RS,Cap XXII,0,U00–U99,Códigos para fins especiais (ex: novos vírus como a COVID-19)
2025,Regiao,Região Centro-Oeste,,,Cap XXII,0,U00–U99,Códigos para fins especiais (ex: novos vírus como a COVID-19)
2025,Estado,Região Centro-Oeste,Mato Grosso do Sul,MS,Cap XXII,0,U00–U99,Códigos para fins especiais (ex: novos vírus como a COVID-19)
2025,Estado,Região Centro-Oeste,Mato Grosso,MT,Cap XXII,0,U00–U99,Códigos para fins especiais (ex: novos vírus como a COVID-19)
2025,Estado,Região Centro-Oeste,Goiás,GO,Cap XXII,0,U00–U99,Códigos para fins especiais (ex: novos vírus como a COVID-19)
2025,Estado,Região Centro-Oeste,Distrito Federal,DF,Cap XXII,0,U00–U99,Códigos para fins especiais (ex: novos vírus como a COVID-19)
2026,Regiao,Região Norte,,,Cap XXII,1,U00–U99,Códigos para fins especiais (ex: novos vírus como a COVID-19)
2026,Estado,Região Norte,Rondônia,RO,Cap XXII,0,U00–U99,Códigos para fins especiais (ex: novos vírus como a COVID-19)
2026,Estado,Região Norte,Acre,AC,Cap XXII,0,U00–U99,Códigos para fins especiais (ex: novos vírus como a COVID-19)
2026,Estado,Região Norte,Amazonas,AM,Cap XXII,1,U00–U99,Códigos para fins especiais (ex: novos vírus como a COVID-19)
2026,Estado,Região Norte,Roraima,RR,Cap XXII,0,U00–U99,Códigos para fins especiais (ex: novos vírus como a COVID-19)
2026,Estado,Região Norte,Pará,PA,Cap XXII,0,U00–U99,Códigos para fins especiais (ex: novos vírus como a COVID-19)
2026,Estado,Região Norte,Amapá,AP,Cap XXII,0,U00–U99,Códigos para fins especiais (ex: novos vírus como a COVID-19)
2026,Estado,Região Norte,Tocantins,TO,Cap XXII,0,U00–U99,Códigos para fins especiais (ex: novos vírus como a COVID-19)
2026,Regiao,Região Nordeste,,,Cap XXII,1,U00–U99,Códigos para fins especiais (ex: novos vírus como a COVID-19)
2026,Estado,Região Nordeste,Maranhão,MA,Cap XXII,0,U00–U99,Códigos para fins especiais (ex: novos vírus como a COVID-19)
2026,Estado,Região Nordeste,Piauí,PI,Cap XXII,0,U00–U99,Códigos para fins especiais (ex: novos vírus como a COVID-19)
2026,Estado,Região Nordeste,Ceará,CE,Cap XXII,0,U00–U99,Códigos para fins especiais (ex: novos vírus como a COVID-19)
2026,Estado,Região Nordeste,Rio Grande do Norte,RN,Cap XXII,0,U00–U99,Códigos para fins especiais (ex: novos vírus como a COVID-19)
2026,Estado,Região Nordeste,Paraíba,PB,Cap XXII,0,U00–U99,Códigos para fins especiais (ex: novos vírus como a COVID-19)
2026,Estado,Região Nordeste,Pernambuco,PE,Cap XXII,0,U00–U99,Códigos para fins especiais (ex: novos vírus como a COVID-19)
2026,Estado,Região Nordeste,Alagoas,AL,Cap XXII,0,U00–U99,Códigos para fins especiais (ex: novos vírus como a COVID-19)
2026,Estado,Região Nordeste,Sergipe,SE,Cap XXII,1,U00–U99,Códigos para fins especiais (ex: novos vírus como a COVID-19)
2026,Estado,Região Nordeste,Bahia,BA,Cap XXII,0,U00–U99,Códigos para fins especiais (ex: novos vírus como a COVID-19)
2026,Regiao,Região Sudeste,,,Cap XXII,1,U00–U99,Códigos para fins especiais (ex: novos vírus como a COVID-19)
2026,Estado,Região Sudeste,Minas Gerais,MG,Cap XXII,1,U00–U99,Códigos para fins especiais (ex: novos vírus como a COVID-19)
2026,Estado,Região Sudeste,Espírito Santo,ES,Cap XXII,0,U00–U99,Códigos para fins especiais (ex: novos vírus como a COVID-19)
2026,Estado,Região Sudeste,Rio de Janeiro,RJ,Cap XXII,0,U00–U99,Códigos para fins especiais (ex: novos vírus como a COVID-19)
2026,Estado,Região Sudeste,São Paulo,SP,Cap XXII,0,U00–U99,Códigos para fins especiais (ex: novos vírus como a COVID-19)
2026,Regiao,Região Sul,,,Cap XXII,0,U00–U99,Códigos para fins especiais (ex: novos vírus como a COVID-19)
2026,Estado,Região Sul,Paraná,PR,Cap XXII,0,U00–U99,Códigos para fins especiais (ex: novos vírus como a COVID-19)
2026,Estado,Região Sul,Santa Catarina,SC,Cap XXII,0,U00–U99,Códigos para fins especiais (ex: novos vírus como a COVID-19)
2026,Estado,Região Sul,Rio Grande do Sul,RS,Cap XXII,0,U00–U99,Códigos para fins especiais (ex: novos vírus como a COVID-19)
2026,Regiao,Região Centro-Oeste,,,Cap XXII,0,U00–U99,Códigos para fins especiais (ex: novos vírus como a COVID-19)
2026,Estado,Região Centro-Oeste,Mato Grosso do Sul,MS,Cap XXII,0,U00–U99,Códigos para fins especiais (ex: novos vírus como a COVID-19)
2026,Estado,Região Centro-Oeste,Mato Grosso,MT,Cap XXII,0,U00–U99,Códigos para fins especiais (ex: novos vírus como a COVID-19)
2026,Estado,Região Centro-Oeste,Goiás,GO,Cap XXII,0,U00–U99,Códigos para fins especiais (ex: novos vírus como a COVID-19)
2026,Estado,Região Centro-Oeste,Distrito Federal,DF,Cap XXII,0,U00–U99,Códigos para fins especiais (ex: novos vírus como a COVID-19)
